datetime,site_no,62615_Mean,62615_Mean_cd
2019-09-14,01414750,1260.13,A
2019-09-15,01414750,1259.84,A
2019-09-16,01414750,1259.55,A
2019-09-17,01414750,1259.27,A
2019-09-18,01414750,1258.97,A
2019-09-19,01414750,1258.67,A
2019-09-20,01414750,1258.37,A
2019-09-21,01414750,1258.07,A
2019-09-22,01414750,1257.77,A
2019-09-23,01414750,1257.48,A
2019-09-24,01414750,1257.21,A
2019-09-25,01414750,1256.91,A
2019-09-26,01414750,1256.63,A
2019-09-27,01414750,1256.34,A
2019-09-28,01414750,1256.05,A
2019-09-29,01414750,1255.75,A
2019-09-30,01414750,1255.45,A
2019-10-01,01414750,1255.17,A
2019-10-02,01414750,1254.9,A
2019-10-03,01414750,1254.65,A
2019-10-04,01414750,1254.41,A
2019-10-05,01414750,1254.14,A
2019-10-06,01414750,1253.86,A
2019-10-07,01414750,1253.65,A
2019-10-08,01414750,1253.56,A
2019-10-09,01414750,1253.31,A
2019-10-10,01414750,1253.08,A
2019-10-11,01414750,1252.83,A
2019-10-12,01414750,1252.57,A
2019-10-13,01414750,1252.31,A
2019-10-14,01414750,1252.05,A
2019-10-15,01414750,1251.77,A
2019-10-16,01414750,1251.55,A
2019-10-17,01414750,1252.55,A
2019-10-18,01414750,1253.54,A
2019-10-19,01414750,1253.9,A
2019-10-20,01414750,1254.04,A
2019-10-21,01414750,1254.1,A
2019-10-22,01414750,1254.1,A
2019-10-23,01414750,1254.19,A
2019-10-24,01414750,1254.23,A
2019-10-25,01414750,1254.21,A
2019-10-26,01414750,1254.18,A
2019-10-27,01414750,1254.23,A
2019-10-28,01414750,1254.47,A
2019-10-29,01414750,1254.7,A
2019-10-30,01414750,1254.98,A
2019-10-31,01414750,1255.35,A
2019-11-01,01414750,1256.94,A
2019-11-02,01414750,1258.21,A
2019-11-03,01414750,1258.99,A
2019-11-04,01414750,1259.56,A
2019-11-05,01414750,1260.01,A
2019-11-06,01414750,1260.37,A
2019-11-07,01414750,1260.63,A
2019-11-08,01414750,1260.72,A
2019-11-09,01414750,1260.71,A
2019-11-10,01414750,1260.66,A
2019-11-14,01414750,1260.28,A
2019-11-15,01414750,1260.14,A
2019-11-16,01414750,1260.01,A
2019-11-17,01414750,1259.87,A
2019-11-18,01414750,1259.75,A
2019-11-24,01414750,1259.98,A
2019-11-25,01414750,1260.21,A
2019-11-26,01414750,1260.43,A
2019-11-27,01414750,1260.66,A
2019-11-28,01414750,1260.95,A
2019-11-29,01414750,1261.24,A
2019-11-30,01414750,1261.48,A
2019-12-01,01414750,1261.69,A
2019-12-02,01414750,1261.96,A
2019-12-03,01414750,1262.19,A
2019-12-07,01414750,1262.64,A
2019-12-08,01414750,1262.67,A
2019-12-09,01414750,1262.77,A
2019-12-10,01414750,1263.62,A
2019-12-11,01414750,1264.98,A
2019-12-12,01414750,1265.81,A
2019-12-13,01414750,1266.35,A
2019-12-14,01414750,1266.9,A
2019-12-15,01414750,1267.6,A
2019-12-16,01414750,1268.04,A
2019-12-19,01414750,1268.8,A
2019-12-20,01414750,1268.98,A
2019-12-21,01414750,1269.01,A
2019-12-22,01414750,1269.03,A
2019-12-23,01414750,1269.03,A
2019-12-24,01414750,1269.02,A
2019-12-25,01414750,1268.98,A
2019-12-26,01414750,1268.92,A
2019-12-27,01414750,1268.86,A
2019-12-28,01414750,1268.87,A
2019-12-29,01414750,1268.9,A
2019-12-30,01414750,1269.07,A
2019-12-31,01414750,1269.36,A
2020-01-04,01414750,1270.17,A
2020-01-05,01414750,1270.44,A
2020-01-06,01414750,1270.67,A
2020-01-07,01414750,1270.86,A
2020-01-08,01414750,1271.05,A
2020-01-09,01414750,1271.18,A
2020-01-10,01414750,1271.29,A
2020-01-11,01414750,1271.35,A
2020-01-12,01414750,1271.57,A
2020-01-13,01414750,1271.86,A
2020-01-14,01414750,1272.06,A
2020-01-15,01414750,1272.23,A
2020-01-16,01414750,1272.39,A
2020-01-17,01414750,1272.49,A
2020-01-18,01414750,1272.49,A
2020-01-19,01414750,1272.53,A
2020-01-20,01414750,1272.51,A
2020-01-21,01414750,1272.44,A
2020-01-22,01414750,1272.31,A
2020-01-23,01414750,1272.18,A
2020-01-24,01414750,1272.05,A
2020-01-25,01414750,1271.95,A
2020-01-26,01414750,1272.06,A
2020-01-27,01414750,1272.08,A
2020-01-28,01414750,1272.04,A
2020-01-29,01414750,1271.96,A
2020-01-30,01414750,1271.85,A
2020-01-31,01414750,1271.75,A
2020-02-01,01414750,1271.69,A
2020-02-02,01414750,1271.64,A
2020-02-04,01414750,1271.49,A
2020-02-05,01414750,1271.42,A
2020-02-06,01414750,1271.37,A
2020-02-08,01414750,1272.27,A
2020-02-09,01414750,1272.53,A
2020-02-10,01414750,1272.69,A
2020-02-11,01414750,1272.78,A
2020-02-12,01414750,1272.98,A
2020-02-13,01414750,1273.17,A
2020-02-14,01414750,1273.26,A
2020-02-15,01414750,1273.27,A
2020-02-16,01414750,1273.31,A
2020-02-17,01414750,1273.33,A
2020-02-18,01414750,1273.27,A
2020-02-19,01414750,1273.24,A
2020-02-22,01414750,1272.87,A
2020-02-23,01414750,1272.74,A
2020-02-24,01414750,1272.62,A
2020-02-25,01414750,1272.51,A
2020-02-26,01414750,1272.44,A
2020-02-27,01414750,1272.55,A
2020-02-28,01414750,1272.72,A
2020-02-29,01414750,1272.79,A
2020-03-02,01414750,1272.81,A
2020-03-03,01414750,1272.86,A
2020-03-04,01414750,1273.0,A
2020-03-05,01414750,1273.14,A
2020-03-06,01414750,1273.26,A
2020-03-07,01414750,1273.37,A
2020-03-08,01414750,1273.45,A
2020-03-09,01414750,1273.51,A
2020-03-10,01414750,1273.69,A
2020-03-11,01414750,1273.94,A
2020-03-12,01414750,1274.17,A
2020-03-13,01414750,1274.45,A
2020-03-14,01414750,1274.75,A
2020-03-15,01414750,1275.0,A
2020-03-16,01414750,1275.22,A
2020-03-17,01414750,1275.41,A
2020-03-18,01414750,1275.56,A
2020-03-19,01414750,1275.77,A
2020-03-20,01414750,1276.01,A
2020-03-21,01414750,1276.22,A
2020-03-22,01414750,1276.34,A
2020-03-23,01414750,1276.47,A
2020-03-24,01414750,1276.6,A
2020-03-25,01414750,1276.66,A
2020-03-26,01414750,1276.69,A
2020-03-27,01414750,1276.71,A
2020-03-28,01414750,1276.72,A
2020-03-29,01414750,1276.86,A
2020-03-30,01414750,1277.07,A
2020-03-31,01414750,1277.37,A
2020-04-01,01414750,1277.65,A
2020-04-02,01414750,1277.87,A
2020-04-03,01414750,1278.06,A
2020-04-04,01414750,1278.22,A
2020-04-05,01414750,1278.33,A
2020-04-06,01414750,1278.39,A
2020-04-07,01414750,1278.41,A
2020-04-08,01414750,1278.39,A
2020-04-09,01414750,1278.3,A
2020-04-10,01414750,1278.26,A
2020-04-11,01414750,1278.19,A
2020-04-12,01414750,1278.12,A
2020-04-13,01414750,1278.4,A
2020-04-14,01414750,1279.29,A
2020-04-15,01414750,1279.36,A
2020-04-16,01414750,1279.24,A
2020-04-17,01414750,1279.08,A
2020-04-18,01414750,1279.0,A
2020-04-19,01414750,1278.89,A
2020-04-20,01414750,1278.79,A
2020-04-21,01414750,1278.69,A
2020-04-22,01414750,1278.6,A
2020-04-23,01414750,1278.45,A
2020-04-24,01414750,1278.31,A
2020-04-25,01414750,1278.16,A
2020-04-26,01414750,1278.05,A
2020-04-27,01414750,1278.37,A
2020-04-28,01414750,1278.64,A
2020-04-29,01414750,1278.85,A
2020-04-30,01414750,1279.1,A
2020-05-01,01414750,1279.8,A
2020-05-02,01414750,1280.01,A
2020-05-03,01414750,1279.78,A
2020-05-04,01414750,1279.53,A
2020-05-05,01414750,1279.26,A
2020-05-06,01414750,1279.06,A
2020-05-07,01414750,1278.92,A
2020-05-08,01414750,1278.83,A
2020-05-09,01414750,1278.81,A
2020-05-10,01414750,1278.77,A
2020-05-11,01414750,1278.72,A
2020-05-12,01414750,1278.66,A
2020-05-13,01414750,1278.54,A
2020-05-14,01414750,1278.41,A
2020-05-15,01414750,1278.38,A
2020-05-16,01414750,1278.55,A
2020-05-17,01414750,1278.5,A
2020-05-18,01414750,1278.42,A
2020-05-19,01414750,1278.31,A
2020-05-20,01414750,1278.21,A
2020-05-21,01414750,1278.11,A
2020-05-22,01414750,1278.04,A
2020-05-23,01414750,1278.02,A
2020-05-24,01414750,1277.95,A
2020-05-25,01414750,1277.85,A
2020-05-26,01414750,1277.77,A
2020-05-27,01414750,1277.77,A
2020-05-28,01414750,1277.77,A
2020-05-29,01414750,1277.88,A
2020-05-30,01414750,1278.02,A
2020-05-31,01414750,1277.97,A
2020-06-01,01414750,1277.91,A
2020-06-02,01414750,1277.87,A
2020-06-03,01414750,1277.83,A
2020-06-04,01414750,1277.79,A
2020-06-05,01414750,1277.65,A
2020-06-06,01414750,1277.5,A
2020-06-07,01414750,1277.35,A
2020-06-08,01414750,1277.21,A
2020-06-09,01414750,1277.1,A
2020-06-10,01414750,1276.98,A
2020-06-11,01414750,1277.06,A
2020-06-12,01414750,1277.11,A
2020-06-13,01414750,1276.97,A
2020-06-14,01414750,1276.79,A
2020-06-15,01414750,1276.59,A
2020-06-16,01414750,1276.44,A
2020-06-17,01414750,1276.32,A
2020-06-18,01414750,1276.18,A
2020-06-19,01414750,1276.05,A
2020-06-20,01414750,1275.91,A
2020-06-21,01414750,1275.77,A
2020-06-22,01414750,1275.6,A
2020-06-23,01414750,1275.39,A
2020-06-24,01414750,1275.18,A
2020-06-25,01414750,1274.96,A
2020-06-26,01414750,1274.72,A
2020-06-27,01414750,1274.54,A
2020-06-28,01414750,1274.4,A
2020-06-29,01414750,1274.22,A
2020-06-30,01414750,1274.18,A
2020-07-01,01414750,1274.05,A
2020-07-02,01414750,1273.85,A
2020-07-03,01414750,1273.63,A
2020-07-04,01414750,1273.46,A
2020-07-05,01414750,1273.29,A
2020-07-06,01414750,1273.1,A
2020-07-07,01414750,1272.85,A
2020-07-08,01414750,1272.6,A
2020-07-09,01414750,1272.42,A
2020-07-10,01414750,1272.23,A
2020-07-11,01414750,1272.22,A
2020-07-12,01414750,1272.16,A
2020-07-13,01414750,1272.01,A
2020-07-14,01414750,1271.8,A
2020-07-15,01414750,1271.58,A
2020-07-16,01414750,1271.35,A
2020-07-17,01414750,1271.12,A
2020-07-18,01414750,1270.89,A
2020-07-19,01414750,1270.64,A
2020-07-20,01414750,1270.42,A
2020-07-21,01414750,1270.16,A
2020-07-22,01414750,1269.91,A
2020-07-23,01414750,1269.67,A
2020-07-24,01414750,1269.4,A
2020-07-25,01414750,1269.13,A
2020-07-26,01414750,1268.85,A
2020-07-27,01414750,1268.57,A
2020-07-28,01414750,1268.31,A
2020-07-29,01414750,1268.02,A
2020-07-30,01414750,1267.78,A
2020-07-31,01414750,1267.53,A
2020-08-01,01414750,1267.29,A
2020-08-02,01414750,1267.1,A
2020-08-03,01414750,1266.9,A
2020-08-04,01414750,1267.12,A
2020-08-05,01414750,1268.21,A
2020-08-06,01414750,1268.34,A
2020-08-07,01414750,1268.43,A
2020-08-08,01414750,1268.53,A
2020-08-09,01414750,1268.48,A
2020-08-10,01414750,1268.37,A
2020-08-11,01414750,1268.22,A
2020-08-12,01414750,1268.29,A
2020-08-13,01414750,1268.22,A
2020-08-14,01414750,1268.07,A
2020-08-15,01414750,1267.91,A
2020-08-16,01414750,1267.73,A
2020-08-17,01414750,1267.54,A
2020-08-18,01414750,1267.35,A
2020-08-19,01414750,1267.14,A
2020-08-20,01414750,1266.92,A
2020-08-21,01414750,1266.69,A
2020-08-22,01414750,1266.46,A
2020-08-23,01414750,1266.23,A
2020-08-24,01414750,1265.99,A
2020-08-25,01414750,1265.74,A
2020-08-26,01414750,1265.47,A
2020-08-27,01414750,1265.24,A
2020-08-28,01414750,1265.1,A
2020-08-29,01414750,1264.96,A
2020-08-30,01414750,1264.94,A
2020-08-31,01414750,1264.79,A
2020-09-01,01414750,1264.62,A
2020-09-02,01414750,1264.48,A
2020-09-03,01414750,1264.41,A
2020-09-04,01414750,1264.29,A
2020-09-05,01414750,1264.16,A
2020-09-06,01414750,1264.03,A
2020-09-07,01414750,1263.89,A
2020-09-08,01414750,1263.73,A
2020-09-09,01414750,1263.58,A
2020-09-10,01414750,1263.44,A
2020-09-11,01414750,1263.3,A
2020-09-12,01414750,1263.14,A
2020-09-13,01414750,1262.97,A
2020-09-14,01414750,1262.79,A
2020-09-15,01414750,1262.6,A
2020-09-16,01414750,1262.42,A
2020-09-17,01414750,1262.23,A
2020-09-18,01414750,1262.02,A
2020-09-19,01414750,1261.79,A
2020-09-20,01414750,1261.56,A
2020-09-21,01414750,1261.33,A
2020-09-22,01414750,1261.1,A
2020-09-23,01414750,1260.88,A
2020-09-24,01414750,1260.65,A
2020-09-25,01414750,1260.43,A
2020-09-26,01414750,1260.21,A
2020-09-27,01414750,1259.99,A
2020-09-28,01414750,1259.78,A
2020-09-29,01414750,1259.58,A
2020-09-30,01414750,1259.88,A
2020-10-01,01414750,1259.98,A
2020-10-02,01414750,1259.89,A
2020-10-03,01414750,1259.78,A
2020-10-04,01414750,1259.63,A
2020-10-05,01414750,1259.4,A
2020-10-06,01414750,1259.13,A
2020-10-07,01414750,1258.85,A
2020-10-08,01414750,1258.63,A
2020-10-09,01414750,1258.46,A
2020-10-10,01414750,1258.28,A
2020-10-11,01414750,1258.1,A
2020-10-12,01414750,1257.92,A
2020-10-13,01414750,1257.73,A
2020-10-14,01414750,1257.55,A
2020-10-15,01414750,1257.36,A
2020-10-16,01414750,1257.18,A
2020-10-17,01414750,1256.99,A
2020-10-18,01414750,1256.79,A
2020-10-19,01414750,1256.6,A
2020-10-20,01414750,1256.42,A
2020-10-21,01414750,1256.23,A
2020-10-22,01414750,1256.03,A
2020-10-23,01414750,1255.84,A
2020-10-24,01414750,1255.64,A
2020-10-25,01414750,1255.43,A
2020-10-26,01414750,1255.23,A
2020-10-27,01414750,1255.03,A
2020-10-28,01414750,1254.87,A
2020-10-29,01414750,1254.77,A
2020-10-30,01414750,1254.94,A
2020-10-31,01414750,1255.05,A
2020-11-01,01414750,1255.1,A
2020-11-02,01414750,1255.21,A
2020-11-03,01414750,1255.28,A
2020-11-04,01414750,1255.33,A
2020-11-05,01414750,1255.36,A
2020-11-06,01414750,1255.36,A
2020-11-07,01414750,1255.35,A
2020-11-08,01414750,1255.31,A
2020-11-09,01414750,1255.26,A
2020-11-10,01414750,1255.2,A
2020-11-11,01414750,1255.16,A
2020-11-12,01414750,1255.18,A
2020-11-13,01414750,1255.15,A
2020-11-14,01414750,1255.1,A
2020-11-15,01414750,1255.04,A
2020-11-16,01414750,1255.1,A
2020-11-17,01414750,1255.13,A
2020-11-18,01414750,1255.14,A
2020-11-19,01414750,1255.12,A
2020-11-20,01414750,1255.1,A
2020-11-21,01414750,1255.15,A
2020-11-22,01414750,1255.2,A
2020-11-23,01414750,1255.35,A
2020-11-24,01414750,1255.55,A
2020-11-25,01414750,1255.69,A
2020-11-26,01414750,1255.91,A
2020-11-27,01414750,1256.16,A
2020-11-28,01414750,1256.29,A
2020-11-29,01414750,1256.39,A
2020-11-30,01414750,1256.56,A
2020-12-01,01414750,1257.41,A
2020-12-02,01414750,1258.16,A
2020-12-03,01414750,1258.74,A
2020-12-04,01414750,1259.22,A
2020-12-05,01414750,1259.5,A
2020-12-06,01414750,1259.7,A
2020-12-07,01414750,1259.82,A
2020-12-08,01414750,1259.91,A
2020-12-09,01414750,1259.98,A
2020-12-10,01414750,1260.01,A
2020-12-11,01414750,1259.98,A
2020-12-12,01414750,1259.93,A
2020-12-13,01414750,1259.88,A
2020-12-14,01414750,1259.84,A
2020-12-15,01414750,1259.96,A
2020-12-16,01414750,1260.07,A
2020-12-17,01414750,1260.12,A
2020-12-18,01414750,1260.09,A
2020-12-19,01414750,1260.02,A
2020-12-20,01414750,1259.98,A
2020-12-21,01414750,1259.94,A
2020-12-22,01414750,1259.89,A
2020-12-23,01414750,1259.83,A
2020-12-24,01414750,1259.98,A
2020-12-25,01414750,1263.95,A
2020-12-26,01414750,1267.92,A
2020-12-27,01414750,1269.4,A
2020-12-28,01414750,1270.24,A
2020-12-29,01414750,1270.71,A
2020-12-30,01414750,1270.96,A
2020-12-31,01414750,1271.22,A
2021-01-01,01414750,1271.33,A
2021-01-02,01414750,1271.48,A
2021-01-03,01414750,1271.66,A
2021-01-04,01414750,1271.77,A
2021-01-05,01414750,1271.8,A
2021-01-06,01414750,1271.79,A
2021-01-07,01414750,1271.74,A
2021-01-08,01414750,1271.66,A
2021-01-09,01414750,1271.54,A
2021-01-10,01414750,1271.41,A
2021-01-11,01414750,1271.25,A
2021-01-12,01414750,1271.11,A
2021-01-13,01414750,1270.95,A
2021-01-14,01414750,1270.77,A
2021-01-15,01414750,1270.6,A
2021-01-16,01414750,1270.45,A
2021-01-17,01414750,1270.3,A
2021-01-18,01414750,1270.11,A
2021-01-19,01414750,1269.91,A
2021-01-20,01414750,1269.7,A
2021-01-21,01414750,1269.47,A
2021-01-22,01414750,1269.26,A
2021-01-23,01414750,1269.02,A
2021-01-24,01414750,1268.76,A
2021-01-25,01414750,1268.5,A
2021-01-26,01414750,1268.26,A
2021-01-27,01414750,1268.03,A
2021-01-28,01414750,1267.76,A
2021-01-29,01414750,1267.48,A
2021-01-30,01414750,1267.2,A
2021-01-31,01414750,1266.92,A
2021-02-01,01414750,1266.67,A
2021-02-02,01414750,1266.49,A
2021-02-03,01414750,1266.3,A
2021-02-04,01414750,1266.1,A
2021-02-05,01414750,1265.9,A
2021-02-06,01414750,1265.75,A
2021-02-07,01414750,1265.62,A
2021-02-08,01414750,1265.46,A
2021-02-09,01414750,1265.27,A
2021-02-10,01414750,1265.06,A
2021-02-11,01414750,1264.85,A
2021-02-12,01414750,1264.62,A
2021-02-13,01414750,1264.46,A
2021-02-14,01414750,1264.33,A
2021-02-15,01414750,1264.19,A
2021-02-16,01414750,1264.16,A
2021-02-17,01414750,1264.17,A
2021-02-18,01414750,1264.15,A
2021-02-19,01414750,1264.14,A
2021-02-20,01414750,1264.09,A
2021-02-21,01414750,1264.03,A
2021-02-22,01414750,1263.97,A
2021-02-23,01414750,1263.93,A
2021-02-24,01414750,1263.87,A
2021-02-25,01414750,1263.83,A
2021-02-26,01414750,1263.82,A
2021-02-27,01414750,1263.88,A
2021-02-28,01414750,1264.01,A
2021-03-01,01414750,1264.19,A
2021-03-02,01414750,1264.4,A
2021-03-03,01414750,1264.6,A
2021-03-04,01414750,1264.8,A
2021-03-05,01414750,1264.96,A
2021-03-06,01414750,1265.13,A
2021-03-07,01414750,1265.27,A
2021-03-08,01414750,1265.4,A
2021-03-09,01414750,1265.56,A
2021-03-10,01414750,1265.73,A
2021-03-11,01414750,1266.02,A
2021-03-12,01414750,1266.8,A
2021-03-13,01414750,1267.79,A
2021-03-14,01414750,1268.47,A
2021-03-15,01414750,1268.87,A
2021-03-16,01414750,1269.1,A
2021-03-17,01414750,1269.25,A
2021-03-18,01414750,1269.45,A
2021-03-19,01414750,1269.98,A
2021-03-20,01414750,1270.31,A
2021-03-21,01414750,1270.58,A
2021-03-22,01414750,1270.85,A
2021-03-23,01414750,1271.12,A
2021-03-24,01414750,1271.45,A
2021-03-25,01414750,1272.15,A
2021-03-26,01414750,1273.17,A
2021-03-27,01414750,1274.09,A
2021-03-28,01414750,1274.79,A
2021-03-29,01414750,1275.56,A
2021-03-30,01414750,1276.12,A
2021-03-31,01414750,1276.58,A
2021-04-01,01414750,1277.06,A
2021-04-02,01414750,1277.39,A
2021-04-03,01414750,1277.59,A
2021-04-04,01414750,1277.72,A
2021-04-05,01414750,1277.76,A
2021-04-06,01414750,1277.76,A
2021-04-07,01414750,1277.71,A
2021-04-08,01414750,1277.65,A
2021-04-09,01414750,1277.58,A
2021-04-10,01414750,1277.57,A
2021-04-11,01414750,1277.59,A
2021-04-12,01414750,1277.63,A
2021-04-13,01414750,1277.69,A
2021-04-14,01414750,1277.7,A
2021-04-15,01414750,1277.72,A
2021-04-16,01414750,1277.84,A
2021-04-17,01414750,1277.9,A
2021-04-18,01414750,1277.91,A
2021-04-19,01414750,1277.91,A
2021-04-20,01414750,1277.9,A
2021-04-21,01414750,1277.89,A
2021-04-22,01414750,1277.87,A
2021-04-23,01414750,1277.83,A
2021-04-24,01414750,1277.82,A
2021-04-25,01414750,1277.83,A
2021-04-26,01414750,1277.81,A
2021-04-27,01414750,1277.79,A
2021-04-28,01414750,1277.79,A
2021-04-29,01414750,1277.94,A
2021-04-30,01414750,1278.59,A
2021-05-01,01414750,1278.99,A
2021-05-02,01414750,1279.11,A
2021-05-03,01414750,1279.12,A
2021-05-04,01414750,1279.14,A
2021-05-05,01414750,1279.25,A
2021-05-06,01414750,1279.34,A
2021-05-07,01414750,1279.3,A
2021-05-08,01414750,1279.25,A
2021-05-09,01414750,1279.18,A
2021-05-10,01414750,1279.21,A
2021-05-11,01414750,1279.13,A
2021-05-12,01414750,1279.01,A
2021-05-13,01414750,1278.93,A
2021-05-14,01414750,1278.91,A
2021-05-15,01414750,1278.87,A
2021-05-16,01414750,1278.84,A
2021-05-17,01414750,1278.79,A
2021-05-18,01414750,1278.74,A
2021-05-19,01414750,1278.71,A
2021-05-20,01414750,1278.64,A
2021-05-21,01414750,1278.54,A
2021-05-22,01414750,1278.43,A
2021-05-23,01414750,1278.3,A
2021-05-24,01414750,1278.17,A
2021-05-25,01414750,1278.04,A
2021-05-26,01414750,1277.94,A
2021-05-27,01414750,1277.9,A
2021-05-28,01414750,1277.87,A
2021-05-29,01414750,1278.2,A
2021-05-30,01414750,1278.44,A
2021-05-31,01414750,1278.66,A
2021-06-01,01414750,1278.74,A
2021-06-02,01414750,1278.74,A
2021-06-03,01414750,1278.72,A
2021-06-04,01414750,1278.7,A
2021-06-05,01414750,1278.7,A
2021-06-06,01414750,1278.6,A
2021-06-07,01414750,1278.42,A
2021-06-08,01414750,1278.28,A
2021-06-09,01414750,1278.29,A
2021-06-10,01414750,1278.3,A
2021-06-11,01414750,1278.28,A
2021-06-12,01414750,1278.15,A
2021-06-13,01414750,1277.98,A
2021-06-14,01414750,1277.81,A
2021-06-15,01414750,1277.7,A
2021-06-16,01414750,1277.61,A
2021-06-17,01414750,1277.64,A
2021-06-18,01414750,1277.56,A
2021-06-19,01414750,1277.41,A
2021-06-20,01414750,1277.27,A
2021-06-21,01414750,1277.13,A
2021-06-22,01414750,1277.03,A
2021-06-23,01414750,1276.88,A
2021-06-24,01414750,1276.71,A
2021-06-25,01414750,1276.53,A
2021-06-26,01414750,1276.34,A
2021-06-27,01414750,1276.16,A
2021-06-28,01414750,1275.97,A
2021-06-29,01414750,1275.75,A
2021-06-30,01414750,1275.61,A
2021-07-01,01414750,1275.55,A
2021-07-02,01414750,1275.5,A
2021-07-03,01414750,1275.42,A
2021-07-04,01414750,1275.34,A
2021-07-05,01414750,1275.19,A
2021-07-06,01414750,1275.03,A
2021-07-07,01414750,1274.95,A
2021-07-08,01414750,1275.21,A
2021-07-09,01414750,1275.58,A
2021-07-10,01414750,1275.84,A
2021-07-11,01414750,1276.0,A
2021-07-12,01414750,1276.53,A
2021-07-13,01414750,1277.4,A
2021-07-14,01414750,1278.16,A
2021-07-15,01414750,1278.58,A
2021-07-16,01414750,1278.77,A
2021-07-17,01414750,1278.89,A
2021-07-18,01414750,1279.21,A
2021-07-19,01414750,1279.2,A
2021-07-20,01414750,1279.05,A
2021-07-21,01414750,1279.09,A
2021-07-22,01414750,1278.98,A
2021-07-23,01414750,1278.82,A
2021-07-24,01414750,1278.66,A
2021-07-25,01414750,1278.55,A
2021-07-26,01414750,1278.47,A
2021-07-27,01414750,1278.34,A
2021-07-28,01414750,1278.25,A
2021-07-29,01414750,1278.22,A
2021-07-30,01414750,1278.12,A
2021-07-31,01414750,1277.97,A
2021-08-01,01414750,1277.83,A
2021-08-02,01414750,1277.75,A
2021-08-03,01414750,1277.64,A
2021-08-04,01414750,1277.61,A
2021-08-05,01414750,1277.46,A
2021-08-06,01414750,1277.26,A
2021-08-07,01414750,1277.02,A
2021-08-08,01414750,1276.77,A
2021-08-09,01414750,1276.51,A
2021-08-10,01414750,1276.22,A
2021-08-11,01414750,1275.93,A
2021-08-12,01414750,1275.65,A
2021-08-13,01414750,1275.48,A
2021-08-14,01414750,1275.36,A
2021-08-15,01414750,1275.08,A
2021-08-16,01414750,1274.82,A
2021-08-17,01414750,1274.71,A
2021-08-18,01414750,1274.49,A
2021-08-19,01414750,1274.28,A
2021-08-20,01414750,1274.07,A
2021-08-21,01414750,1274.18,A
2021-08-22,01414750,1274.15,A
2021-08-23,01414750,1274.63,A
2021-08-24,01414750,1275.15,A
2021-08-25,01414750,1275.32,A
2021-08-26,01414750,1275.3,A
2021-08-27,01414750,1275.2,A
2021-08-28,01414750,1275.1,A
2021-08-29,01414750,1275.0,A
2021-08-30,01414750,1274.88,A
2021-08-31,01414750,1274.75,A
2021-09-01,01414750,1274.68,A
2021-09-02,01414750,1275.08,A
2021-09-03,01414750,1275.29,A
2021-09-04,01414750,1275.41,A
2021-09-05,01414750,1275.5,A
2021-09-06,01414750,1275.58,A
2021-09-07,01414750,1275.61,A
2021-09-08,01414750,1275.54,A
2021-09-09,01414750,1275.81,A
2021-09-10,01414750,1275.92,A
2021-09-11,01414750,1275.92,A
2021-09-12,01414750,1275.87,A
2021-09-13,01414750,1275.8,A
2021-09-14,01414750,1275.6,A
2021-09-15,01414750,1275.26,A
2021-09-16,01414750,1275.05,A
2021-09-17,01414750,1274.75,A
2021-09-18,01414750,1274.39,A
2021-09-19,01414750,1274.0,A
2021-09-20,01414750,1273.59,A
2021-09-21,01414750,1273.2,A
2021-09-22,01414750,1272.86,A
2021-09-23,01414750,1272.86,A
2021-09-24,01414750,1273.99,A
2021-09-25,01414750,1274.56,A
2021-09-26,01414750,1274.73,A
2021-09-27,01414750,1274.72,A
2021-09-28,01414750,1274.64,A
2021-09-29,01414750,1274.5,A
2021-09-30,01414750,1274.31,A
2021-10-01,01414750,1274.06,A
2021-10-02,01414750,1273.75,A
2021-10-03,01414750,1273.42,A
2021-10-04,01414750,1273.3,A
2021-10-05,01414750,1273.6,A
2021-10-06,01414750,1273.56,A
2021-10-07,01414750,1273.4,A
2021-10-08,01414750,1273.17,A
2021-10-09,01414750,1272.91,A
2021-10-10,01414750,1272.6,A
2021-10-11,01414750,1272.27,A
2021-10-12,01414750,1271.92,A
2021-10-13,01414750,1271.55,A
2021-10-14,01414750,1271.16,A
2021-10-15,01414750,1270.76,A
2021-10-16,01414750,1270.38,A
2021-10-17,01414750,1270.17,A
2021-10-18,01414750,1269.85,A
2021-10-19,01414750,1269.5,A
2021-10-20,01414750,1269.13,A
2021-10-21,01414750,1268.75,A
2021-10-22,01414750,1268.38,A
2021-10-23,01414750,1267.98,A
2021-10-24,01414750,1267.59,A
2021-10-25,01414750,1267.4,A
2021-10-26,01414750,1268.41,A
2021-10-27,01414750,1272.18,A
2021-10-28,01414750,1274.01,A
2021-10-29,01414750,1274.89,A
2021-10-30,01414750,1275.46,A
2021-10-31,01414750,1275.86,A
2021-11-01,01414750,1276.12,A
2021-11-02,01414750,1276.25,A
2021-11-03,01414750,1276.1,A
2021-11-04,01414750,1275.86,A
2021-11-05,01414750,1275.6,A
2021-11-06,01414750,1275.29,A
2021-11-07,01414750,1274.96,A
2021-11-08,01414750,1274.61,A
2021-11-09,01414750,1274.24,A
2021-11-10,01414750,1273.88,A
2021-11-11,01414750,1273.57,A
2021-11-12,01414750,1273.46,A
2021-11-13,01414750,1273.71,A
2021-11-14,01414750,1274.02,A
2021-11-15,01414750,1274.18,A
2021-11-16,01414750,1274.23,A
2021-11-17,01414750,1274.19,A
2021-11-18,01414750,1274.1,A
2021-11-19,01414750,1274.02,A
2021-11-20,01414750,1273.86,A
2021-11-21,01414750,1273.68,A
2021-11-22,01414750,1273.55,A
2021-11-23,01414750,1273.37,A
2021-11-24,01414750,1273.15,A
2021-11-25,01414750,1272.91,A
2021-11-26,01414750,1272.7,A
2021-11-27,01414750,1272.48,A
2021-11-28,01414750,1272.21,A
2021-11-29,01414750,1271.94,A
2021-11-30,01414750,1271.64,A
2021-12-01,01414750,1271.34,A
2021-12-02,01414750,1271.08,A
2021-12-03,01414750,1270.9,A
2021-12-04,01414750,1270.69,A
2021-12-05,01414750,1270.49,A
2021-12-06,01414750,1270.35,A
2021-12-07,01414750,1270.26,A
2021-12-08,01414750,1270.14,A
2021-12-09,01414750,1270.02,A
2021-12-10,01414750,1269.88,A
2021-12-11,01414750,1269.85,A
2021-12-12,01414750,1269.94,A
2021-12-13,01414750,1269.93,A
2021-12-14,01414750,1269.9,A
2021-12-15,01414750,1269.85,A
2021-12-16,01414750,1269.82,A
2021-12-17,01414750,1269.75,A
2021-12-18,01414750,1269.66,A
2021-12-19,01414750,1269.62,A
2021-12-20,01414750,1269.53,A
2021-12-21,01414750,1269.42,A
2021-12-22,01414750,1269.3,A
2021-12-23,01414750,1269.16,A
2021-12-24,01414750,1269.01,A
2021-12-25,01414750,1268.91,A
2021-12-26,01414750,1268.91,A
2021-12-27,01414750,1268.83,A
2021-12-28,01414750,1268.76,A
2021-12-29,01414750,1268.69,A
2021-12-30,01414750,1268.63,A
2021-12-31,01414750,1268.59,A
2022-01-01,01414750,1268.53,A
2022-01-02,01414750,1268.51,A
2022-01-03,01414750,1268.47,A
2022-01-04,01414750,1268.4,A
2022-01-05,01414750,1268.33,A
2022-01-06,01414750,1268.25,A
2022-01-07,01414750,1268.17,A
2022-01-08,01414750,1268.03,A
2022-01-09,01414750,1267.91,A
2022-01-10,01414750,1267.79,A
2022-01-11,01414750,1267.59,A
2022-01-12,01414750,1267.37,A
2022-01-13,01414750,1267.2,A
2022-01-14,01414750,1267.01,A
2022-01-15,01414750,1266.77,A
2022-01-16,01414750,1266.53,A
2022-01-17,01414750,1266.41,A
2022-01-18,01414750,1266.26,A
2022-01-19,01414750,1266.09,A
2022-01-20,01414750,1265.93,A
2022-01-21,01414750,1265.73,A
2022-01-22,01414750,1265.52,A
2022-01-23,01414750,1265.33,A
2022-01-24,01414750,1265.14,A
2022-01-25,01414750,1264.94,A
2022-01-26,01414750,1264.72,A
2022-01-27,01414750,1264.5,A
2022-01-28,01414750,1264.3,A
2022-01-29,01414750,1264.08,A
2022-01-30,01414750,1263.84,A
2022-01-31,01414750,1263.63,A
2022-02-01,01414750,1263.46,A
2022-02-02,01414750,1263.31,A
2022-02-03,01414750,1263.18,A
2022-02-04,01414750,1263.59,A
2022-02-05,01414750,1263.98,A
2022-02-06,01414750,1264.04,A
2022-02-07,01414750,1264.09,A
2022-02-08,01414750,1264.13,A
2022-02-09,01414750,1264.12,A
2022-02-10,01414750,1264.12,A
2022-02-11,01414750,1264.18,A
2022-02-12,01414750,1264.35,A
2022-02-13,01414750,1264.55,A
2022-02-14,01414750,1264.69,A
2022-02-15,01414750,1264.78,A
2022-02-16,01414750,1264.89,A
2022-02-17,01414750,1265.06,A
2022-02-18,01414750,1266.42,A
2022-02-19,01414750,1267.66,A
2022-02-20,01414750,1268.36,A
2022-02-21,01414750,1268.89,A
2022-02-22,01414750,1269.4,A
2022-02-23,01414750,1270.59,A
2022-02-24,01414750,1271.61,A
2022-02-25,01414750,1272.33,A
2022-02-26,01414750,1272.82,A
2022-02-27,01414750,1273.19,A
2022-02-28,01414750,1273.45,A
2022-03-01,01414750,1273.45,A
2022-03-02,01414750,1273.38,A
2022-03-03,01414750,1273.29,A
2022-03-04,01414750,1273.15,A
2022-03-05,01414750,1273.01,A
2022-03-06,01414750,1272.92,A
2022-03-07,01414750,1273.11,A
2022-03-08,01414750,1273.89,A
2022-03-09,01414750,1274.51,A
2022-03-10,01414750,1274.85,A
2022-03-11,01414750,1275.05,A
2022-03-12,01414750,1275.22,A
2022-03-13,01414750,1275.31,A
2022-03-14,01414750,1275.4,A
2022-03-15,01414750,1275.67,A
2022-03-16,01414750,1276.03,A
2022-03-17,01414750,1276.4,A
2022-03-18,01414750,1276.77,A
2022-03-19,01414750,1277.2,A
2022-03-20,01414750,1277.72,A
2022-03-21,01414750,1278.21,A
2022-03-22,01414750,1278.56,A
2022-03-23,01414750,1278.75,A
2022-03-24,01414750,1278.91,A
2022-03-25,01414750,1279.05,A
2022-03-26,01414750,1279.14,A
2022-03-27,01414750,1279.2,A
2022-03-28,01414750,1279.17,A
2022-03-29,01414750,1279.13,A
2022-03-30,01414750,1279.08,A
2022-03-31,01414750,1279.09,A
2022-04-01,01414750,1279.66,A
2022-04-02,01414750,1279.76,A
2022-04-03,01414750,1279.65,A
2022-04-04,01414750,1279.55,A
2022-04-05,01414750,1279.4,A
2022-04-06,01414750,1279.32,A
2022-04-07,01414750,1279.46,A
2022-04-08,01414750,1281.12,A
2022-04-09,01414750,1280.7,A
2022-04-10,01414750,1280.25,A
2022-04-11,01414750,1279.94,A
2022-04-12,01414750,1279.77,A
2022-04-13,01414750,1279.63,A
2022-04-14,01414750,1279.5,A
2022-04-15,01414750,1279.38,A
2022-04-16,01414750,1279.29,A
2022-04-17,01414750,1279.27,A
2022-04-18,01414750,1279.21,A
2022-04-19,01414750,1279.29,A
2022-04-20,01414750,1279.3,A
2022-04-21,01414750,1279.33,A
2022-04-22,01414750,1279.37,A
2022-04-23,01414750,1279.34,A
2022-04-24,01414750,1279.33,A
2022-04-25,01414750,1279.27,A
2022-04-26,01414750,1279.21,A
2022-04-27,01414750,1279.18,A
2022-04-28,01414750,1279.07,A
2022-04-29,01414750,1278.96,A
2022-04-30,01414750,1278.85,A
2022-05-01,01414750,1278.73,A
2022-05-02,01414750,1278.61,A
2022-05-03,01414750,1278.48,A
2022-05-04,01414750,1278.38,A
2022-05-05,01414750,1278.29,A
2022-05-06,01414750,1278.18,A
2022-05-07,01414750,1278.08,A
2022-05-08,01414750,1277.94,A
2022-05-09,01414750,1277.82,A
2022-05-10,01414750,1277.81,A
2022-05-11,01414750,1277.81,A
2022-05-12,01414750,1277.81,A
2022-05-13,01414750,1277.78,A
2022-05-14,01414750,1277.65,A
2022-05-15,01414750,1277.54,A
2022-05-16,01414750,1277.5,A
2022-05-17,01414750,1277.57,A
2022-05-18,01414750,1277.53,A
2022-05-19,01414750,1277.52,A
2022-05-20,01414750,1277.53,A
2022-05-21,01414750,1277.51,A
2022-05-22,01414750,1277.48,A
2022-05-23,01414750,1277.49,A
2022-05-24,01414750,1277.44,A
2022-05-25,01414750,1277.37,A
2022-05-26,01414750,1277.29,A
2022-05-27,01414750,1277.21,A
2022-05-28,01414750,1277.07,A
2022-05-29,01414750,1276.91,A
2022-05-30,01414750,1276.73,A
2022-05-31,01414750,1276.55,A
2022-06-01,01414750,1276.4,A
2022-06-02,01414750,1276.4,A
2022-06-03,01414750,1276.28,A
2022-06-04,01414750,1276.08,A
2022-06-05,01414750,1275.85,A
2022-06-06,01414750,1275.63,A
2022-06-07,01414750,1275.48,A
2022-06-08,01414750,1275.67,A
2022-06-09,01414750,1275.97,A
2022-06-10,01414750,1276.23,A
2022-06-11,01414750,1276.2,A
2022-06-12,01414750,1276.11,A
2022-06-13,01414750,1276.0,A
2022-06-14,01414750,1275.84,A
2022-06-15,01414750,1275.66,A
2022-06-16,01414750,1275.52,A
2022-06-17,01414750,1275.37,A
2022-06-18,01414750,1275.17,A
2022-06-19,01414750,1274.95,A
2022-06-20,01414750,1274.72,A
2022-06-21,01414750,1274.46,A
2022-06-22,01414750,1274.21,A
2022-06-23,01414750,1274.08,A
2022-06-24,01414750,1273.96,A
2022-06-25,01414750,1273.74,A
2022-06-26,01414750,1273.5,A
2022-06-27,01414750,1273.29,A
2022-06-28,01414750,1273.16,A
2022-06-29,01414750,1272.99,A
2022-06-30,01414750,1272.75,A
2022-07-01,01414750,1272.5,A
2022-07-02,01414750,1272.35,A
2022-07-03,01414750,1272.14,A
2022-07-04,01414750,1271.89,A
2022-07-05,01414750,1271.64,A
2022-07-06,01414750,1271.4,A
2022-07-07,01414750,1271.15,A
2022-07-08,01414750,1270.89,A
2022-07-09,01414750,1270.63,A
2022-07-10,01414750,1270.35,A
2022-07-11,01414750,1270.08,A
2022-07-12,01414750,1269.81,A
2022-07-13,01414750,1269.6,A
2022-07-14,01414750,1269.38,A
2022-07-15,01414750,1269.11,A
2022-07-16,01414750,1268.84,A
2022-07-17,01414750,1268.56,A
2022-07-18,01414750,1268.28,A
2022-07-19,01414750,1268.01,A
2022-07-20,01414750,1267.72,A
2022-07-21,01414750,1267.44,A
2022-07-22,01414750,1267.15,A
2022-07-23,01414750,1266.86,A
2022-07-24,01414750,1266.58,A
2022-07-25,01414750,1266.32,A
2022-07-26,01414750,1266.04,A
2022-07-27,01414750,1265.75,A
2022-07-28,01414750,1265.46,A
2022-07-29,01414750,1265.17,A
2022-07-30,01414750,1264.87,A
2022-07-31,01414750,1264.56,A
2022-08-01,01414750,1264.26,A
2022-08-02,01414750,1263.96,A
2022-08-03,01414750,1263.66,A
2022-08-04,01414750,1263.37,A
2022-08-05,01414750,1263.08,A
2022-08-06,01414750,1262.78,A
2022-08-07,01414750,1262.48,A
2022-08-08,01414750,1262.18,A
2022-08-09,01414750,1261.9,A
2022-08-10,01414750,1261.58,A
2022-08-11,01414750,1261.27,A
2022-08-12,01414750,1260.95,A
2022-08-13,01414750,1260.62,A
2022-08-14,01414750,1260.3,A
2022-08-15,01414750,1259.99,A
2022-08-16,01414750,1259.68,A
2022-08-17,01414750,1259.36,A
2022-08-18,01414750,1259.05,A
2022-08-19,01414750,1258.74,A
2022-08-20,01414750,1258.43,A
2022-08-21,01414750,1258.15,A
2022-08-22,01414750,1257.92,A
2022-08-23,01414750,1257.63,A
2022-08-24,01414750,1257.35,A
2022-08-25,01414750,1257.05,A
2022-08-26,01414750,1256.73,A
2022-08-27,01414750,1256.41,A
2022-08-28,01414750,1256.08,A
2022-08-29,01414750,1255.76,A
2022-08-30,01414750,1255.49,A
2022-08-31,01414750,1255.29,A
2022-09-01,01414750,1255.0,A
2022-09-02,01414750,1254.68,A
2022-09-03,01414750,1254.36,A
2022-09-04,01414750,1254.06,A
2022-09-05,01414750,1253.81,A
2022-09-06,01414750,1254.44,A
2022-09-07,01414750,1255.19,A
2022-09-08,01414750,1255.28,A
2022-09-09,01414750,1255.23,A
2022-09-10,01414750,1255.11,A
2022-09-11,01414750,1254.95,A
2022-09-12,01414750,1254.79,A
2022-09-13,01414750,1255.06,A
2022-09-14,01414750,1255.52,A
2022-09-15,01414750,1255.68,A
2022-09-16,01414750,1255.73,A
2022-09-17,01414750,1255.73,A
2022-09-18,01414750,1255.7,A
2022-09-19,01414750,1255.66,A
2022-09-20,01414750,1255.64,A
2022-09-21,01414750,1255.58,A
2022-09-22,01414750,1255.8,A
2022-09-23,01414750,1256.19,A
2022-09-24,01414750,1256.34,A
2022-09-25,01414750,1256.43,A
2022-09-26,01414750,1256.51,A
2022-09-27,01414750,1256.55,A
2022-09-28,01414750,1256.5,A
2022-09-29,01414750,1256.41,A
2022-09-30,01414750,1256.3,A
2022-10-01,01414750,1256.18,A
2022-10-02,01414750,1256.03,A
2022-10-03,01414750,1255.87,A
2022-10-04,01414750,1255.7,A
2022-10-05,01414750,1255.59,A
2022-10-06,01414750,1255.46,A
2022-10-07,01414750,1255.3,A
2022-10-08,01414750,1255.11,A
2022-10-09,01414750,1254.92,A
2022-10-10,01414750,1254.72,A
2022-10-11,01414750,1254.52,A
2022-10-12,01414750,1254.37,A
2022-10-13,01414750,1254.28,A
2022-10-14,01414750,1254.75,A
2022-10-15,01414750,1255.16,A
2022-10-16,01414750,1255.36,A
2022-10-17,01414750,1255.5,A
2022-10-18,01414750,1255.63,A
2022-10-19,01414750,1255.7,A
2022-10-20,01414750,1255.73,A
2022-10-21,01414750,1255.77,A
2022-10-22,01414750,1255.89,A
2022-10-23,01414750,1256.01,A
2022-10-24,01414750,1256.13,A
2022-10-25,01414750,1256.26,A
2022-10-26,01414750,1256.38,A
2022-10-27,01414750,1256.46,A
2022-10-28,01414750,1256.32,A
2022-10-29,01414750,1256.14,A
2022-10-30,01414750,1255.96,A
2022-10-31,01414750,1255.77,A
2022-11-01,01414750,1255.6,A
2022-11-02,01414750,1255.43,A
2022-11-03,01414750,1255.23,A
2022-11-04,01414750,1255.03,A
2022-11-05,01414750,1254.85,A
2022-11-06,01414750,1254.68,A
2022-11-07,01414750,1254.5,A
2022-11-08,01414750,1254.29,A
2022-11-09,01414750,1254.1,A
2022-11-10,01414750,1253.9,A
2022-11-11,01414750,1253.73,A
2022-11-12,01414750,1253.92,A
2022-11-13,01414750,1254.23,A
2022-11-14,01414750,1254.34,A
2022-11-15,01414750,1254.39,A
2022-11-16,01414750,1254.54,A
2022-11-17,01414750,1254.74,A
2022-11-18,01414750,1254.85,A
2022-11-19,01414750,1254.93,A
2022-11-20,01414750,1254.99,A
2022-11-21,01414750,1255.01,A
2022-11-22,01414750,1255.01,A
2022-11-23,01414750,1255.0,A
2022-11-24,01414750,1254.97,A
2022-11-25,01414750,1254.94,A
2022-11-26,01414750,1254.91,A
2022-11-27,01414750,1254.88,A
2022-11-28,01414750,1255.24,A
2022-11-29,01414750,1255.53,A
2022-11-30,01414750,1255.83,A
2022-12-01,01414750,1256.56,A
2022-12-02,01414750,1257.07,A
2022-12-03,01414750,1257.48,A
2022-12-04,01414750,1257.9,A
2022-12-05,01414750,1258.2,A
2022-12-06,01414750,1258.48,A
2022-12-07,01414750,1258.93,A
2022-12-08,01414750,1259.43,A
2022-12-09,01414750,1259.81,A
2022-12-10,01414750,1260.18,A
2022-12-11,01414750,1260.51,A
2022-12-12,01414750,1260.84,A
2022-12-13,01414750,1261.1,A
2022-12-14,01414750,1261.29,A
2022-12-15,01414750,1261.42,A
2022-12-16,01414750,1261.65,A
2022-12-17,01414750,1261.94,A
2022-12-18,01414750,1262.17,A
2022-12-19,01414750,1262.32,A
2022-12-20,01414750,1262.43,A
2022-12-21,01414750,1262.58,A
2022-12-22,01414750,1262.73,A
2022-12-23,01414750,1263.44,A
2022-12-24,01414750,1264.68,A
2022-12-25,01414750,1265.4,A
2022-12-26,01414750,1265.96,A
2022-12-27,01414750,1266.37,A
2022-12-28,01414750,1266.66,A
2022-12-29,01414750,1266.9,A
2022-12-30,01414750,1267.14,A
2022-12-31,01414750,1267.46,A
2023-01-01,01414750,1267.92,A
2023-01-02,01414750,1268.3,A
2023-01-03,01414750,1268.63,A
2023-01-04,01414750,1269.09,A
2023-01-05,01414750,1269.54,A
2023-01-06,01414750,1269.92,A
2023-01-07,01414750,1270.25,A
2023-01-08,01414750,1270.52,A
2023-01-09,01414750,1270.76,A
2023-01-10,01414750,1270.95,A
2023-01-11,01414750,1271.02,A
2023-01-12,01414750,1271.07,A
2023-01-13,01414750,1271.32,A
2023-01-14,01414750,1271.59,A
2023-01-15,01414750,1271.71,A
2023-01-16,01414750,1271.78,A
2023-01-17,01414750,1271.84,A
2023-01-18,01414750,1271.9,A
2023-01-19,01414750,1271.97,A
2023-01-20,01414750,1272.26,A
2023-01-21,01414750,1272.48,A
2023-01-22,01414750,1272.68,A
2023-01-23,01414750,1272.94,A
2023-01-24,01414750,1273.14,A
2023-01-25,01414750,1273.28,A
2023-01-26,01414750,1273.47,A
2023-01-27,01414750,1273.65,A
2023-01-28,01414750,1273.77,A
2023-01-29,01414750,1273.87,A
2023-01-30,01414750,1273.97,A
2023-01-31,01414750,1274.07,A
2023-02-01,01414750,1274.14,A
2023-02-02,01414750,1274.17,A
2023-02-03,01414750,1274.17,A
2023-02-04,01414750,1273.97,A
2023-02-05,01414750,1273.85,A
2023-02-06,01414750,1273.76,A
2023-02-07,01414750,1273.62,A
2023-02-08,01414750,1273.45,A
2023-02-09,01414750,1273.27,A
2023-02-10,01414750,1273.14,A
2023-02-11,01414750,1273.02,A
2023-02-12,01414750,1272.85,A
2023-02-13,01414750,1272.69,A
2023-02-14,01414750,1272.53,A
2023-02-15,01414750,1272.4,A
2023-02-16,01414750,1272.29,A
2023-02-17,01414750,1272.22,A
2023-02-18,01414750,1272.17,A
2023-02-19,01414750,1272.21,A
2023-02-20,01414750,1272.3,A
2023-02-21,01414750,1272.4,A
2023-02-22,01414750,1272.49,A
2023-02-23,01414750,1272.66,A
2023-02-24,01414750,1272.93,A
2023-02-25,01414750,1273.12,A
2023-02-26,01414750,1273.31,A
2023-02-27,01414750,1273.49,A
2023-02-28,01414750,1273.68,A
2023-03-01,01414750,1273.83,A
2023-03-02,01414750,1273.98,A
2023-03-03,01414750,1274.14,A
2023-03-04,01414750,1274.38,A
2023-03-05,01414750,1274.54,A
2023-03-06,01414750,1274.67,A
2023-03-07,01414750,1274.8,A
2023-03-08,01414750,1274.9,A
2023-03-09,01414750,1274.99,A
2023-03-10,01414750,1275.08,A
2023-03-11,01414750,1275.2,A
2023-03-12,01414750,1275.28,A
2023-03-13,01414750,1275.36,A
2023-03-14,01414750,1275.51,A
2023-03-15,01414750,1275.63,A
2023-03-16,01414750,1275.68,A
2023-03-17,01414750,1275.71,A
2023-03-18,01414750,1275.82,A
2023-03-19,01414750,1275.93,A
2023-03-20,01414750,1275.98,A
2023-03-21,01414750,1276.04,A
2023-03-22,01414750,1276.16,A
2023-03-23,01414750,1276.4,A
2023-03-24,01414750,1276.98,A
2023-03-25,01414750,1277.56,A
2023-03-26,01414750,1278.02,A
2023-03-27,01414750,1278.31,A
2023-03-28,01414750,1278.52,A
2023-03-29,01414750,1278.65,A
2023-03-30,01414750,1278.73,A
2023-03-31,01414750,1278.74,A
2023-04-01,01414750,1278.86,A
2023-04-02,01414750,1279.16,A
2023-04-03,01414750,1279.22,A
2023-04-04,01414750,1279.16,A
2023-04-05,01414750,1279.09,A
2023-04-06,01414750,1279.07,A
2023-04-07,01414750,1279.05,A
2023-04-08,01414750,1278.94,A
2023-04-09,01414750,1278.82,A
2023-04-10,01414750,1278.68,A
2023-04-11,01414750,1278.49,A
2023-04-12,01414750,1278.29,A
2023-04-13,01414750,1278.05,A
2023-04-14,01414750,1277.87,A
2023-04-15,01414750,1277.78,A
2023-04-16,01414750,1277.72,A
2023-04-17,01414750,1277.67,A
2023-04-18,01414750,1277.61,A
2023-04-19,01414750,1277.53,A
2023-04-20,01414750,1277.43,A
2023-04-21,01414750,1277.32,A
2023-04-22,01414750,1277.21,A
2023-04-23,01414750,1277.6,A
2023-04-24,01414750,1278.18,A
2023-04-25,01414750,1278.52,A
2023-04-26,01414750,1278.77,A
2023-04-27,01414750,1278.95,A
2023-04-28,01414750,1279.05,A
2023-04-29,01414750,1279.04,A
2023-04-30,01414750,1279.07,A
2023-05-01,01414750,1279.54,A
2023-05-02,01414750,1279.76,A
2023-05-03,01414750,1279.68,A
2023-05-04,01414750,1279.61,A
2023-05-05,01414750,1279.52,A
2023-05-06,01414750,1279.45,A
2023-05-07,01414750,1279.37,A
2023-05-08,01414750,1279.31,A
2023-05-09,01414750,1279.22,A
2023-05-10,01414750,1279.09,A
2023-05-11,01414750,1278.95,A
2023-05-12,01414750,1278.81,A
2023-05-13,01414750,1278.75,A
2023-05-14,01414750,1278.66,A
2023-05-15,01414750,1278.57,A
2023-05-16,01414750,1278.52,A
2023-05-17,01414750,1278.45,A
2023-05-18,01414750,1278.37,A
2023-05-19,01414750,1278.29,A
2023-05-20,01414750,1278.2,A
2023-05-21,01414750,1278.11,A
2023-05-22,01414750,1278.0,A
2023-05-23,01414750,1277.89,A
2023-05-24,01414750,1277.71,A
2023-05-25,01414750,1277.5,A
2023-05-26,01414750,1277.28,A
2023-05-27,01414750,1277.06,A
2023-05-28,01414750,1276.84,A
2023-05-29,01414750,1276.61,A
2023-05-30,01414750,1276.41,A
2023-05-31,01414750,1276.23,A
2023-06-01,01414750,1276.01,A
2023-06-02,01414750,1275.81,A
2023-06-03,01414750,1275.63,A
2023-06-04,01414750,1275.41,A
2023-06-05,01414750,1275.18,A
2023-06-06,01414750,1274.95,A
2023-06-07,01414750,1274.72,A
2023-06-08,01414750,1274.49,A
2023-06-09,01414750,1274.27,A
2023-06-10,01414750,1274.03,A
2023-06-11,01414750,1273.77,A
2023-06-12,01414750,1273.52,A
2023-06-13,01414750,1273.37,A
2023-06-14,01414750,1273.15,A
2023-06-15,01414750,1272.92,A
2023-06-16,01414750,1272.68,A
2023-06-17,01414750,1272.45,A
2023-06-18,01414750,1272.21,A
2023-06-19,01414750,1271.97,A
2023-06-20,01414750,1271.71,A
2023-06-21,01414750,1271.45,A
2023-06-22,01414750,1271.18,A
2023-06-23,01414750,1270.92,A
2023-06-24,01414750,1270.72,A
2023-06-25,01414750,1270.51,A
2023-06-26,01414750,1270.38,A
2023-06-27,01414750,1270.48,A
2023-06-28,01414750,1270.42,A
2023-06-29,01414750,1270.31,A
2023-06-30,01414750,1270.17,A
2023-07-01,01414750,1269.99,A
2023-07-02,01414750,1269.85,A
2023-07-03,01414750,1269.85,A
2023-07-04,01414750,1269.81,A
2023-07-05,01414750,1269.71,A
2023-07-06,01414750,1269.58,A
2023-07-07,01414750,1269.48,A
2023-07-08,01414750,1269.56,A
2023-07-09,01414750,1269.62,A
2023-07-10,01414750,1269.86,A
2023-07-11,01414750,1270.1,A
2023-07-12,01414750,1270.2,A
2023-07-13,01414750,1270.18,A
2023-07-14,01414750,1270.32,A
2023-07-15,01414750,1270.97,A
2023-07-16,01414750,1271.61,A
2023-07-17,01414750,1272.39,A
2023-07-18,01414750,1272.84,A
2023-07-19,01414750,1273.09,A
2023-07-20,01414750,1273.22,A
2023-07-21,01414750,1273.34,A
2023-07-22,01414750,1273.37,A
2023-07-23,01414750,1273.35,A
2023-07-24,01414750,1273.3,A
2023-07-25,01414750,1273.25,A
2023-07-26,01414750,1273.18,A
2023-07-27,01414750,1273.15,A
2023-07-28,01414750,1273.28,A
2023-07-29,01414750,1273.24,A
2023-07-30,01414750,1273.42,A
2023-07-31,01414750,1273.41,A
2023-08-01,01414750,1273.34,A
2023-08-02,01414750,1273.22,A
2023-08-03,01414750,1273.08,A
2023-08-04,01414750,1272.96,A
2023-08-05,01414750,1272.97,A
2023-08-06,01414750,1272.86,A
2023-08-07,01414750,1272.8,A
2023-08-08,01414750,1273.32,A
2023-08-09,01414750,1273.65,A
2023-08-10,01414750,1273.8,A
2023-08-11,01414750,1273.86,A
2023-08-12,01414750,1273.86,A
2023-08-13,01414750,1273.85,A
2023-08-14,01414750,1273.75,A
2023-08-15,01414750,1273.99,A
2023-08-16,01414750,1274.22,A
2023-08-17,01414750,1274.23,A
2023-08-18,01414750,1274.72,A
2023-08-19,01414750,1275.29,A
2023-08-20,01414750,1275.6,A
2023-08-21,01414750,1275.77,A
2023-08-22,01414750,1275.81,A
2023-08-23,01414750,1275.82,A
2023-08-24,01414750,1275.84,A
2023-08-25,01414750,1275.89,A
2023-08-26,01414750,1275.92,A
2023-08-27,01414750,1275.89,A
2023-08-28,01414750,1275.84,A
2023-08-29,01414750,1275.77,A
2023-08-30,01414750,1275.8,A
2023-08-31,01414750,1275.81,A
2023-09-01,01414750,1275.62,A
2023-09-02,01414750,1275.4,A
2023-09-03,01414750,1275.16,A
2023-09-04,01414750,1274.92,A
2023-09-05,01414750,1274.67,A
2023-09-06,01414750,1274.42,A
2023-09-07,01414750,1274.17,A
2023-09-08,01414750,1273.98,A
2023-09-09,01414750,1273.8,A
2023-09-10,01414750,1273.58,A
2023-09-11,01414750,1273.39,A
2023-09-12,01414750,1273.18,A
2023-09-13,01414750,1272.98,A
2023-09-14,01414750,1272.78,A
2023-09-15,01414750,1272.54,A
2023-09-16,01414750,1272.3,A
2023-09-17,01414750,1272.05,A
2023-09-18,01414750,1271.86,A
2023-09-19,01414750,1271.63,A
2023-09-20,01414750,1271.36,A
2023-09-21,01414750,1271.08,A
2023-09-22,01414750,1270.8,A
2023-09-23,01414750,1270.52,A
2023-09-24,01414750,1270.27,A
2023-09-25,01414750,1270.08,A
2023-09-26,01414750,1269.92,A
2023-09-27,01414750,1269.76,A
2023-09-28,01414750,1269.62,A
2023-09-29,01414750,1269.54,A
2023-09-30,01414750,1269.46,A
2023-10-01,01414750,1269.37,A
2023-10-02,01414750,1269.28,A
2023-10-03,01414750,1269.18,A
2023-10-04,01414750,1269.06,A
2023-10-05,01414750,1268.96,A
2023-10-06,01414750,1268.86,A
2023-10-07,01414750,1269.16,A
2023-10-08,01414750,1270.15,A
2023-10-09,01414750,1270.65,A
2023-10-10,01414750,1270.99,A
2023-10-11,01414750,1271.24,A
2023-10-12,01414750,1271.43,A
2023-10-13,01414750,1271.57,A
2023-10-14,01414750,1271.7,A
2023-10-15,01414750,1271.82,A
2023-10-16,01414750,1271.91,A
2023-10-17,01414750,1272.01,A
2023-10-18,01414750,1272.08,A
2023-10-19,01414750,1272.12,A
2023-10-20,01414750,1272.16,A
2023-10-21,01414750,1272.19,A
2023-10-22,01414750,1272.23,A
2023-10-23,01414750,1272.24,A
2023-10-24,01414750,1272.25,A
2023-10-25,01414750,1272.25,A
2023-10-26,01414750,1272.26,A
2023-10-27,01414750,1272.22,A
2023-10-28,01414750,1272.02,A
2023-10-29,01414750,1271.8,A
2023-10-30,01414750,1271.71,A
2023-10-31,01414750,1271.79,A
2023-11-01,01414750,1271.82,A
2023-11-02,01414750,1271.84,A
2023-11-03,01414750,1271.84,A
2023-11-04,01414750,1271.84,A
2023-11-05,01414750,1271.83,A
2023-11-06,01414750,1271.8,A
2023-11-07,01414750,1271.77,A
2023-11-08,01414750,1271.72,A
2023-11-09,01414750,1271.66,A
2023-11-10,01414750,1271.6,A
2023-11-11,01414750,1271.52,A
2023-11-12,01414750,1271.43,A
2023-11-13,01414750,1271.34,A
2023-11-14,01414750,1271.25,A
2023-11-15,01414750,1271.16,A
2023-11-16,01414750,1271.06,A
2023-11-17,01414750,1270.93,A
2023-11-18,01414750,1270.79,A
2023-11-19,01414750,1270.64,A
2023-11-20,01414750,1270.48,A
2023-11-21,01414750,1270.32,A
2023-11-22,01414750,1270.3,A
2023-11-23,01414750,1270.24,A
2023-11-24,01414750,1270.15,A
2023-11-25,01414750,1270.04,A
2023-11-26,01414750,1269.94,A
2023-11-27,01414750,1270.09,A
2023-11-28,01414750,1270.21,A
2023-11-29,01414750,1270.26,A
2023-11-30,01414750,1270.3,A
2023-12-01,01414750,1270.36,A
2023-12-02,01414750,1270.42,A
2023-12-03,01414750,1270.5,A
2023-12-04,01414750,1270.75,A
2023-12-05,01414750,1270.91,A
2023-12-06,01414750,1271.04,A
2023-12-07,01414750,1271.15,A
2023-12-08,01414750,1271.24,A
2023-12-09,01414750,1271.38,A
2023-12-10,01414750,1271.57,A
2023-12-11,01414750,1272.37,A
2023-12-12,01414750,1273.01,A
2023-12-13,01414750,1273.49,A
2023-12-14,01414750,1273.87,A
2023-12-15,01414750,1274.18,A
2023-12-16,01414750,1274.42,A
2023-12-17,01414750,1274.67,A
2023-12-18,01414750,1276.61,A
2023-12-19,01414750,1279.42,A
2023-12-20,01414750,1279.87,A
2023-12-21,01414750,1279.74,A
2023-12-22,01414750,1279.51,A
2023-12-23,01414750,1279.3,A
2023-12-24,01414750,1279.16,A
2023-12-25,01414750,1279.07,A
2023-12-26,01414750,1278.97,A
2023-12-27,01414750,1278.84,A
2023-12-28,01414750,1278.79,A
2023-12-29,01414750,1278.74,A
2023-12-30,01414750,1278.64,A
2023-12-31,01414750,1278.52,A
2024-01-01,01414750,1278.37,A
2024-01-02,01414750,1278.19,A
2024-01-03,01414750,1278.0,A
2024-01-04,01414750,1277.79,A
2024-01-05,01414750,1277.55,A
2024-01-06,01414750,1277.37,A
2024-01-07,01414750,1277.28,A
2024-01-08,01414750,1277.22,A
2024-01-09,01414750,1277.19,A
2024-01-10,01414750,1278.09,A
2024-01-11,01414750,1278.95,A
2024-01-12,01414750,1279.24,A
2024-01-13,01414750,1279.53,A
2024-01-14,01414750,1279.72,A
2024-01-15,01414750,1279.6,A
2024-01-16,01414750,1279.37,A
2024-01-17,01414750,1279.15,A
2024-01-18,01414750,1278.94,A
2024-01-19,01414750,1278.8,A
2024-01-20,01414750,1278.62,A
2024-01-21,01414750,1278.41,A
2024-01-22,01414750,1278.17,A
2024-01-23,01414750,1277.94,A
2024-01-24,01414750,1277.72,A
2024-01-25,01414750,1277.88,A
2024-01-26,01414750,1278.37,A
2024-01-27,01414750,1278.96,A
2024-01-28,01414750,1279.29,A
2024-01-29,01414750,1279.32,A
2024-01-30,01414750,1279.19,A
2024-01-31,01414750,1279.17,A
2024-02-01,01414750,1279.03,A
2024-02-02,01414750,1278.91,A
2024-02-03,01414750,1278.79,A
2024-02-04,01414750,1278.64,A
2024-02-05,01414750,1278.46,A
2024-02-06,01414750,1278.25,A
2024-02-07,01414750,1278.02,A
2024-02-08,01414750,1277.78,A
2024-02-09,01414750,1277.53,A
2024-02-10,01414750,1277.3,A
2024-02-11,01414750,1277.13,A
2024-02-12,01414750,1276.93,A
2024-02-13,01414750,1276.71,A
2024-02-14,01414750,1276.49,A
2024-02-15,01414750,1276.24,A
2024-02-16,01414750,1276.02,A
2024-02-17,01414750,1275.88,A
2024-02-18,01414750,1275.74,A
2024-02-19,01414750,1275.59,A
2024-02-20,01414750,1275.43,A
2024-02-21,01414750,1275.29,A
2024-02-22,01414750,1275.12,A
2024-02-23,01414750,1274.95,A
2024-02-24,01414750,1274.77,A
2024-02-25,01414750,1274.55,A
2024-02-26,01414750,1274.35,A
2024-02-27,01414750,1274.15,A
2024-02-28,01414750,1274.03,A
2024-02-29,01414750,1274.08,A
2024-03-01,01414750,1274.03,A
2024-03-02,01414750,1274.03,A
2024-03-03,01414750,1274.16,A
2024-03-04,01414750,1274.22,A
2024-03-05,01414750,1274.44,A
2024-03-06,01414750,1275.23,A
2024-03-07,01414750,1276.67,A
2024-03-08,01414750,1277.97,A
2024-03-09,01414750,1278.75,A
2024-03-10,01414750,1279.8,A
2024-03-11,01414750,1279.98,A
2024-03-12,01414750,1279.82,A
2024-03-13,01414750,1279.62,A
2024-03-14,01414750,1279.42,A
2024-03-15,01414750,1279.29,A
2024-03-16,01414750,1279.21,A
2024-03-17,01414750,1279.16,A
2024-03-18,01414750,1279.11,A
2024-03-19,01414750,1279.03,A
2024-03-20,01414750,1278.86,A
2024-03-21,01414750,1278.7,A
2024-03-22,01414750,1278.51,A
2024-03-23,01414750,1278.63,A
2024-03-24,01414750,1279.24,A
2024-03-25,01414750,1279.35,A
2024-03-26,01414750,1279.32,A
2024-03-27,01414750,1279.26,A
2024-03-28,01414750,1279.25,A
2024-03-29,01414750,1279.19,A
2024-03-30,01414750,1279.13,A
2024-03-31,01414750,1279.06,A
2024-04-01,01414750,1278.99,A
2024-04-02,01414750,1278.94,A
2024-04-03,01414750,1279.0,A
2024-04-04,01414750,1279.11,A
2024-04-05,01414750,1279.12,A
2024-04-06,01414750,1279.1,A
2024-04-07,01414750,1279.08,A
2024-04-08,01414750,1279.06,A
2024-04-09,01414750,1279.03,A
2024-04-10,01414750,1279.05,A
2024-04-11,01414750,1279.17,A
2024-04-12,01414750,1279.6,A
2024-04-13,01414750,1280.05,A
2024-04-14,01414750,1279.98,A
2024-04-15,01414750,1279.85,A
2024-04-16,01414750,1279.62,A
2024-04-17,01414750,1279.38,A
2024-04-18,01414750,1279.33,A
2024-04-19,01414750,1279.2,A
2024-04-20,01414750,1279.06,A
2024-04-21,01414750,1278.95,A
2024-04-22,01414750,1278.84,A
2024-04-23,01414750,1278.71,A
2024-04-24,01414750,1278.52,A
2024-04-25,01414750,1278.39,A
2024-04-26,01414750,1278.29,A
2024-04-27,01414750,1278.2,A
2024-04-28,01414750,1278.12,A
2024-04-29,01414750,1278.04,A
2024-04-30,01414750,1277.98,A
2024-05-01,01414750,1278.02,A
2024-05-02,01414750,1278.1,A
2024-05-03,01414750,1278.11,A
2024-05-04,01414750,1278.03,A
2024-05-05,01414750,1277.98,A
2024-05-06,01414750,1277.95,A
2024-05-07,01414750,1277.88,A
2024-05-08,01414750,1277.81,A
2024-05-09,01414750,1277.7,A
2024-05-10,01414750,1277.66,A
2024-05-11,01414750,1277.61,A
2024-05-12,01414750,1277.55,A
2024-05-13,01414750,1277.48,A
2024-05-14,01414750,1277.42,A
2024-05-15,01414750,1277.42,A
2024-05-16,01414750,1277.44,A
2024-05-17,01414750,1277.42,A
2024-05-18,01414750,1277.38,A
2024-05-19,01414750,1277.33,A
2024-05-20,01414750,1277.26,A
2024-05-21,01414750,1277.2,A
2024-05-22,01414750,1277.16,A
2024-05-23,01414750,1277.12,A
2024-05-24,01414750,1277.07,A
2024-05-25,01414750,1277.01,A
2024-05-26,01414750,1276.94,A
2024-05-27,01414750,1276.91,A
2024-05-28,01414750,1276.96,A
2024-05-29,01414750,1276.91,A
2024-05-30,01414750,1276.76,A
2024-05-31,01414750,1276.57,A
2024-06-01,01414750,1276.38,A
2024-06-02,01414750,1276.24,A
2024-06-03,01414750,1276.1,A
2024-06-04,01414750,1275.96,A
2024-06-05,01414750,1275.85,A
2024-06-06,01414750,1275.76,A
2024-06-07,01414750,1275.66,A
2024-06-08,01414750,1275.5,A
2024-06-09,01414750,1275.37,A
2024-06-10,01414750,1275.25,A
2024-06-11,01414750,1275.1,A
2024-06-12,01414750,1274.93,A
2024-06-13,01414750,1274.77,A
2024-06-14,01414750,1274.61,A
2024-06-15,01414750,1274.42,A
2024-06-16,01414750,1274.15,A
2024-06-17,01414750,1273.89,A
2024-06-18,01414750,1273.62,A
2024-06-19,01414750,1273.35,A
2024-06-20,01414750,1273.08,A
2024-06-21,01414750,1272.82,A
2024-06-22,01414750,1272.58,A
2024-06-23,01414750,1272.54,A
2024-06-24,01414750,1272.39,A
2024-06-25,01414750,1272.33,A
2024-06-26,01414750,1272.31,A
2024-06-27,01414750,1272.31,A
2024-06-28,01414750,1272.25,A
2024-06-29,01414750,1272.03,A
2024-06-30,01414750,1271.84,A
2024-07-01,01414750,1271.61,A
2024-07-02,01414750,1271.35,A
2024-07-03,01414750,1271.08,A
2024-07-04,01414750,1270.81,A
2024-07-05,01414750,1270.57,A
2024-07-06,01414750,1270.46,A
2024-07-07,01414750,1270.3,A
2024-07-08,01414750,1270.05,A
2024-07-09,01414750,1269.8,A
2024-07-10,01414750,1269.54,A
2024-07-11,01414750,1269.32,P
2024-07-12,01414750,1269.08,P
2024-07-13,01414750,1268.82,P
2024-07-14,01414750,1268.55,P
2024-07-15,01414750,1268.28,P
2024-07-16,01414750,1268.07,P
2024-07-17,01414750,1267.84,P
2024-07-18,01414750,1267.62,P
2024-07-19,01414750,1267.35,P
2024-07-20,01414750,1267.07,P
2024-07-21,01414750,1266.79,P
2024-07-22,01414750,1266.52,P
2024-07-23,01414750,1266.37,P
2024-07-24,01414750,1266.2,P
2024-07-25,01414750,1266.16,P
2024-07-26,01414750,1265.98,P
2024-07-27,01414750,1265.74,P
2024-07-28,01414750,1265.49,P
2024-07-29,01414750,1265.23,P
2024-07-30,01414750,1264.97,P
2024-07-31,01414750,1264.72,P
2024-08-01,01414750,1264.5,P
2024-08-02,01414750,1264.23,P
2024-08-03,01414750,1264.0,P
2024-08-04,01414750,1263.82,P
2024-08-05,01414750,1263.73,P
2024-08-06,01414750,1263.57,P
2024-08-07,01414750,1263.92,P
2024-08-08,01414750,1264.45,P
2024-08-09,01414750,1265.56,P
2024-08-10,01414750,1269.3,P
2024-08-11,01414750,1270.58,P
2024-08-12,01414750,1271.27,P
2024-08-13,01414750,1271.75,P
2024-08-14,01414750,1272.07,P
2024-08-15,01414750,1272.22,P
2024-08-16,01414750,1272.11,P
2024-08-17,01414750,1272.02,P
2024-08-18,01414750,1271.93,P
2024-08-19,01414750,1271.87,P
2024-08-20,01414750,1271.75,P
2024-08-21,01414750,1271.59,P
2024-08-22,01414750,1271.44,P
2024-08-23,01414750,1271.25,P
2024-08-24,01414750,1271.06,P
2024-08-25,01414750,1270.85,P
2024-08-26,01414750,1270.63,P
2024-08-27,01414750,1270.41,P
2024-08-28,01414750,1270.18,P
2024-08-29,01414750,1269.95,P
2024-08-30,01414750,1269.72,P
2024-08-31,01414750,1269.48,P
2024-09-01,01414750,1269.23,P
2024-09-02,01414750,1268.98,P
2024-09-03,01414750,1268.68,P
2024-09-04,01414750,1268.22,P
2024-09-05,01414750,1267.75,P
2024-09-06,01414750,1267.28,P
2024-09-07,01414750,1266.84,P
2024-09-08,01414750,1266.4,P
2024-09-09,01414750,1265.93,P
2024-09-10,01414750,1265.48,P
2024-09-11,01414750,1265.0,P
2024-09-12,01414750,1264.52,P
2024-09-13,01414750,1264.03,P
2024-09-14,01414750,1263.54,P
2024-09-15,01414750,1263.05,P
2024-09-16,01414750,1262.56,P
2024-09-17,01414750,1262.06,P
2024-09-18,01414750,1261.55,P
2024-09-19,01414750,1261.05,P
2024-09-20,01414750,1260.54,P
2024-09-21,01414750,1260.03,P
2024-09-22,01414750,1259.51,P
2024-09-23,01414750,1259.0,P
2024-09-24,01414750,1258.48,P
2024-09-25,01414750,1257.96,P
2024-09-26,01414750,1257.45,P
2024-09-27,01414750,1256.94,P
2024-09-28,01414750,1256.42,P
2024-09-29,01414750,1255.92,P
2024-09-30,01414750,1255.47,P
2024-10-01,01414750,1255.2,P
2024-10-02,01414750,1254.93,P
2024-10-03,01414750,1254.66,P
2024-10-04,01414750,1254.39,P
2024-10-05,01414750,1254.12,P
2024-10-06,01414750,1253.84,P
2024-10-07,01414750,1253.56,P
2024-10-08,01414750,1253.28,P
2024-10-09,01414750,1253.0,P
2024-10-10,01414750,1252.72,P
2024-10-11,01414750,1252.43,P
2024-10-12,01414750,1252.15,P
2024-10-13,01414750,1251.91,P
2024-10-14,01414750,1251.72,P
2024-10-15,01414750,1251.5,P
2024-10-16,01414750,1251.23,P
2024-10-17,01414750,1250.95,P
2024-10-18,01414750,1250.67,P
2024-10-19,01414750,1250.41,P
2024-10-20,01414750,1250.16,P
2024-10-21,01414750,1249.93,P
2024-10-22,01414750,1249.72,P
2024-10-23,01414750,1249.52,P
2024-10-24,01414750,1249.33,P
2024-10-25,01414750,1249.16,P
2024-10-26,01414750,1248.99,P
2024-10-27,01414750,1248.84,P
2024-10-28,01414750,1248.71,P
2024-10-29,01414750,1248.6,P
2024-10-30,01414750,1248.52,P
2024-10-31,01414750,1248.45,P
2024-11-01,01414750,1248.4,P
2024-11-02,01414750,1248.35,P
2024-11-03,01414750,1248.32,P
2024-11-04,01414750,1248.29,P
2024-11-05,01414750,1248.26,P
2024-11-06,01414750,1248.24,P
2024-11-07,01414750,1248.22,P
2024-11-08,01414750,1248.19,P
2024-11-09,01414750,1248.15,P
2024-11-10,01414750,1248.12,P
2024-11-11,01414750,1248.11,P
2024-11-12,01414750,1248.06,P
2024-11-13,01414750,1248.03,P
2024-11-14,01414750,1248.0,P
2024-11-15,01414750,1247.97,P
2024-11-16,01414750,1247.94,P
2024-11-17,01414750,1247.91,P
2024-11-18,01414750,1247.87,P
2024-11-19,01414750,1247.8,P
2024-11-20,01414750,1247.52,P
2024-11-21,01414750,1247.28,P
2024-11-22,01414750,1247.14,P
2024-11-23,01414750,1246.91,P
2024-11-24,01414750,1246.68,P
2024-11-25,01414750,1246.49,P
2024-11-26,01414750,1246.6,P
2024-11-27,01414750,1246.9,P
2024-11-28,01414750,1247.14,P
2024-11-29,01414750,1247.4,P
2024-11-30,01414750,1247.57,P
2024-12-01,01414750,1247.68,P
2024-12-02,01414750,1247.78,P
2024-12-03,01414750,1247.87,P
2024-12-04,01414750,1247.95,P
2024-12-05,01414750,1248.05,P
2024-12-06,01414750,1248.12,P
2024-12-07,01414750,1248.18,P
2024-12-08,01414750,1248.25,P
2024-12-09,01414750,1248.34,P
2024-12-10,01414750,1248.59,P
2024-12-11,01414750,1249.62,P
2024-12-12,01414750,1252.88,P
2024-12-13,01414750,1254.37,P
2024-12-14,01414750,1255.18,P
2024-12-15,01414750,1255.51,P
2024-12-16,01414750,1255.73,P
2024-12-17,01414750,1255.96,P
2024-12-18,01414750,1256.24,P
2024-12-19,01414750,1256.41,P
2024-12-20,01414750,1256.56,P
2024-12-21,01414750,1256.64,P
2024-12-22,01414750,1256.66,P
2024-12-23,01414750,1256.59,P
2024-12-24,01414750,1256.59,P
2024-12-25,01414750,1256.55,P
2024-12-26,01414750,1256.47,P
2024-12-27,01414750,1256.38,P
2024-12-28,01414750,1256.3,P
2024-12-29,01414750,1256.25,P
2024-12-30,01414750,1256.65,P
2024-12-31,01414750,1257.28,P
