Assunpink_01464000, Simulated, -74.74625,40.2270833333333
1995,1,2257.4
1995,2,3675.68
1995,3,7621.84
1995,4,10737.8
1995,5,18380
1995,6,12514.1
1995,7,14207
1995,8,15168.4
1995,9,17243.6
1995,10,20469.1
1995,11,88857
1995,12,278501
1995,13,223863
1995,14,903901
1995,15,41571.4
1995,16,79692
1995,17,190809
1995,18,38166
1995,19,38050.1
1995,20,38091.9
1995,21,38260.9
1995,22,38570.8
1995,23,101373
1995,24,290118
1995,25,44513.2
1995,26,43905.2
1995,27,45051.4
1995,28,44582.2
1995,29,46866.6
1995,30,47475
1995,31,74993.6
1995,32,166845
1995,33,48398.1
1995,34,69048.2
1995,35,133468
1995,36,49936.2
1995,37,52345.8
1995,38,60438.7
1995,39,50777.8
1995,40,51238.3
1995,41,51593
1995,42,51909.1
1995,43,52252.8
1995,44,74625.5
1995,45,187367
1995,46,156987
1995,47,53671.7
1995,48,53655.3
1995,49,100412
1995,50,260428
1995,51,59579
1995,52,53849.6
1995,53,53897.8
1995,54,53919.1
1995,55,128451
1995,56,458793
1995,57,276330
1995,58,55512.2
1995,59,54598.5
1995,60,54171.3
1995,61,52627.6
1995,62,51401.1
1995,63,50792.3
1995,64,323243
1995,65,1575325
1995,66,230773
1995,67,692879
1995,68,63771.4
1995,69,61545.1
1995,70,1030684
1995,71,5081665
1995,72,496147
1995,73,264836
1995,74,234554
1995,75,160164
1995,76,173579
1995,77,227494
1995,78,144988
1995,79,124001
1995,80,108178
1995,81,112282
1995,82,395020
1995,83,1298405
1995,84,136039
1995,85,118467
1995,86,96541.5
1995,87,81733.3
1995,88,73692.6
1995,89,62744.5
1995,90,56904
1995,91,91256.3
1995,92,901097
1995,93,3771139
1995,94,142261
1995,95,143122
1995,96,153724
1995,97,120858
1995,98,108038
1995,99,220476
1995,100,684225
1995,101,551992
1995,102,203128
1995,103,1895692
1995,104,7412017
1995,105,465329
1995,106,449974
1995,107,481920
1995,108,949157
1995,109,1735752
1995,110,885758
1995,111,501272
1995,112,668371
1995,113,466368
1995,114,752813
1995,115,534298
1995,116,271519
1995,117,244349
1995,118,219740
1995,119,203646
1995,120,176473
1995,121,143498
1995,122,137043
1995,123,147996
1995,124,120232
1995,125,146483
1995,126,122057
1995,127,92351.2
1995,128,223866
1995,129,651277
1995,130,92660.9
1995,131,88751.3
1995,132,85230.6
1995,133,81951.5
1995,134,78920.5
1995,135,76131.9
1995,136,73601.3
1995,137,110316
1995,138,246142
1995,139,150640
1995,140,68997.7
1995,141,67362.5
1995,142,66631.4
1995,143,65837.1
1995,144,62502
1995,145,60836
1995,146,59267.4
1995,147,57763.7
1995,148,56351.8
1995,149,127822
1995,150,364063
1995,151,378569
1995,152,1679698
1995,153,557436
1995,154,85874.4
1995,155,408258
1995,156,1410423
1995,157,279574
1995,158,217804
1995,159,408252
1995,160,173807
1995,161,179531
1995,162,183236
1995,163,184951
1995,164,185036
1995,165,182012
1995,166,175969
1995,167,164076
1995,168,152431
1995,169,141953
1995,170,152659
1995,171,227400
1995,172,203838
1995,173,636107
1995,174,1978374
1995,175,3293913
1995,176,369581
1995,177,335288
1995,178,420494
1995,179,290522
1995,180,279991
1995,181,385064
1995,182,960383
1995,183,1243116
1995,184,345223
1995,185,331089
1995,186,316353
1995,187,301891
1995,188,285170
1995,189,262317
1995,190,235548
1995,191,214229
1995,192,242277
1995,193,893020
1995,194,213131
1995,195,196363
1995,196,184384
1995,197,531557
1995,198,2336921
1995,199,277551
1995,200,237165
1995,201,353639
1995,202,1893288
1995,203,256739
1995,204,241368
1995,205,230085
1995,206,222919
1995,207,216602
1995,208,207323
1995,209,198817
1995,210,191300
1995,211,195226
1995,212,459807
1995,213,1709939
1995,214,1627219
1995,215,269296
1995,216,354259
1995,217,638482
1995,218,227127
1995,219,242513
1995,220,256647
1995,221,483773
1995,222,200856
1995,223,193759
1995,224,187190
1995,225,180907
1995,226,174982
1995,227,168991
1995,228,169836
1995,229,152202
1995,230,153467
1995,231,138050
1995,232,131536
1995,233,125516
1995,234,119705
1995,235,114233
1995,236,108989
1995,237,175413
1995,238,101127
1995,239,97794.7
1995,240,93438.1
1995,241,89608.5
1995,242,86304.7
1995,243,83293.5
1995,244,80508.5
1995,245,77856
1995,246,75342
1995,247,152104
1995,248,71492.3
1995,249,69374.7
1995,250,67387.4
1995,251,65458
1995,252,1973645
1995,253,1078706
1995,254,102678
1995,255,104744
1995,256,506561
1995,257,1727395
1995,258,157099
1995,259,161419
1995,260,163372
1995,261,222727
1995,262,272198
1995,263,339823
1995,264,165335
1995,265,162477
1995,266,158615
1995,267,150401
1995,268,425902
1995,269,1247948
1995,270,178842
1995,271,167175
1995,272,156893
1995,273,186211
1995,274,244561
1995,275,0
1995,276,609717
1995,277,216997
1995,278,907809
1995,279,2448905
1995,280,1234532
1995,281,2589389
1995,282,392705
1995,283,389548
1995,284,389186
1995,285,358478
1995,286,345680
1995,287,356219
1995,288,295294
1995,289,358234
1995,290,618189
1995,291,319844
1995,292,338429
1995,293,550355
1995,294,226804
1995,295,427552
1995,296,2007561
1995,297,4300369
1995,298,463694
1995,299,412818
1995,300,642246
1995,301,1332552
1995,302,383642
1995,303,356442
1995,304,330799
1995,305,304224
1995,306,279283
1995,307,255911
1995,308,233195
1995,309,220755
1995,310,222547
1995,311,203823
1995,312,244781
1995,313,153782
1995,314,140801
1995,315,130050
1995,316,120130
1995,317,389990
1995,318,1402995
1995,319,324241
1995,320,187408
1995,321,202615
1995,322,123433
1995,323,123750
1995,324,157924
1995,325,331503
1995,326,309329
1995,327,280896
1995,328,200706
1995,329,105585
1995,330,132586
1995,331,203301
1995,332,258812
1995,333,92443.1
1995,334,179718
1995,335,465591
1995,336,145373
1995,337,116288
1995,338,79491
1995,339,75394.8
1995,340,71475
1995,341,67519.2
1995,342,64360.9
1995,343,78169.1
1995,344,122755
1995,345,59245.1
1995,346,62500.4
1995,347,54313.9
1995,348,51634.1
1995,349,49839.4
1995,350,48129.9
1995,351,46583.9
1995,352,45132.4
1995,353,43923.9
1995,354,42720.2
1995,355,41387
1995,356,77390
1995,357,201719
1995,358,48818.5
1995,359,109364
1995,360,217735
1995,361,191619
1995,362,35901.9
1995,363,37454.2
1995,364,150431
1995,365,699306
1995,366,726415
1996,1,39181.5
1996,2,37914.5
1996,3,76834.6
1996,4,677124
1996,5,158228
1996,6,39738.5
1996,7,46082.5
1996,8,173489
1996,9,50137.6
1996,10,33958.8
1996,11,32222.2
1996,12,84225.6
1996,13,389974
1996,14,135746
1996,15,343764
1996,16,34613.2
1996,17,31429.1
1996,18,29321.7
1996,19,27200
1996,20,25336.9
1996,21,23746.1
1996,22,61470.7
1996,23,41305.1
1996,24,73039.5
1996,25,131951
1996,26,164122
1996,27,81395.9
1996,28,163649
1996,29,20559.9
1996,30,19462.3
1996,31,18630.1
1996,32,238134
1996,33,19543.5
1996,34,17828.8
1996,35,17199.1
1996,36,16544.6
1996,37,197523
1996,38,550382
1996,39,20850.4
1996,40,17898.8
1996,41,163210
1996,42,1701574
1996,43,30431.3
1996,44,29393.8
1996,45,26461.2
1996,46,23041
1996,47,422310
1996,48,1994796
1996,49,937942
1996,50,68246.2
1996,51,65556
1996,52,942999
1996,53,76535.9
1996,54,347134
1996,55,216059
1996,56,56947.2
1996,57,55020.7
1996,58,460215
1996,59,835719
1996,60,121706
1996,61,52056.1
1996,62,43876.1
1996,63,36060.8
1996,64,49633.1
1996,65,49314.2
1996,66,493156
1996,67,672677
1996,68,616545
1996,69,45285
1996,70,40417.6
1996,71,34745.9
1996,72,30609.6
1996,73,27196.8
1996,74,23928
1996,75,21478.9
1996,76,21351.1
1996,77,64292.2
1996,78,17681.7
1996,79,16509.7
1996,80,15686.2
1996,81,15166.7
1996,82,14503.9
1996,83,13746
1996,84,13227.9
1996,85,12984.9
1996,86,12547.8
1996,87,12460.1
1996,88,32330.7
1996,89,188702
1996,90,12163.7
1996,91,11788.3
1996,92,11557.2
1996,93,13729.7
1996,94,13543
1996,95,13370.2
1996,96,13208.7
1996,97,13055.4
1996,98,12908.6
1996,99,12767.5
1996,100,36548.7
1996,101,175067
1996,102,196752
1996,103,12621.1
1996,104,12469.5
1996,105,12322.5
1996,106,231768
1996,107,75744.5
1996,108,12360.2
1996,109,237032
1996,110,3287559
1996,111,29983.1
1996,112,35769.4
1996,113,40614.7
1996,114,43994.6
1996,115,1825886
1996,116,98232
1996,117,176430
1996,118,1898740
1996,119,2222254
1996,120,240862
1996,121,234312
1996,122,223995
1996,123,212056
1996,124,196471
1996,125,165867
1996,126,141093
1996,127,657510
1996,128,2894442
1996,129,747393
1996,130,400658
1996,131,233031
1996,132,203670
1996,133,174259
1996,134,146638
1996,135,125583
1996,136,109182
1996,137,2436172
1996,138,524360
1996,139,195182
1996,140,181979
1996,141,170033
1996,142,156569
1996,143,1364805
1996,144,4606677
1996,145,368527
1996,146,342055
1996,147,315418
1996,148,290957
1996,149,269788
1996,150,1431278
1996,151,2380024
1996,152,408566
1996,153,364657
1996,154,411406
1996,155,986232
1996,156,1166378
1996,157,357631
1996,158,315058
1996,159,275429
1996,160,355045
1996,161,1211068
1996,162,274070
1996,163,252221
1996,164,290716
1996,165,3400464
1996,166,1280514
1996,167,481323
1996,168,3091716
1996,169,967406
1996,170,517885
1996,171,481702
1996,172,787566
1996,173,508437
1996,174,424453
1996,175,398555
1996,176,370841
1996,177,632541
1996,178,419903
1996,179,336229
1996,180,309470
1996,181,285213
1996,182,615416
1996,183,737207
1996,184,272891
1996,185,254538
1996,186,238373
1996,187,226051
1996,188,211718
1996,189,380044
1996,190,374097
1996,191,197680
1996,192,251990
1996,193,1035092
1996,194,211220
1996,195,205824
1996,196,200863
1996,197,195096
1996,198,377809
1996,199,189227
1996,200,1273876
1996,201,222697
1996,202,248246
1996,203,1612776
1996,204,254622
1996,205,243441
1996,206,232118
1996,207,220394
1996,208,206299
1996,209,193598
1996,210,182328
1996,211,172457
1996,212,163455
1996,213,154755
1996,214,146916
1996,215,138452
1996,216,130038
1996,217,1203228
1996,218,441000
1996,219,146788
1996,220,138926
1996,221,132222
1996,222,126307
1996,223,120979
1996,224,116283
1996,225,111916
1996,226,107911
1996,227,104134
1996,228,102663
1996,229,96891.9
1996,230,93604.6
1996,231,90563.4
1996,232,86475.2
1996,233,364457
1996,234,3653678
1996,235,162189
1996,236,164768
1996,237,159779
1996,238,313752
1996,239,1617487
1996,240,201177
1996,241,487315
1996,242,3521350
1996,243,326949
1996,244,312108
1996,245,352676
1996,246,281654
1996,247,268313
1996,248,251234
1996,249,225411
1996,250,207993
1996,251,194705
1996,252,183444
1996,253,172839
1996,254,373492
1996,255,232841
1996,256,145171
1996,257,130555
1996,258,119198
1996,259,110496
1996,260,103289
1996,261,222793
1996,262,131574
1996,263,90479.4
1996,264,86281.7
1996,265,82428.9
1996,266,821968
1996,267,866841
1996,268,262669
1996,269,197326
1996,270,457233
1996,271,117848
1996,272,137735
1996,273,274097
1996,274,717026
1996,275,532399
1996,276,633412
1996,277,1020934
1996,278,181092
1996,279,183840
1996,280,891656
1996,281,1848128
1996,282,2368088
1996,283,394976
1996,284,387071
1996,285,374650
1996,286,360206
1996,287,341674
1996,288,319406
1996,289,310183
1996,290,587830
1996,291,247118
1996,292,218875
1996,293,225003
1996,294,2536601
1996,295,713516
1996,296,496193
1996,297,643481
1996,298,701307
1996,299,837488
1996,300,1011598
1996,301,1217918
1996,302,1481034
1996,303,2508186
1996,304,4351100
1996,305,2270888
1996,306,1106588
1996,307,3601308
1996,308,1384828
1996,309,740507
1996,310,645906
1996,311,591641
1996,312,509394
1996,313,1484808
1996,314,824874
1996,315,1595193
1996,316,794968
1996,317,475439
1996,318,409985
1996,319,352650
1996,320,349654
1996,321,869557
1996,322,2905198
1996,323,411812
1996,324,354734
1996,325,319724
1996,326,289246
1996,327,262786
1996,328,248260
1996,329,579698
1996,330,215776
1996,331,211000
1996,332,321641
1996,333,179289
1996,334,170195
1996,335,637449
1996,336,816471
1996,337,173490
1996,338,166649
1996,339,900622
1996,340,183924
1996,341,700980
1996,342,533579
1996,343,695612
1996,344,642457
1996,345,680595
1996,346,441561
1996,347,1386226
1996,348,293676
1996,349,197941
1996,350,186496
1996,351,194438
1996,352,964502
1996,353,231170
1996,354,164600
1996,355,147664
1996,356,132349
1996,357,222705
1996,358,180140
1996,359,105366
1996,360,97360.8
1996,361,91063.9
1996,362,85397.7
1996,363,324680
1996,364,111391
1996,365,412482
1996,366,78702.1
1997,1,73566.6
1997,2,69486.7
1997,3,208596
1997,4,611461
1997,5,245972
1997,6,121079
1997,7,64032.6
1997,8,60344.1
1997,9,117644
1997,10,149271
1997,11,127301
1997,12,122731
1997,13,1771387
1997,14,206039
1997,15,575751
1997,16,256346
1997,17,458751
1997,18,1953874
1997,19,420814
1997,20,2396622
1997,21,254400
1997,22,580697
1997,23,2226862
1997,24,237306
1997,25,212700
1997,26,180603
1997,27,161213
1997,28,136838
1997,29,118288
1997,30,244053
1997,31,2602752
1997,32,231974
1997,33,200532
1997,34,611155
1997,35,461832
1997,36,127159
1997,37,107136
1997,38,90166.4
1997,39,474265
1997,40,215381
1997,41,74751.6
1997,42,67639.2
1997,43,2300347
1997,44,3631322
1997,45,1088904
1997,46,1419903
1997,47,219145
1997,48,188991
1997,49,535405
1997,50,1000477
1997,51,170607
1997,52,152038
1997,53,261843
1997,54,255073
1997,55,117680
1997,56,202600
1997,57,1097012
1997,58,161780
1997,59,107478
1997,60,167759
1997,61,831501
1997,62,3214554
1997,63,315468
1997,64,191421
1997,65,141503
1997,66,122409
1997,67,106685
1997,68,123654
1997,69,96505.5
1997,70,91919.7
1997,71,373562
1997,72,74188.9
1997,73,101398
1997,74,1885346
1997,75,2440246
1997,76,183756
1997,77,156166
1997,78,788346
1997,79,140006
1997,80,123762
1997,81,110720
1997,82,98016.7
1997,83,130413
1997,84,83070.8
1997,85,505075
1997,86,884960
1997,87,105760
1997,88,94588.7
1997,89,122351
1997,90,174680
1997,91,69733.9
1997,92,63393.4
1997,93,60410.3
1997,94,56268.7
1997,95,52941
1997,96,50179.8
1997,97,47876
1997,98,45905.7
1997,99,439726
1997,100,250587
1997,101,1036560
1997,102,54489.8
1997,103,51460.4
1997,104,76595.1
1997,105,82008.6
1997,106,505919
1997,107,50044.3
1997,108,56520
1997,109,2278148
1997,110,3304158
1997,111,661483
1997,112,178586
1997,113,184042
1997,114,180264
1997,115,1631400
1997,116,222578
1997,117,284073
1997,118,195625
1997,119,181009
1997,120,193449
1997,121,1532927
1997,122,570619
1997,123,226319
1997,124,202414
1997,125,317665
1997,126,153244
1997,127,135148
1997,128,121713
1997,129,110488
1997,130,99299.7
1997,131,4394372
1997,132,1062554
1997,133,411422
1997,134,260503
1997,135,258509
1997,136,239832
1997,137,209541
1997,138,193349
1997,139,180030
1997,140,166427
1997,141,733728
1997,142,10432226
1997,143,1131194
1997,144,762688
1997,145,641303
1997,146,557192
1997,147,469118
1997,148,410407
1997,149,363697
1997,150,364827
1997,151,434895
1997,152,282455
1997,153,290013
1997,154,282478
1997,155,423889
1997,156,229884
1997,157,202932
1997,158,182314
1997,159,166031
1997,160,197241
1997,161,170586
1997,162,1076381
1997,163,462459
1997,164,161191
1997,165,151095
1997,166,145041
1997,167,139769
1997,168,147794
1997,169,131306
1997,170,127404
1997,171,123746
1997,172,184832
1997,173,186136
1997,174,117833
1997,175,114902
1997,176,112093
1997,177,107953
1997,178,103606
1997,179,455345
1997,180,3588022
1997,181,200906
1997,182,205586
1997,183,208706
1997,184,507175
1997,185,3736859
1997,186,2506458
1997,187,481012
1997,188,479583
1997,189,776428
1997,190,3954374
1997,191,3330574
1997,192,865577
1997,193,1049150
1997,194,767063
1997,195,1198367
1997,196,908204
1997,197,3587942
1997,198,5013793
1997,199,1076146
1997,200,1035428
1997,201,1003278
1997,202,731116
1997,203,1516773
1997,204,637763
1997,205,565421
1997,206,503378
1997,207,454800
1997,208,1528734
1997,209,467899
1997,210,433446
1997,211,504847
1997,212,408441
1997,213,504138
1997,214,324393
1997,215,301546
1997,216,282465
1997,217,282325
1997,218,246992
1997,219,231669
1997,220,276329
1997,221,210205
1997,222,200362
1997,223,190187
1997,224,185555
1997,225,322705
1997,226,169720
1997,227,162634
1997,228,155935
1997,229,149730
1997,230,143933
1997,231,1118830
1997,232,158407
1997,233,155064
1997,234,151492
1997,235,147244
1997,236,142811
1997,237,499495
1997,238,152369
1997,239,2231126
1997,240,1828606
1997,241,240181
1997,242,312015
1997,243,1803226
1997,244,291162
1997,245,282097
1997,246,400285
1997,247,253827
1997,248,236334
1997,249,221745
1997,250,1351330
1997,251,2013389
1997,252,340425
1997,253,385013
1997,254,837242
1997,255,283871
1997,256,256957
1997,257,237119
1997,258,225592
1997,259,241956
1997,260,1149205
1997,261,654966
1997,262,244099
1997,263,234100
1997,264,224706
1997,265,211151
1997,266,193297
1997,267,233304
1997,268,279401
1997,269,156630
1997,270,146233
1997,271,138134
1997,272,300160
1997,273,131259
1997,274,184470
1997,275,0
1997,276,412631
1997,277,392215
1997,278,1080019
1997,279,311649
1997,280,662494
1997,281,507597
1997,282,646791
1997,283,782394
1997,284,910715
1997,285,1911362
1997,286,318177
1997,287,311915
1997,288,319306
1997,289,2728899
1997,290,434862
1997,291,411001
1997,292,384834
1997,293,351654
1997,294,320797
1997,295,293130
1997,296,263737
1997,297,238547
1997,298,216627
1997,299,197468
1997,300,178656
1997,301,838340
1997,302,182219
1997,303,165919
1997,304,649209
1997,305,312913
1997,306,2749394
1997,307,474713
1997,308,230929
1997,309,217475
1997,310,203103
1997,311,189563
1997,312,365598
1997,313,173810
1997,314,201608
1997,315,165295
1997,316,148958
1997,317,141205
1997,318,1973574
1997,319,266222
1997,320,194785
1997,321,175471
1997,322,158850
1997,323,1151619
1997,324,1324663
1997,325,325805
1997,326,198146
1997,327,183162
1997,328,169497
1997,329,221006
1997,330,646504
1997,331,161257
1997,332,150074
1997,333,335468
1997,334,2131066
1997,335,203786
1997,336,201499
1997,337,530640
1997,338,170449
1997,339,1593497
1997,340,195721
1997,341,176752
1997,342,605249
1997,343,166204
1997,344,709591
1997,345,710693
1997,346,209230
1997,347,160596
1997,348,145975
1997,349,143903
1997,350,116418
1997,351,125063
1997,352,97759.3
1997,353,108142
1997,354,133420
1997,355,152994
1997,356,113223
1997,357,71446.6
1997,358,67571.9
1997,359,63874.2
1997,360,115425
1997,361,3567936
1997,362,215873
1997,363,105925
1997,364,101439
1997,365,110144
1997,366,230564
1998,1,94429.6
1998,2,112434
1998,3,2427591
1998,4,422094
1998,5,148362
1998,6,142070
1998,7,134708
1998,8,125497
1998,9,116382
1998,10,100726
1998,11,88181.2
1998,12,78100.2
1998,13,88960.4
1998,14,544606
1998,15,73792.1
1998,16,66304.4
1998,17,61437.3
1998,18,59305.9
1998,19,658245
1998,20,58981
1998,21,52425.6
1998,22,93286.9
1998,23,241162
1998,24,68475.2
1998,25,75446.9
1998,26,40852.8
1998,27,38874.6
1998,28,37419.2
1998,29,35966.2
1998,30,34736.4
1998,31,33642.7
1998,32,32577.3
1998,33,256917
1998,34,214758
1998,35,31332.4
1998,36,30338
1998,37,29388.3
1998,38,262966
1998,39,158584
1998,40,893252
1998,41,50823
1998,42,31232.6
1998,43,29007
1998,44,27811.5
1998,45,26711.9
1998,46,25659
1998,47,24675.9
1998,48,39072.9
1998,49,231336
1998,50,24158.5
1998,51,23361.3
1998,52,272791
1998,53,1145996
1998,54,2077172
1998,55,6280490
1998,56,3562454
1998,57,200986
1998,58,252648
1998,59,638421
1998,60,200195
1998,61,187101
1998,62,172302
1998,63,154803
1998,64,134972
1998,65,123046
1998,66,1306437
1998,67,369252
1998,68,153152
1998,69,125063
1998,70,98876.6
1998,71,78691
1998,72,64965.4
1998,73,55376.4
1998,74,48550.7
1998,75,382967
1998,76,50026.6
1998,77,82621.4
1998,78,265345
1998,79,281167
1998,80,416166
1998,81,512880
1998,82,3093465
1998,83,265325
1998,84,93786.9
1998,85,90066.6
1998,86,86042.2
1998,87,81375.7
1998,88,75000.6
1998,89,69316.3
1998,90,1050022
1998,91,198641
1998,92,84502.1
1998,93,79230.6
1998,94,267909
1998,95,71714.3
1998,96,174628
1998,97,59981.7
1998,98,53480.5
1998,99,48347.2
1998,100,44187.7
1998,101,40849.7
1998,102,38248.5
1998,103,62313.1
1998,104,1355869
1998,105,80215.9
1998,106,47636.7
1998,107,44230.2
1998,108,41416.2
1998,109,38846.8
1998,110,36718.7
1998,111,34828.1
1998,112,33199.3
1998,113,102729
1998,114,31496.7
1998,115,30559.2
1998,116,29696
1998,117,28902.2
1998,118,28160.5
1998,119,27112.7
1998,120,26223.2
1998,121,530331
1998,122,186013
1998,123,32844.2
1998,124,27759.7
1998,125,27045.2
1998,126,26373.1
1998,127,25682.9
1998,128,24958.6
1998,129,24254.1
1998,130,23599.4
1998,131,23006.2
1998,132,22453.3
1998,133,21932.8
1998,134,21466
1998,135,21044.3
1998,136,20533.5
1998,137,123013
1998,138,339547
1998,139,21235.8
1998,140,21453.5
1998,141,139441
1998,142,20442.9
1998,143,20048.6
1998,144,19689.9
1998,145,19360.7
1998,146,19053.7
1998,147,224740
1998,148,1185428
1998,149,1587499
1998,150,393154
1998,151,62651.8
1998,152,69362.2
1998,153,73002.7
1998,154,80615
1998,155,2241189
1998,156,1125969
1998,157,187285
1998,158,193395
1998,159,194044
1998,160,298227
1998,161,242280
1998,162,492274
1998,163,728445
1998,164,209685
1998,165,188288
1998,166,170767
1998,167,453660
1998,168,1160724
1998,169,307354
1998,170,220042
1998,171,180389
1998,172,164078
1998,173,150738
1998,174,139360
1998,175,1568761
1998,176,991864
1998,177,219679
1998,178,205883
1998,179,194646
1998,180,192249
1998,181,174704
1998,182,251091
1998,183,157787
1998,184,344654
1998,185,148180
1998,186,139986
1998,187,168291
1998,188,420661
1998,189,140892
1998,190,127514
1998,191,118399
1998,192,110624
1998,193,109348
1998,194,738907
1998,195,302461
1998,196,192660
1998,197,117388
1998,198,113198
1998,199,108997
1998,200,105116
1998,201,101407
1998,202,97940.9
1998,203,94209.2
1998,204,90649.2
1998,205,87390.1
1998,206,206903
1998,207,885461
1998,208,1099955
1998,209,1074615
1998,210,222365
1998,211,845845
1998,212,199958
1998,213,2038206
1998,214,1361571
1998,215,323969
1998,216,324487
1998,217,321424
1998,218,314786
1998,219,305445
1998,220,294211
1998,221,345093
1998,222,2324857
1998,223,1302705
1998,224,458356
1998,225,352498
1998,226,307934
1998,227,279763
1998,228,281271
1998,229,237235
1998,230,1084058
1998,231,593812
1998,232,422356
1998,233,378605
1998,234,249289
1998,235,234791
1998,236,216053
1998,237,508150
1998,238,5123870
1998,239,968530
1998,240,536622
1998,241,438844
1998,242,501994
1998,243,887559
1998,244,410567
1998,245,384271
1998,246,360603
1998,247,339072
1998,248,318984
1998,249,300615
1998,250,987068
1998,251,1355909
1998,252,379042
1998,253,339966
1998,254,307742
1998,255,281504
1998,256,259800
1998,257,1782194
1998,258,330391
1998,259,292285
1998,260,276608
1998,261,263238
1998,262,263870
1998,263,1669536
1998,264,1264674
1998,265,439180
1998,266,388855
1998,267,400130
1998,268,378709
1998,269,3816407
1998,270,1936951
1998,271,821648
1998,272,934521
1998,273,838372
1998,274,664818
1998,275,0
1998,276,536137
1998,277,449423
1998,278,1389567
1998,279,453387
1998,280,410542
1998,281,378155
1998,282,391174
1998,283,2571323
1998,284,2011161
1998,285,516508
1998,286,458588
1998,287,414719
1998,288,377473
1998,289,403771
1998,290,323134
1998,291,303016
1998,292,285649
1998,293,1035497
1998,294,3471196
1998,295,565986
1998,296,2787486
1998,297,630309
1998,298,510670
1998,299,462101
1998,300,414686
1998,301,380459
1998,302,361936
1998,303,329887
1998,304,300721
1998,305,274633
1998,306,251404
1998,307,2410570
1998,308,340515
1998,309,300004
1998,310,298038
1998,311,243316
1998,312,220594
1998,313,201526
1998,314,404589
1998,315,3753335
1998,316,693892
1998,317,310840
1998,318,292700
1998,319,274398
1998,320,289882
1998,321,292405
1998,322,225062
1998,323,771593
1998,324,211188
1998,325,1392284
1998,326,327965
1998,327,226575
1998,328,210191
1998,329,683967
1998,330,198709
1998,331,178035
1998,332,1423232
1998,333,199534
1998,334,183264
1998,335,168962
1998,336,155834
1998,337,1298651
1998,338,405946
1998,339,235890
1998,340,251341
1998,341,438518
1998,342,352361
1998,343,137724
1998,344,2418093
1998,345,2625630
1998,346,2006944
1998,347,2499910
1998,348,499813
1998,349,362942
1998,350,331364
1998,351,299240
1998,352,262407
1998,353,1060294
1998,354,463696
1998,355,303237
1998,356,315199
1998,357,186584
1998,358,168219
1998,359,149809
1998,360,134437
1998,361,602330
1998,362,124065
1998,363,109538
1998,364,99116.2
1998,365,257635
1998,366,110089
1999,1,869988
1999,2,281081
1999,3,234822
1999,4,86395.5
1999,5,80179.5
1999,6,75699.5
1999,7,71888
1999,8,68566.7
1999,9,65558.2
1999,10,62417.5
1999,11,106531
1999,12,141472
1999,13,2404464
1999,14,1919984
1999,15,1158778
1999,16,398611
1999,17,512294
1999,18,295674
1999,19,124245
1999,20,132389
1999,21,1255167
1999,22,131129
1999,23,118383
1999,24,516220
1999,25,115556
1999,26,100911
1999,27,394870
1999,28,90264
1999,29,77841.2
1999,30,68442.4
1999,31,760883
1999,32,73293.5
1999,33,64139.3
1999,34,58016.1
1999,35,649536
1999,36,61597.8
1999,37,53890.6
1999,38,50801.2
1999,39,1206866
1999,40,61821.1
1999,41,55524.5
1999,42,50753.1
1999,43,47258.6
1999,44,44138
1999,45,41471
1999,46,38767.3
1999,47,37228.7
1999,48,84801.4
1999,49,33732.9
1999,50,38596.8
1999,51,30980.2
1999,52,37790.9
1999,53,40235.3
1999,54,65919.9
1999,55,27450
1999,56,26777.2
1999,57,26044.3
1999,58,25410.8
1999,59,24769
1999,60,45488.7
1999,61,206320
1999,62,721925
1999,63,26594.1
1999,64,24707.8
1999,65,23203.5
1999,66,22552.4
1999,67,22020.8
1999,68,21459.6
1999,69,20978.8
1999,70,20469.9
1999,71,21182.4
1999,72,653679
1999,73,71473.3
1999,74,21426.5
1999,75,20722.4
1999,76,20063
1999,77,24668.5
1999,78,18430.7
1999,79,1468561
1999,80,396595
1999,81,30243
1999,82,29590.3
1999,83,28403.8
1999,84,29434.5
1999,85,268722
1999,86,25611.7
1999,87,157755
1999,88,559448
1999,89,503728
1999,90,38618.7
1999,91,31687.6
1999,92,29264
1999,93,29641.5
1999,94,26631.7
1999,95,654504
1999,96,56263.4
1999,97,29332.1
1999,98,26966.6
1999,99,30107.6
1999,100,1111811
1999,101,114071
1999,102,76261.4
1999,103,35821.9
1999,104,32749.5
1999,105,29985.1
1999,106,27551
1999,107,25462.4
1999,108,23649.5
1999,109,71783.9
1999,110,262186
1999,111,23030.3
1999,112,21543.2
1999,113,20262.1
1999,114,197443
1999,115,698180
1999,116,26755.5
1999,117,24995
1999,118,73926.6
1999,119,23391.5
1999,120,39831.6
1999,121,20083.8
1999,122,19166.4
1999,123,57988.7
1999,124,18084.6
1999,125,17344.2
1999,126,218772
1999,127,214437
1999,128,46701.7
1999,129,19640.2
1999,130,41716.9
1999,131,2122450
1999,132,325660
1999,133,181764
1999,134,50100.6
1999,135,49890.7
1999,136,73376.7
1999,137,782092
1999,138,67757.7
1999,139,67709.7
1999,140,66815.7
1999,141,64273.9
1999,142,60697.6
1999,143,57444.8
1999,144,67575.3
1999,145,53057.6
1999,146,47539.7
1999,147,42548.8
1999,148,38199.2
1999,149,34636.1
1999,150,31687.3
1999,151,164502
1999,152,29670.9
1999,153,27388.2
1999,154,25481.1
1999,155,23848.6
1999,156,22467.9
1999,157,21339.3
1999,158,20389.9
1999,159,19555.5
1999,160,18807.7
1999,161,18126.4
1999,162,18347.2
1999,163,16978.2
1999,164,91706.6
1999,165,591576
1999,166,21885.9
1999,167,21579.4
1999,168,21264.1
1999,169,20922.4
1999,170,20610.4
1999,171,22446.7
1999,172,20002.3
1999,173,19730.8
1999,174,154817
1999,175,20882.9
1999,176,21787.6
1999,177,20564.6
1999,178,21159.8
1999,179,85253.8
1999,180,1116095
1999,181,36828.8
1999,182,37121.4
1999,183,37246.6
1999,184,37213.1
1999,185,37108.6
1999,186,37009.3
1999,187,36841
1999,188,36441.1
1999,189,44995.8
1999,190,35084.8
1999,191,119833
1999,192,444041
1999,193,45715.5
1999,194,45517.2
1999,195,43155.8
1999,196,41035.6
1999,197,92897.6
1999,198,38669.4
1999,199,37092.9
1999,200,35618.4
1999,201,105104
1999,202,34640.8
1999,203,33523.6
1999,204,47628.1
1999,205,31589.1
1999,206,223843
1999,207,33299.4
1999,208,32201.1
1999,209,31242.6
1999,210,30365.9
1999,211,29544.5
1999,212,100900
1999,213,621763
1999,214,40791.9
1999,215,40731.1
1999,216,40503.3
1999,217,40089
1999,218,5513087
1999,219,164781
1999,220,175241
1999,221,179268
1999,222,178960
1999,223,175254
1999,224,1473702
1999,225,217546
1999,226,206500
1999,227,193467
1999,228,276741
1999,229,215421
1999,230,2049363
1999,231,245184
1999,232,220695
1999,233,3773588
1999,234,338332
1999,235,282593
1999,236,717064
1999,237,348335
1999,238,398334
1999,239,3809124
1999,240,501173
1999,241,319596
1999,242,299202
1999,243,281516
1999,244,265740
1999,245,245661
1999,246,230001
1999,247,217238
1999,248,2320946
1999,249,311585
1999,250,296183
1999,251,270401
1999,252,254328
1999,253,411084
1999,254,482181
1999,255,225368
1999,256,209739
1999,257,196481
1999,258,683672
1999,259,201032
1999,260,191893
1999,261,183825
1999,262,176201
1999,263,239635
1999,264,2296262
1999,265,250580
1999,266,240668
1999,267,231776
1999,268,223316
1999,269,215015
1999,270,207331
1999,271,199945
1999,272,192865
1999,273,184711
1999,274,1821460
1999,275,0
1999,276,494384
1999,277,251394
1999,278,2059087
1999,279,401422
1999,280,277630
1999,281,2131354
1999,282,317349
1999,283,292571
1999,284,276410
1999,285,263840
1999,286,252101
1999,287,241455
1999,288,231404
1999,289,3491540
1999,290,611339
1999,291,413313
1999,292,520165
1999,293,681267
1999,294,896209
1999,295,1069349
1999,296,8901197
1999,297,4382378
1999,298,810535
1999,299,779991
1999,300,653409
1999,301,591672
1999,302,664910
1999,303,839282
1999,304,465933
1999,305,411866
1999,306,368345
1999,307,525189
1999,308,315088
1999,309,286185
1999,310,305280
1999,311,236574
1999,312,212860
1999,313,194399
1999,314,179188
1999,315,1760223
1999,316,424722
1999,317,1486375
1999,318,273878
1999,319,215919
1999,320,204308
1999,321,225283
1999,322,780142
1999,323,231529
1999,324,184846
1999,325,175363
1999,326,464524
1999,327,169609
1999,328,292371
1999,329,924985
1999,330,176668
1999,331,164177
1999,332,150272
1999,333,137519
1999,334,127406
1999,335,118650
1999,336,111263
1999,337,104447
1999,338,98463.1
1999,339,222540
1999,340,123809
1999,341,86759.7
1999,342,82353.5
1999,343,97222.1
1999,344,213538
1999,345,72884
1999,346,69623.5
1999,347,66798.4
1999,348,70648.4
1999,349,89182.4
1999,350,60001
1999,351,57948.1
1999,352,55985
1999,353,54086.3
1999,354,52251.6
1999,355,1272297
1999,356,56942.1
1999,357,55239.7
1999,358,104647
1999,359,665202
1999,360,4276972
1999,361,125080
1999,362,106624
1999,363,109335
1999,364,108719
1999,365,105020
1999,366,98802.1
2000,1,90374
2000,2,84023.5
2000,3,89178.4
2000,4,70366.9
2000,5,64231
2000,6,59187
2000,7,54776.9
2000,8,50146.9
2000,9,44790.7
2000,10,41093.6
2000,11,38694
2000,12,36571.9
2000,13,34745.5
2000,14,165275
2000,15,368400
2000,16,33373
2000,17,43760.9
2000,18,89414.4
2000,19,29555.3
2000,20,28438.1
2000,21,415962
2000,22,327625
2000,23,31144.7
2000,24,27955.1
2000,25,26812.1
2000,26,25861
2000,27,24740.6
2000,28,23842.5
2000,29,30945.2
2000,30,61392.7
2000,31,36285.6
2000,32,845749
2000,33,273563
2000,34,28814.5
2000,35,43453.9
2000,36,22561.2
2000,37,21195.4
2000,38,20353.2
2000,39,19706.4
2000,40,18977
2000,41,18713.7
2000,42,17985.3
2000,43,50008.2
2000,44,25263.5
2000,45,16866.6
2000,46,16352.2
2000,47,15794.1
2000,48,39467.5
2000,49,14979.9
2000,50,115238
2000,51,65961.7
2000,52,19353.7
2000,53,178949
2000,54,14004
2000,55,13543.2
2000,56,13187.9
2000,57,13082.6
2000,58,12732.1
2000,59,12502.7
2000,60,12270.9
2000,61,12026.8
2000,62,12797
2000,63,11619.9
2000,64,11614.2
2000,65,11484
2000,66,11270.4
2000,67,31654.1
2000,68,11013.9
2000,69,10834.3
2000,70,190912
2000,71,10903.9
2000,72,10654.6
2000,73,11306.1
2000,74,9916.97
2000,75,2861100
2000,76,3087914
2000,77,264597
2000,78,39740.2
2000,79,45749.7
2000,80,49023.7
2000,81,50565.9
2000,82,1247049
2000,83,250902
2000,84,87083.5
2000,85,79146
2000,86,71685.5
2000,87,333848
2000,88,4537776
2000,89,282941
2000,90,231847
2000,91,181726
2000,92,147345
2000,93,122983
2000,94,103707
2000,95,88253.5
2000,96,75873
2000,97,64398.5
2000,98,501941
2000,99,63037.3
2000,100,752765
2000,101,301438
2000,102,1465215
2000,103,695004
2000,104,99336.4
2000,105,85217.2
2000,106,74246.6
2000,107,65366.8
2000,108,907029
2000,109,25393642
2000,110,695025
2000,111,729244
2000,112,713849
2000,113,752333
2000,114,2112663
2000,115,919408
2000,116,574614
2000,117,489510
2000,118,415180
2000,119,357094
2000,120,311483
2000,121,274324
2000,122,244201
2000,123,1658450
2000,124,291065
2000,125,236940
2000,126,199451
2000,127,2413779
2000,128,304045
2000,129,233691
2000,130,210289
2000,131,192844
2000,132,183290
2000,133,1446899
2000,134,205624
2000,135,194690
2000,136,248539
2000,137,210259
2000,138,170702
2000,139,161184
2000,140,976658
2000,141,234555
2000,142,170528
2000,143,1632473
2000,144,210502
2000,145,1046434
2000,146,255921
2000,147,218543
2000,148,205292
2000,149,193560
2000,150,183075
2000,151,173548
2000,152,164813
2000,153,156662
2000,154,149023
2000,155,140421
2000,156,1754150
2000,157,193762
2000,158,181770
2000,159,171703
2000,160,160426
2000,161,150906
2000,162,143200
2000,163,136252
2000,164,129500
2000,165,123427
2000,166,118383
2000,167,113760
2000,168,109347
2000,169,105444
2000,170,102071
2000,171,97213.9
2000,172,92834.3
2000,173,88719.4
2000,174,182801
2000,175,98686.2
2000,176,123257
2000,177,185707
2000,178,76281.8
2000,179,712155
2000,180,1537731
2000,181,885801
2000,182,129600
2000,183,132682
2000,184,135360
2000,185,137743
2000,186,139623
2000,187,140523
2000,188,175997
2000,189,153378
2000,190,1587473
2000,191,204015
2000,192,202615
2000,193,200060
2000,194,904478
2000,195,219591
2000,196,203430
2000,197,1481535
2000,198,2604497
2000,199,404519
2000,200,344076
2000,201,325497
2000,202,307822
2000,203,290724
2000,204,2060438
2000,205,374229
2000,206,344134
2000,207,321626
2000,208,301969
2000,209,281901
2000,210,264235
2000,211,248331
2000,212,230321
2000,213,210002
2000,214,192937
2000,215,206839
2000,216,167723
2000,217,177631
2000,218,146416
2000,219,2228004
2000,220,194080
2000,221,178420
2000,222,165135
2000,223,153653
2000,224,144854
2000,225,1055442
2000,226,167061
2000,227,161472
2000,228,196232
2000,229,154081
2000,230,150590
2000,231,146929
2000,232,143470
2000,233,140647
2000,234,133881
2000,235,160231
2000,236,123968
2000,237,119585
2000,238,115614
2000,239,111057
2000,240,544024
2000,241,111567
2000,242,106312
2000,243,101708
2000,244,97511.8
2000,245,93581.3
2000,246,92376.1
2000,247,86247.6
2000,248,83047.9
2000,249,80071.6
2000,250,107618
2000,251,74880
2000,252,72251
2000,253,69775.1
2000,254,67493.9
2000,255,65033.1
2000,256,62662.5
2000,257,60835.9
2000,258,58381.7
2000,259,239582
2000,260,1441157
2000,261,74549.9
2000,262,73444.7
2000,263,72260.5
2000,264,1670798
2000,265,1414109
2000,266,132224
2000,267,136062
2000,268,139923
2000,269,143186
2000,270,145170
2000,271,220938
2000,272,173700
2000,273,313564
2000,274,368723
2000,275,159991
2000,276,153084
2000,277,146720
2000,278,140975
2000,279,131971
2000,280,121752
2000,281,112997
2000,282,105376
2000,283,98419
2000,284,93184.3
2000,285,86524.5
2000,286,2201483
2000,287,942994
2000,288,177961
2000,289,173893
2000,290,169223
2000,291,2995626
2000,292,1835448
2000,293,428609
2000,294,576651
2000,295,734504
2000,296,2104965
2000,297,1386790
2000,298,1412377
2000,299,1641261
2000,300,1091690
2000,301,541820
2000,302,1545189
2000,303,1986662
2000,304,542623
2000,305,469922
2000,306,400670
2000,307,342401
2000,308,296588
2000,309,598511
2000,310,484369
2000,311,238069
2000,312,212733
2000,313,190869
2000,314,363730
2000,315,917998
2000,316,185618
2000,317,282932
2000,318,160766
2000,319,149222
2000,320,139342
2000,321,707432
2000,322,630593
2000,323,1226219
2000,324,222072
2000,325,163087
2000,326,154423
2000,327,2095377
2000,328,333671
2000,329,201994
2000,330,189117
2000,331,176999
2000,332,166192
2000,333,156567
2000,334,147186
2000,335,136867
2000,336,127266
2000,337,118435
2000,338,162659
2000,339,103744
2000,340,97111.3
2000,341,195445
2000,342,87187.2
2000,343,81412.4
2000,344,76730.8
2000,345,72927
2000,346,475232
2000,347,74658.2
2000,348,94627.3
2000,349,1060296
2000,350,98954.7
2000,351,73099.3
2000,352,69595.3
2000,353,71057.5
2000,354,1169199
2000,355,1298887
2000,356,1618018
2000,357,373550
2000,358,334120
2000,359,1379456
2000,360,1336289
2000,361,190290
2000,362,177804
2000,363,186967
2000,364,164748
2000,365,133921
2000,366,121983
2001,1,111973
2001,2,102184
2001,3,256294
2001,4,86977.2
2001,5,77291.9
2001,6,69999.1
2001,7,1155943
2001,8,465583
2001,9,89307.6
2001,10,79099.6
2001,11,69035.6
2001,12,209938
2001,13,1107752
2001,14,146358
2001,15,217963
2001,16,252674
2001,17,80027.8
2001,18,390876
2001,19,695768
2001,20,79556.8
2001,21,91524.2
2001,22,1402868
2001,23,119840
2001,24,76435.9
2001,25,67589.5
2001,26,60761.2
2001,27,94609.8
2001,28,91880.2
2001,29,161329
2001,30,194771
2001,31,43787.5
2001,32,40514.3
2001,33,37759.8
2001,34,338171
2001,35,180717
2001,36,36757.1
2001,37,34143.6
2001,38,33364
2001,39,30759.2
2001,40,29477.9
2001,41,103403
2001,42,27641.2
2001,43,26792.5
2001,44,25957.1
2001,45,376065
2001,46,1720694
2001,47,711760
2001,48,46662.2
2001,49,116391
2001,50,572761
2001,51,48141.8
2001,52,326537
2001,53,57359.2
2001,54,39056.4
2001,55,48003.4
2001,56,63691.5
2001,57,4230572
2001,58,614301
2001,59,376805
2001,60,195241
2001,61,1748520
2001,62,815841
2001,63,2493983
2001,64,361898
2001,65,2415860
2001,66,343054
2001,67,231997
2001,68,428237
2001,69,1123007
2001,70,211196
2001,71,235584
2001,72,158420
2001,73,1290383
2001,74,4284952
2001,75,358590
2001,76,4098351
2001,77,447456
2001,78,446874
2001,79,300487
2001,80,774357
2001,81,237464
2001,82,203506
2001,83,175843
2001,84,153402
2001,85,155152
2001,86,142843
2001,87,111345
2001,88,100377
2001,89,195005
2001,90,202144
2001,91,98984.6
2001,92,94546.7
2001,93,132908
2001,94,392010
2001,95,316081
2001,96,541300
2001,97,541030
2001,98,73680
2001,99,70306.4
2001,100,67273.2
2001,101,64491.9
2001,102,61901
2001,103,59489.8
2001,104,57266.2
2001,105,86107.7
2001,106,430167
2001,107,1177386
2001,108,1225581
2001,109,93329.4
2001,110,90385.9
2001,111,86730.7
2001,112,3321189
2001,113,212707
2001,114,155610
2001,115,151057
2001,116,200399
2001,117,185248
2001,118,1947509
2001,119,2336383
2001,120,332148
2001,121,298639
2001,122,272413
2001,123,243841
2001,124,218837
2001,125,196893
2001,126,177756
2001,127,1161608
2001,128,263247
2001,129,172363
2001,130,188862
2001,131,144049
2001,132,134060
2001,133,122817
2001,134,110978
2001,135,101230
2001,136,93301.4
2001,137,86564.4
2001,138,80813.3
2001,139,77547.7
2001,140,207459
2001,141,626338
2001,142,89052.8
2001,143,74537.2
2001,144,70751.5
2001,145,67426
2001,146,64560.1
2001,147,61949.4
2001,148,59490.5
2001,149,57205.2
2001,150,55099.4
2001,151,53219
2001,152,51597.8
2001,153,50136.9
2001,154,48750.8
2001,155,47345.1
2001,156,45775
2001,157,44318.5
2001,158,42949.9
2001,159,41694.9
2001,160,40554.6
2001,161,39485.4
2001,162,38467.4
2001,163,563149
2001,164,1064596
2001,165,49136.2
2001,166,49508.1
2001,167,49795.3
2001,168,538303
2001,169,57820.1
2001,170,60006.7
2001,171,60413.6
2001,172,61418.6
2001,173,62367.9
2001,174,174313
2001,175,66984
2001,176,67958.4
2001,177,68826.5
2001,178,67991.1
2001,179,320846
2001,180,2539510
2001,181,195762
2001,182,151661
2001,183,578708
2001,184,162543
2001,185,158900
2001,186,153765
2001,187,148507
2001,188,144459
2001,189,140151
2001,190,135957
2001,191,131917
2001,192,127774
2001,193,123702
2001,194,171978
2001,195,136160
2001,196,113969
2001,197,95685.9
2001,198,3818168
2001,199,209163
2001,200,1357440
2001,201,5747608
2001,202,405333
2001,203,535825
2001,204,358886
2001,205,331612
2001,206,308919
2001,207,289965
2001,208,276385
2001,209,265489
2001,210,254085
2001,211,239899
2001,212,225162
2001,213,201510
2001,214,181057
2001,215,162974
2001,216,143788
2001,217,129533
2001,218,118329
2001,219,109414
2001,220,101996
2001,221,95705.6
2001,222,90287.3
2001,223,608569
2001,224,92175.6
2001,225,87873.7
2001,226,84139.3
2001,227,80813.1
2001,228,77863.8
2001,229,107560
2001,230,661725
2001,231,80552.3
2001,232,78467
2001,233,321009
2001,234,3251096
2001,235,2022064
2001,236,196076
2001,237,204671
2001,238,205399
2001,239,203856
2001,240,202330
2001,241,201800
2001,242,202142
2001,243,199592
2001,244,194540
2001,245,2341343
2001,246,279470
2001,247,257517
2001,248,280685
2001,249,211406
2001,250,186524
2001,251,4666126
2001,252,354730
2001,253,316766
2001,254,289243
2001,255,268245
2001,256,385770
2001,257,244905
2001,258,232787
2001,259,243428
2001,260,318284
2001,261,208907
2001,262,1225811
2001,263,238990
2001,264,229686
2001,265,221363
2001,266,202827
2001,267,188030
2001,268,176221
2001,269,166354
2001,270,157781
2001,271,835747
2001,272,171109
2001,273,163815
2001,274,157232
2001,275,0
2001,276,150878
2001,277,144127
2001,278,134633
2001,279,990398
2001,280,448893
2001,281,229044
2001,282,144083
2001,283,136487
2001,284,677430
2001,285,144602
2001,286,140459
2001,287,880232
2001,288,1777704
2001,289,218624
2001,290,767429
2001,291,1074175
2001,292,577097
2001,293,463527
2001,294,605728
2001,295,751442
2001,296,3976760
2001,297,1960189
2001,298,1703978
2001,299,1228122
2001,300,603876
2001,301,588902
2001,302,509997
2001,303,463292
2001,304,1731389
2001,305,5362434
2001,306,966083
2001,307,714402
2001,308,620735
2001,309,542741
2001,310,477079
2001,311,413060
2001,312,940004
2001,313,360648
2001,314,708891
2001,315,1048384
2001,316,325349
2001,317,1382395
2001,318,457829
2001,319,387722
2001,320,270549
2001,321,633917
2001,322,352551
2001,323,435652
2001,324,362199
2001,325,207777
2001,326,194416
2001,327,228319
2001,328,168109
2001,329,155915
2001,330,145029
2001,331,136660
2001,332,128879
2001,333,121885
2001,334,115832
2001,335,110482
2001,336,105317
2001,337,100396
2001,338,95921.5
2001,339,91845
2001,340,88168.9
2001,341,85042.5
2001,342,82355.1
2001,343,79651.9
2001,344,76997.9
2001,345,74468.8
2001,346,71971.5
2001,347,69664.5
2001,348,84500.7
2001,349,65931.1
2001,350,64108.5
2001,351,62232.5
2001,352,60481.1
2001,353,58727.4
2001,354,57152.2
2001,355,55278.4
2001,356,61106
2001,357,651200
2001,358,2022350
2001,359,162083
2001,360,121611
2001,361,57611.4
2001,362,2296778
2001,363,1404473
2001,364,142718
2001,365,273297
2001,366,104280
2002,1,104252
2002,2,3200591
2002,3,780953
2002,4,381523
2002,5,218827
2002,6,196189
2002,7,164957
2002,8,139735
2002,9,120697
2002,10,106063
2002,11,91475.1
2002,12,303314
2002,13,98455.7
2002,14,68512
2002,15,61210.1
2002,16,67603
2002,17,1496142
2002,18,4122312
2002,19,161238
2002,20,142006
2002,21,180337
2002,22,235995
2002,23,101852
2002,24,1430159
2002,25,121137
2002,26,106962
2002,27,93463.9
2002,28,82707.3
2002,29,73548.7
2002,30,94600
2002,31,443087
2002,32,1055827
2002,33,89326.8
2002,34,74346.5
2002,35,1392538
2002,36,189746
2002,37,83155.1
2002,38,72576.8
2002,39,96934.2
2002,40,356323
2002,41,140892
2002,42,52673
2002,43,48469.3
2002,44,45078.4
2002,45,42199.1
2002,46,39532.8
2002,47,36857.7
2002,48,1749158
2002,49,624964
2002,50,64595
2002,51,58161.5
2002,52,52458.8
2002,53,46206.6
2002,54,42147.9
2002,55,38530.2
2002,56,77091.6
2002,57,167376
2002,58,34076.5
2002,59,32293.2
2002,60,55132.5
2002,61,32366.5
2002,62,28609.9
2002,63,27153.4
2002,64,25962.1
2002,65,111941
2002,66,767632
2002,67,30538.8
2002,68,27016.3
2002,69,25073.4
2002,70,23900.2
2002,71,22895.4
2002,72,773772
2002,73,1652632
2002,74,2101712
2002,75,1252832
2002,76,99053.5
2002,77,82920
2002,78,81579.2
2002,79,78267.1
2002,80,72348.6
2002,81,245772
2002,82,86095.7
2002,83,56725.2
2002,84,51747.2
2002,85,218785
2002,86,49611.6
2002,87,44650.6
2002,88,39466.3
2002,89,410535
2002,90,58891.4
2002,91,34883.9
2002,92,48323.6
2002,93,91677.2
2002,94,29153.7
2002,95,27416.1
2002,96,25954.3
2002,97,257857
2002,98,25608.6
2002,99,24497.3
2002,100,23493.4
2002,101,22625.7
2002,102,21864.9
2002,103,180422
2002,104,25241.8
2002,105,20827.7
2002,106,52255.6
2002,107,1457070
2002,108,27865.8
2002,109,27858.7
2002,110,27631.7
2002,111,27222
2002,112,26320.8
2002,113,1011545
2002,114,326746
2002,115,40046.6
2002,116,39214.3
2002,117,689544
2002,118,329239
2002,119,55744.9
2002,120,54944.7
2002,121,59252.2
2002,122,48694.1
2002,123,469336
2002,124,399003
2002,125,58623.5
2002,126,54278.8
2002,127,50081.9
2002,128,46687
2002,129,322946
2002,130,44922.1
2002,131,42110.7
2002,132,39019.2
2002,133,35964.2
2002,134,33163.2
2002,135,30697.3
2002,136,28570.7
2002,137,494485
2002,138,157718
2002,139,63881.7
2002,140,31666.3
2002,141,29992.4
2002,142,28581.8
2002,143,27264.8
2002,144,25778.7
2002,145,24423.4
2002,146,23199.7
2002,147,22083.7
2002,148,21127.3
2002,149,20380.3
2002,150,19777.7
2002,151,19250.7
2002,152,18588.2
2002,153,17935.7
2002,154,17332.8
2002,155,16781.1
2002,156,16264.5
2002,157,82561.2
2002,158,65302.6
2002,159,15676.4
2002,160,15335.9
2002,161,15022.7
2002,162,14726.8
2002,163,14455.8
2002,164,14206.8
2002,165,13973.6
2002,166,13758.7
2002,167,13553.7
2002,168,13353.3
2002,169,13154.1
2002,170,12958.2
2002,171,12776.4
2002,172,12597.1
2002,173,12418
2002,174,100565
2002,175,12357.1
2002,176,12201.5
2002,177,12048.2
2002,178,111661
2002,179,719568
2002,180,14794.6
2002,181,15071.2
2002,182,16508.3
2002,183,40626.7
2002,184,53357.7
2002,185,16383.6
2002,186,16620.5
2002,187,16866.3
2002,188,17090.3
2002,189,17138.3
2002,190,17125.7
2002,191,17098.7
2002,192,1302080
2002,193,186032
2002,194,41360
2002,195,151273
2002,196,93936.9
2002,197,147406
2002,198,618364
2002,199,63214.4
2002,200,67795.8
2002,201,720665
2002,202,526312
2002,203,105893
2002,204,108185
2002,205,109740
2002,206,110800
2002,207,338354
2002,208,1145163
2002,209,154659
2002,210,148355
2002,211,142000
2002,212,135528
2002,213,127335
2002,214,120096
2002,215,113714
2002,216,106154
2002,217,98281
2002,218,90581.2
2002,219,82797.3
2002,220,75397
2002,221,2311284
2002,222,474296
2002,223,138601
2002,224,283906
2002,225,122997
2002,226,1268844
2002,227,141657
2002,228,211785
2002,229,122715
2002,230,112747
2002,231,103697
2002,232,96201.7
2002,233,90734.5
2002,234,586734
2002,235,106579
2002,236,120090
2002,237,93588.4
2002,238,121259
2002,239,1090722
2002,240,118853
2002,241,111801
2002,242,105818
2002,243,100472
2002,244,95688.4
2002,245,608092
2002,246,351703
2002,247,500196
2002,248,125071
2002,249,120643
2002,250,139024
2002,251,113167
2002,252,109395
2002,253,283385
2002,254,107107
2002,255,101993
2002,256,693905
2002,257,117011
2002,258,112344
2002,259,108191
2002,260,103221
2002,261,98122.8
2002,262,92099.7
2002,263,86681.4
2002,264,82424.2
2002,265,78599.7
2002,266,197739
2002,267,75080.5
2002,268,71247.6
2002,269,68057.4
2002,270,65207
2002,271,61886.1
2002,272,58797
2002,273,74392.5
2002,274,54171.2
2002,275,0
2002,276,52064.8
2002,277,991407
2002,278,995802
2002,279,85782.4
2002,280,85477.6
2002,281,84725.8
2002,282,82787.5
2002,283,80403.5
2002,284,90781.3
2002,285,317747
2002,286,80715.4
2002,287,78975.8
2002,288,560154
2002,289,89728.3
2002,290,86411.9
2002,291,82909.2
2002,292,582678
2002,293,1051169
2002,294,116905
2002,295,2692961
2002,296,218091
2002,297,192852
2002,298,187286
2002,299,179887
2002,300,254530
2002,301,1363708
2002,302,326519
2002,303,204408
2002,304,190318
2002,305,175735
2002,306,1029514
2002,307,203324
2002,308,178949
2002,309,236058
2002,310,145053
2002,311,129900
2002,312,117667
2002,313,107509
2002,314,98514.7
2002,315,269792
2002,316,92545.6
2002,317,79359.2
2002,318,166089
2002,319,110469
2002,320,119644
2002,321,68424.2
2002,322,57353.2
2002,323,53538.3
2002,324,149119
2002,325,198686
2002,326,87205.9
2002,327,78696.7
2002,328,373446
2002,329,49159
2002,330,46793.4
2002,331,578847
2002,332,50261.7
2002,333,222735
2002,334,2336342
2002,335,92734.8
2002,336,435486
2002,337,111715
2002,338,1264933
2002,339,114301
2002,340,112307
2002,341,108450
2002,342,102751
2002,343,94844
2002,344,85907
2002,345,826008
2002,346,101247
2002,347,91100.3
2002,348,756318
2002,349,1647864
2002,350,265396
2002,351,128969
2002,352,113516
2002,353,634819
2002,354,3479076
2002,355,215479
2002,356,198871
2002,357,182962
2002,358,167911
2002,359,152548
2002,360,133774
2002,361,117124
2002,362,168784
2002,363,386253
2002,364,120614
2002,365,82149.2
2002,366,73093.5
2003,1,366290
2003,2,69736.7
2003,3,61339.1
2003,4,55713.2
2003,5,66859.8
2003,6,401641
2003,7,2910747
2003,8,260291
2003,9,123030
2003,10,90119.8
2003,11,83516.6
2003,12,203652
2003,13,1154610
2003,14,376605
2003,15,1723761
2003,16,255145
2003,17,179269
2003,18,213876
2003,19,585415
2003,20,877508
2003,21,138499
2003,22,113706
2003,23,95900.1
2003,24,82349.8
2003,25,156722
2003,26,65688.8
2003,27,58643.2
2003,28,1172537
2003,29,110240
2003,30,67455.9
2003,31,58035.9
2003,32,51826.2
2003,33,47001.9
2003,34,42959.7
2003,35,39760.8
2003,36,37848
2003,37,36264.8
2003,38,34857.3
2003,39,33609.3
2003,40,394467
2003,41,58480
2003,42,33333.7
2003,43,31938.9
2003,44,41787.8
2003,45,65668.1
2003,46,28949.1
2003,47,28245
2003,48,27488.9
2003,49,26739.5
2003,50,1910126
2003,51,65352.8
2003,52,35079.9
2003,53,34333.8
2003,54,255277
2003,55,38743.9
2003,56,30045.6
2003,57,28892.1
2003,58,27585.5
2003,59,26269.4
2003,60,25006.3
2003,61,24127.9
2003,62,23458.1
2003,63,36133.9
2003,64,1086246
2003,65,255391
2003,66,32470.3
2003,67,90003.5
2003,68,26601.7
2003,69,24982
2003,70,23647.1
2003,71,22483.1
2003,72,21438.2
2003,73,20521.2
2003,74,19702
2003,75,18930.6
2003,76,18292.8
2003,77,17831.1
2003,78,17286.9
2003,79,22636.8
2003,80,19010.7
2003,81,15974.5
2003,82,198969
2003,83,16178.3
2003,84,196363
2003,85,17671.2
2003,86,648555
2003,87,18589.4
2003,88,16858.3
2003,89,15660.1
2003,90,337693
2003,91,3218095
2003,92,40086.4
2003,93,44596.6
2003,94,4381354
2003,95,636118
2003,96,237027
2003,97,157788
2003,98,155651
2003,99,149365
2003,100,141095
2003,101,127607
2003,102,114855
2003,103,102990
2003,104,93186.2
2003,105,84792.7
2003,106,72710.3
2003,107,308660
2003,108,787424
2003,109,232486
2003,110,92864.5
2003,111,59100
2003,112,50947
2003,113,44770.9
2003,114,43717.2
2003,115,36298.4
2003,116,33418.6
2003,117,31227
2003,118,29480.6
2003,119,2305622
2003,120,1918497
2003,121,98303.4
2003,122,98435.6
2003,123,94289.2
2003,124,89060.8
2003,125,83437.8
2003,126,130750
2003,127,99748.2
2003,128,212064
2003,129,71045.4
2003,130,67583.6
2003,131,64601.8
2003,132,62002.2
2003,133,1935689
2003,134,5489592
2003,135,566127
2003,136,420154
2003,137,300108
2003,138,335021
2003,139,2290624
2003,140,425363
2003,141,319550
2003,142,299440
2003,143,277933
2003,144,258098
2003,145,240925
2003,146,224820
2003,147,238400
2003,148,1496685
2003,149,1885189
2003,150,322755
2003,151,282184
2003,152,1435212
2003,153,993821
2003,154,305670
2003,155,276369
2003,156,250863
2003,157,231048
2003,158,214223
2003,159,1253197
2003,160,767457
2003,161,263340
2003,162,249720
2003,163,231445
2003,164,210532
2003,165,642398
2003,166,2237779
2003,167,708111
2003,168,295132
2003,169,274133
2003,170,2147106
2003,171,3303435
2003,172,535296
2003,173,474309
2003,174,441522
2003,175,1299626
2003,176,1264265
2003,177,494322
2003,178,438670
2003,179,410864
2003,180,613121
2003,181,635720
2003,182,361032
2003,183,335769
2003,184,316338
2003,185,289493
2003,186,264236
2003,187,243877
2003,188,227397
2003,189,474470
2003,190,213352
2003,191,200240
2003,192,189079
2003,193,179450
2003,194,170729
2003,195,1959610
2003,196,270230
2003,197,1983026
2003,198,642042
2003,199,250049
2003,200,242708
2003,201,229246
2003,202,219546
2003,203,270978
2003,204,2264458
2003,205,274691
2003,206,260615
2003,207,249532
2003,208,390432
2003,209,3218523
2003,210,402278
2003,211,385270
2003,212,360859
2003,213,338220
2003,214,356483
2003,215,303748
2003,216,3823073
2003,217,613232
2003,218,1774935
2003,219,534965
2003,220,759206
2003,221,596010
2003,222,435496
2003,223,398983
2003,224,357738
2003,225,323792
2003,226,297294
2003,227,276128
2003,228,257731
2003,229,240720
2003,230,224686
2003,231,205141
2003,232,188912
2003,233,174328
2003,234,162211
2003,235,151629
2003,236,142492
2003,237,134667
2003,238,127784
2003,239,121610
2003,240,115975
2003,241,111055
2003,242,105946
2003,243,101583
2003,244,97503.7
2003,245,93676
2003,246,117708
2003,247,185377
2003,248,84842.5
2003,249,81796.5
2003,250,615196
2003,251,81993.2
2003,252,147246
2003,253,78094
2003,254,76020.7
2003,255,74063.3
2003,256,162205
2003,257,71300.4
2003,258,69582.5
2003,259,68023.9
2003,260,66539.3
2003,261,65011.3
2003,262,63411.9
2003,263,61856.7
2003,264,60318.8
2003,265,58446.6
2003,266,56668.9
2003,267,54948.3
2003,268,5323957
2003,269,790925
2003,270,157362
2003,271,166643
2003,272,172957
2003,273,176074
2003,274,234648
2003,275,0
2003,276,175808
2003,277,3172770
2003,278,293349
2003,279,282851
2003,280,1372045
2003,281,976094
2003,282,327574
2003,283,300452
2003,284,254126
2003,285,218974
2003,286,192594
2003,287,171086
2003,288,576961
2003,289,158405
2003,290,144186
2003,291,131820
2003,292,117933
2003,293,106796
2003,294,98237.5
2003,295,3525039
2003,296,763069
2003,297,346258
2003,298,460735
2003,299,615087
2003,300,785835
2003,301,1809841
2003,302,1283840
2003,303,1527026
2003,304,3431450
2003,305,2898954
2003,306,2727470
2003,307,3360838
2003,308,1558438
2003,309,835562
2003,310,758177
2003,311,786382
2003,312,538149
2003,313,2363763
2003,314,626843
2003,315,1773258
2003,316,562363
2003,317,1054827
2003,318,1646671
2003,319,496195
2003,320,423660
2003,321,364773
2003,322,315473
2003,323,279474
2003,324,254365
2003,325,233195
2003,326,215135
2003,327,277639
2003,328,242551
2003,329,179636
2003,330,168622
2003,331,382790
2003,332,445158
2003,333,153645
2003,334,143874
2003,335,147642
2003,336,129805
2003,337,139257
2003,338,411998
2003,339,118009
2003,340,112612
2003,341,182498
2003,342,151965
2003,343,447121
2003,344,201566
2003,345,218363
2003,346,95750.1
2003,347,115774
2003,348,87693.7
2003,349,84489.6
2003,350,81437.9
2003,351,78483
2003,352,307294
2003,353,77110.2
2003,354,72778.8
2003,355,70203.1
2003,356,67730.6
2003,357,404589
2003,358,92411.8
2003,359,525133
2003,360,159027
2003,361,311376
2003,362,2998492
2003,363,212056
2003,364,192156
2003,365,99974
2003,366,172351
2004,1,1293597
2004,2,1130534
2004,3,146558
2004,4,2287766
2004,5,4245546
2004,6,619936
2004,7,355445
2004,8,3555484
2004,9,488213
2004,10,419056
2004,11,334035
2004,12,470011
2004,13,1660182
2004,14,1721274
2004,15,906761
2004,16,320490
2004,17,268114
2004,18,534143
2004,19,2061488
2004,20,870876
2004,21,1827530
2004,22,1658426
2004,23,412020
2004,24,272287
2004,25,228393
2004,26,192537
2004,27,166168
2004,28,146354
2004,29,127728
2004,30,114929
2004,31,111579
2004,32,97223.5
2004,33,90770
2004,34,182829
2004,35,82009.2
2004,36,201467
2004,37,97522.9
2004,38,102210
2004,39,67939
2004,40,65260.6
2004,41,252036
2004,42,168909
2004,43,75864.8
2004,44,58303.7
2004,45,56543.2
2004,46,54694.4
2004,47,53039.7
2004,48,51588.8
2004,49,934649
2004,50,54169.1
2004,51,51871.4
2004,52,1260271
2004,53,1755792
2004,54,246946
2004,55,664078
2004,56,76301.9
2004,57,73669
2004,58,356669
2004,59,118910
2004,60,66274.9
2004,61,62490.2
2004,62,151522
2004,63,2345340
2004,64,183583
2004,65,178366
2004,66,909210
2004,67,1648248
2004,68,283539
2004,69,1361234
2004,70,355834
2004,71,1583937
2004,72,968121
2004,73,237069
2004,74,208101
2004,75,150453
2004,76,129876
2004,77,109073
2004,78,93304.9
2004,79,503532
2004,80,91333.3
2004,81,79662.7
2004,82,69975.4
2004,83,62547
2004,84,136954
2004,85,53830.3
2004,86,49651
2004,87,45966.7
2004,88,42956.9
2004,89,100917
2004,90,39248.5
2004,91,37506.1
2004,92,687778
2004,93,41542.8
2004,94,1147010
2004,95,342231
2004,96,578966
2004,97,753198
2004,98,59013.4
2004,99,57822.2
2004,100,56210.8
2004,101,54201.8
2004,102,52225
2004,103,50353.4
2004,104,48306.1
2004,105,110073
2004,106,1202213
2004,107,943957
2004,108,2264251
2004,109,149717
2004,110,135362
2004,111,1311702
2004,112,357387
2004,113,141551
2004,114,127238
2004,115,141845
2004,116,2675442
2004,117,208471
2004,118,194091
2004,119,178498
2004,120,814759
2004,121,1504958
2004,122,232968
2004,123,201827
2004,124,178099
2004,125,159704
2004,126,142757
2004,127,258425
2004,128,123201
2004,129,112965
2004,130,104180
2004,131,92864.6
2004,132,83521.2
2004,133,76107.6
2004,134,88436.7
2004,135,109529
2004,136,61771.2
2004,137,1926535
2004,138,204739
2004,139,221860
2004,140,602938
2004,141,135916
2004,142,100002
2004,143,96288.3
2004,144,92435.3
2004,145,166450
2004,146,90463.8
2004,147,86117.7
2004,148,83666.6
2004,149,545634
2004,150,3393446
2004,151,1377157
2004,152,3280080
2004,153,375747
2004,154,357874
2004,155,331658
2004,156,305121
2004,157,280155
2004,158,261405
2004,159,1993036
2004,160,1072838
2004,161,355822
2004,162,332528
2004,163,313198
2004,164,292550
2004,165,261540
2004,166,913802
2004,167,309849
2004,168,224358
2004,169,202954
2004,170,185729
2004,171,171258
2004,172,158889
2004,173,3968810
2004,174,777882
2004,175,319158
2004,176,299840
2004,177,282588
2004,178,588064
2004,179,271329
2004,180,259327
2004,181,245137
2004,182,1815285
2004,183,310944
2004,184,296917
2004,185,283576
2004,186,271303
2004,187,260426
2004,188,238202
2004,189,1153578
2004,190,584544
2004,191,259720
2004,192,244799
2004,193,230679
2004,194,442424
2004,195,4531738
2004,196,441991
2004,197,416747
2004,198,4735356
2004,199,546909
2004,200,485593
2004,201,2575475
2004,202,506010
2004,203,450017
2004,204,398062
2004,205,356563
2004,206,327569
2004,207,306610
2004,208,4977151
2004,209,621945
2004,210,550639
2004,211,494547
2004,212,448924
2004,213,400536
2004,214,446987
2004,215,340832
2004,216,313248
2004,217,330843
2004,218,274956
2004,219,924616
2004,220,1115612
2004,221,320964
2004,222,308422
2004,223,283751
2004,224,263861
2004,225,247731
2004,226,234139
2004,227,221874
2004,228,210702
2004,229,200852
2004,230,192412
2004,231,184881
2004,232,176944
2004,233,699981
2004,234,177141
2004,235,166989
2004,236,158139
2004,237,150087
2004,238,142802
2004,239,136296
2004,240,130339
2004,241,124798
2004,242,119527
2004,243,114594
2004,244,110073
2004,245,105889
2004,246,101920
2004,247,98178.6
2004,248,94259.4
2004,249,636916
2004,250,95915.1
2004,251,92452
2004,252,6152320
2004,253,361839
2004,254,221872
2004,255,228284
2004,256,229417
2004,257,226954
2004,258,222407
2004,259,215887
2004,260,207898
2004,261,199582
2004,262,191510
2004,263,189503
2004,264,177902
2004,265,171152
2004,266,164661
2004,267,148889
2004,268,135334
2004,269,123736
2004,270,312634
2004,271,111423
2004,272,103503
2004,273,96759
2004,274,91062.6
2004,275,86155.7
2004,276,81861.3
2004,277,128641
2004,278,75766.7
2004,279,451768
2004,280,91136.6
2004,281,1120358
2004,282,363466
2004,283,1630357
2004,284,521672
2004,285,683562
2004,286,675568
2004,287,863451
2004,288,1037031
2004,289,825866
2004,290,403580
2004,291,2031478
2004,292,481440
2004,293,870008
2004,294,1320347
2004,295,674363
2004,296,496862
2004,297,397214
2004,298,354123
2004,299,314838
2004,300,420216
2004,301,255564
2004,302,376428
2004,303,207463
2004,304,185725
2004,305,474967
2004,306,454043
2004,307,481703
2004,308,926805
2004,309,530867
2004,310,664679
2004,311,181730
2004,312,169077
2004,313,157248
2004,314,413356
2004,315,146576
2004,316,137677
2004,317,192701
2004,318,2355923
2004,319,2990361
2004,320,1815977
2004,321,404893
2004,322,335181
2004,323,307687
2004,324,276539
2004,325,245152
2004,326,218999
2004,327,261197
2004,328,183053
2004,329,891145
2004,330,190855
2004,331,684909
2004,332,2660716
2004,333,406360
2004,334,312310
2004,335,230252
2004,336,200350
2004,337,176204
2004,338,206163
2004,339,1396037
2004,340,181782
2004,341,586335
2004,342,171320
2004,343,447506
2004,344,204364
2004,345,211887
2004,346,170933
2004,347,119351
2004,348,128573
2004,349,98675.1
2004,350,101878
2004,351,697337
2004,352,210224
2004,353,162385
2004,354,123185
2004,355,530520
2004,356,86143.7
2004,357,77337.6
2004,358,71877.1
2004,359,67444.5
2004,360,147778
2004,361,83113.4
2004,362,413670
2004,363,299621
2004,364,148780
2004,365,59261.3
2004,366,56669.6
2005,1,984647
2005,2,227992
2005,3,156836
2005,4,154004
2005,5,57500.8
2005,6,576225
2005,7,174851
2005,8,58642.9
2005,9,55241.2
2005,10,52061.7
2005,11,396394
2005,12,374634
2005,13,57673.3
2005,14,51098.1
2005,15,173808
2005,16,342193
2005,17,58033.2
2005,18,451890
2005,19,90068.6
2005,20,43192.5
2005,21,40375.8
2005,22,37906.3
2005,23,297252
2005,24,36514.8
2005,25,34349.4
2005,26,786653
2005,27,41158
2005,28,37925.9
2005,29,535703
2005,30,224514
2005,31,37297.5
2005,32,85000
2005,33,235441
2005,34,41660
2005,35,234120
2005,36,890806
2005,37,43163.8
2005,38,85131.5
2005,39,35848.9
2005,40,33535
2005,41,30927.4
2005,42,28678.7
2005,43,8545825
2005,44,171096
2005,45,2766116
2005,46,232160
2005,47,289451
2005,48,205593
2005,49,1621606
2005,50,290294
2005,51,199098
2005,52,165835
2005,53,138773
2005,54,3486328
2005,55,380185
2005,56,252450
2005,57,214253
2005,58,4416530
2005,59,771841
2005,60,300788
2005,61,287701
2005,62,184885
2005,63,1866610
2005,64,700554
2005,65,191844
2005,66,725325
2005,67,160609
2005,68,139917
2005,69,118841
2005,70,103381
2005,71,91270.3
2005,72,81885
2005,73,924224
2005,74,157549
2005,75,139049
2005,76,993438
2005,77,247175
2005,78,383150
2005,79,134236
2005,80,97912.4
2005,81,72870.5
2005,82,72000.1
2005,83,734090
2005,84,71835.6
2005,85,65951.6
2005,86,61977.1
2005,87,58737.4
2005,88,55245
2005,89,52174.6
2005,90,49486.6
2005,91,46888.3
2005,92,526197
2005,93,739858
2005,94,59102.1
2005,95,54508.1
2005,96,51938.8
2005,97,49640.2
2005,98,47190.7
2005,99,45180.9
2005,100,43447
2005,101,731722
2005,102,171287
2005,103,47321.5
2005,104,45705.1
2005,105,44225.1
2005,106,42773.2
2005,107,41056.4
2005,108,230872
2005,109,42448.6
2005,110,40852.6
2005,111,1189531
2005,112,48500.6
2005,113,47357.5
2005,114,46044.5
2005,115,44546.9
2005,116,42159.4
2005,117,39963.5
2005,118,38080.6
2005,119,36415.2
2005,120,67620.2
2005,121,13605280
2005,122,794639
2005,123,762637
2005,124,365554
2005,125,677267
2005,126,369202
2005,127,347082
2005,128,325483
2005,129,305882
2005,130,285056
2005,131,262816
2005,132,241105
2005,133,221782
2005,134,205519
2005,135,191615
2005,136,159788
2005,137,409459
2005,138,580071
2005,139,316394
2005,140,126963
2005,141,340083
2005,142,1525480
2005,143,249499
2005,144,694886
2005,145,181561
2005,146,145268
2005,147,138266
2005,148,132136
2005,149,126222
2005,150,120707
2005,151,115762
2005,152,110804
2005,153,503678
2005,154,113509
2005,155,107538
2005,156,102020
2005,157,95087
2005,158,2773427
2005,159,177782
2005,160,169890
2005,161,162269
2005,162,155320
2005,163,149644
2005,164,144705
2005,165,139757
2005,166,2974111
2005,167,651635
2005,168,272852
2005,169,267859
2005,170,260951
2005,171,252798
2005,172,243387
2005,173,221510
2005,174,609680
2005,175,210755
2005,176,225829
2005,177,236124
2005,178,640959
2005,179,420148
2005,180,193363
2005,181,478281
2005,182,3666398
2005,183,336889
2005,184,368181
2005,185,2947857
2005,186,425923
2005,187,407895
2005,188,389810
2005,189,368791
2005,190,518586
2005,191,2250446
2005,192,616746
2005,193,2082053
2005,194,1392888
2005,195,688889
2005,196,517712
2005,197,551374
2005,198,421220
2005,199,385086
2005,200,347950
2005,201,317501
2005,202,291868
2005,203,399779
2005,204,260806
2005,205,245050
2005,206,227495
2005,207,1875230
2005,208,280996
2005,209,255445
2005,210,252843
2005,211,216519
2005,212,202538
2005,213,190260
2005,214,178952
2005,215,222620
2005,216,161801
2005,217,153550
2005,218,529582
2005,219,269930
2005,220,1849778
2005,221,938565
2005,222,335907
2005,223,1579219
2005,224,230872
2005,225,220084
2005,226,1028533
2005,227,243955
2005,228,328638
2005,229,3183144
2005,230,382792
2005,231,379605
2005,232,373774
2005,233,364251
2005,234,353401
2005,235,333406
2005,236,313750
2005,237,296652
2005,238,277609
2005,239,261788
2005,240,246728
2005,241,227647
2005,242,210054
2005,243,195648
2005,244,179003
2005,245,164899
2005,246,152880
2005,247,142650
2005,248,133820
2005,249,126535
2005,250,197627
2005,251,114729
2005,252,108878
2005,253,103538
2005,254,98699.9
2005,255,103743
2005,256,317352
2005,257,89842.5
2005,258,86295.7
2005,259,83005.7
2005,260,3015950
2005,261,122528
2005,262,632028
2005,263,137176
2005,264,141028
2005,265,144293
2005,266,280926
2005,267,626744
2005,268,213172
2005,269,177759
2005,270,276222
2005,271,183387
2005,272,182232
2005,273,180311
2005,274,473524
2005,275,0
2005,276,307526
2005,277,177798
2005,278,164131
2005,279,150665
2005,280,138748
2005,281,128278
2005,282,118491
2005,283,775945
2005,284,123985
2005,285,115961
2005,286,345905
2005,287,118684
2005,288,102396
2005,289,96734.6
2005,290,91395.3
2005,291,86393.1
2005,292,81795.5
2005,293,77665.3
2005,294,74075.7
2005,295,865902
2005,296,86346.7
2005,297,83464.3
2005,298,3544870
2005,299,198168
2005,300,338347
2005,301,501498
2005,302,1166866
2005,303,7093808
2005,304,1616867
2005,305,1586467
2005,306,753082
2005,307,776428
2005,308,7185392
2005,309,1071580
2005,310,826630
2005,311,716753
2005,312,619125
2005,313,1643487
2005,314,1673553
2005,315,565141
2005,316,481166
2005,317,413614
2005,318,350634
2005,319,303398
2005,320,266268
2005,321,237020
2005,322,214674
2005,323,192885
2005,324,175587
2005,325,161774
2005,326,150352
2005,327,141441
2005,328,170364
2005,329,332260
2005,330,179956
2005,331,119652
2005,332,142595
2005,333,394854
2005,334,120746
2005,335,104209
2005,336,1600702
2005,337,639553
2005,338,273283
2005,339,118316
2005,340,115308
2005,341,112038
2005,342,183772
2005,343,106837
2005,344,101778
2005,345,96859.2
2005,346,92587.9
2005,347,88487.9
2005,348,84519.5
2005,349,81158.4
2005,350,110360
2005,351,106136
2005,352,71034.2
2005,353,67927.7
2005,354,65171.6
2005,355,69750.4
2005,356,2047914
2005,357,133603
2005,358,142812
2005,359,76591.1
2005,360,125402
2005,361,722697
2005,362,193258
2005,363,84342.6
2005,364,334018
2005,365,74219.7
2005,366,70527.7
2006,1,67203
2006,2,64099.8
2006,3,61229.7
2006,4,1204157
2006,5,154110
2006,6,75191
2006,7,1319708
2006,8,88778.5
2006,9,79096.7
2006,10,68910.5
2006,11,279812
2006,12,60079.5
2006,13,54314.6
2006,14,58319.5
2006,15,45843
2006,16,42786.9
2006,17,132619
2006,18,39989.4
2006,19,37642.7
2006,20,35647.6
2006,21,33928.7
2006,22,32213.7
2006,23,125820
2006,24,30413.5
2006,25,29149.9
2006,26,27984.1
2006,27,26996.6
2006,28,2079394
2006,29,75929.4
2006,30,946259
2006,31,625724
2006,32,1956234
2006,33,729750
2006,34,78050.8
2006,35,77456.9
2006,36,374100
2006,37,309557
2006,38,275852
2006,39,3839740
2006,40,309573
2006,41,195686
2006,42,176510
2006,43,144612
2006,44,369957
2006,45,110569
2006,46,166299
2006,47,726259
2006,48,1197889
2006,49,548699
2006,50,147648
2006,51,91509.8
2006,52,77084.5
2006,53,65911.3
2006,54,55072.5
2006,55,47784.8
2006,56,223478
2006,57,41490.2
2006,58,367405
2006,59,41491.8
2006,60,36813
2006,61,34248.7
2006,62,32167.5
2006,63,30268
2006,64,28605.5
2006,65,27308.7
2006,66,27925
2006,67,28945.8
2006,68,41468.5
2006,69,90386.5
2006,70,1087088
2006,71,450630
2006,72,31889.2
2006,73,30361.6
2006,74,29569.7
2006,75,108516
2006,76,694731
2006,77,217855
2006,78,192517
2006,79,30331.9
2006,80,29233.9
2006,81,156823
2006,82,28549.7
2006,83,27022.4
2006,84,25817.6
2006,85,24312.4
2006,86,22948.4
2006,87,21885.9
2006,88,20890.3
2006,89,80166.8
2006,90,74538.1
2006,91,28957.4
2006,92,126198
2006,93,53546.8
2006,94,20497
2006,95,19960.1
2006,96,19487.3
2006,97,19077.9
2006,98,18712.4
2006,99,18379.6
2006,100,18069.4
2006,101,17772.8
2006,102,17486.6
2006,103,17210.2
2006,104,16941
2006,105,16678.4
2006,106,16423.5
2006,107,467623
2006,108,799654
2006,109,42519.6
2006,110,20413
2006,111,17771.4
2006,112,17468.4
2006,113,17232.5
2006,114,16964.8
2006,115,16690.5
2006,116,16538.8
2006,117,16094.1
2006,118,15823.6
2006,119,177850
2006,120,16353.5
2006,121,16082.2
2006,122,93807.4
2006,123,15510.6
2006,124,14932.8
2006,125,14427.4
2006,126,13988.5
2006,127,13604.3
2006,128,13265.1
2006,129,19871
2006,130,760222
2006,131,11190458
2006,132,186604
2006,133,240360
2006,134,3720054
2006,135,5186350
2006,136,6120606
2006,137,2100038
2006,138,773133
2006,139,729933
2006,140,685376
2006,141,638906
2006,142,567788
2006,143,517036
2006,144,877608
2006,145,2458752
2006,146,573116
2006,147,2618016
2006,148,2106821
2006,149,729430
2006,150,507092
2006,151,414215
2006,152,348436
2006,153,301617
2006,154,266502
2006,155,239486
2006,156,218862
2006,157,202931
2006,158,189873
2006,159,178126
2006,160,226088
2006,161,158879
2006,162,149032
2006,163,394462
2006,164,183006
2006,165,134770
2006,166,128927
2006,167,123699
2006,168,118904
2006,169,163654
2006,170,1452097
2006,171,135884
2006,172,133537
2006,173,131437
2006,174,129326
2006,175,1567221
2006,176,1671300
2006,177,215946
2006,178,335903
2006,179,229630
2006,180,232639
2006,181,233449
2006,182,231646
2006,183,3179660
2006,184,538337
2006,185,379196
2006,186,364060
2006,187,349453
2006,188,529740
2006,189,335665
2006,190,315620
2006,191,292827
2006,192,273472
2006,193,256248
2006,194,241135
2006,195,227835
2006,196,215921
2006,197,205600
2006,198,190644
2006,199,176308
2006,200,2050089
2006,201,219694
2006,202,204325
2006,203,190705
2006,204,178999
2006,205,168743
2006,206,159462
2006,207,150849
2006,208,142744
2006,209,1704951
2006,210,294155
2006,211,172780
2006,212,164864
2006,213,1329203
2006,214,191578
2006,215,700048
2006,216,189351
2006,217,3340511
2006,218,1993046
2006,219,393249
2006,220,391412
2006,221,386036
2006,222,378485
2006,223,368880
2006,224,348174
2006,225,328516
2006,226,1111173
2006,227,350450
2006,228,357131
2006,229,2501476
2006,230,447355
2006,231,420566
2006,232,479149
2006,233,2620880
2006,234,468281
2006,235,426018
2006,236,389932
2006,237,475907
2006,238,2376628
2006,239,668684
2006,240,443136
2006,241,413137
2006,242,387345
2006,243,363888
2006,244,675551
2006,245,343107
2006,246,653246
2006,247,313083
2006,248,288105
2006,249,1069382
2006,250,1057014
2006,251,379457
2006,252,307299
2006,253,284793
2006,254,265330
2006,255,248845
2006,256,234622
2006,257,1117692
2006,258,256634
2006,259,245090
2006,260,234771
2006,261,224066
2006,262,223009
2006,263,330354
2006,264,200785
2006,265,189472
2006,266,178002
2006,267,167042
2006,268,157188
2006,269,151240
2006,270,140539
2006,271,133524
2006,272,126158
2006,273,119724
2006,274,113873
2006,275,0
2006,276,108523
2006,277,375285
2006,278,104622
2006,279,100076
2006,280,95814.7
2006,281,91848.9
2006,282,88168
2006,283,84734.5
2006,284,81467.5
2006,285,83751.4
2006,286,75358.1
2006,287,1802162
2006,288,94020.1
2006,289,223799
2006,290,92327.7
2006,291,91307.6
2006,292,90007.9
2006,293,88755.1
2006,294,87531.3
2006,295,86327
2006,296,85143.9
2006,297,83941
2006,298,82660.8
2006,299,81301.4
2006,300,479061
2006,301,194597
2006,302,244814
2006,303,366756
2006,304,513978
2006,305,679102
2006,306,879748
2006,307,1298646
2006,308,718427
2006,309,755459
2006,310,206767
2006,311,418522
2006,312,199169
2006,313,246957
2006,314,2097098
2006,315,268142
2006,316,248778
2006,317,227691
2006,318,205665
2006,319,183063
2006,320,263988
2006,321,147155
2006,322,128858
2006,323,114249
2006,324,101195
2006,325,91120.8
2006,326,82667.8
2006,327,129516
2006,328,3378407
2006,329,662750
2006,330,1353458
2006,331,220001
2006,332,168743
2006,333,155964
2006,334,144245
2006,335,133714
2006,336,124432
2006,337,115809
2006,338,107544
2006,339,98579.1
2006,340,90798.9
2006,341,83734.4
2006,342,77659.2
2006,343,70328.8
2006,344,64530.8
2006,345,59422.4
2006,346,55195.2
2006,347,1724289
2006,348,368749
2006,349,114946
2006,350,73568.5
2006,351,1463200
2006,352,1194429
2006,353,109290
2006,354,184234
2006,355,1208581
2006,356,127802
2006,357,121988
2006,358,113354
2006,359,107176
2006,360,99100
2006,361,91822.9
2006,362,295193
2006,363,78969.7
2006,364,70217.3
2006,365,104256
2006,366,58249.3
2007,1,53028.9
2007,2,2294116
2007,3,3739052
2007,4,1453174
2007,5,242430
2007,6,278757
2007,7,162796
2007,8,1689329
2007,9,647223
2007,10,318834
2007,11,175380
2007,12,159039
2007,13,142308
2007,14,127355
2007,15,531445
2007,16,124690
2007,17,106176
2007,18,89465.5
2007,19,76383.8
2007,20,66780.9
2007,21,63630.9
2007,22,54959.9
2007,23,77705.7
2007,24,759460
2007,25,3518544
2007,26,362962
2007,27,1145526
2007,28,366264
2007,29,3240961
2007,30,1478305
2007,31,323052
2007,32,209381
2007,33,467390
2007,34,209039
2007,35,424700
2007,36,1582601
2007,37,1602393
2007,38,259061
2007,39,224351
2007,40,237726
2007,41,152170
2007,42,126747
2007,43,841423
2007,44,288382
2007,45,114781
2007,46,155547
2007,47,83549.8
2007,48,74529.4
2007,49,445447
2007,50,71474.4
2007,51,64996.7
2007,52,1672296
2007,53,2003743
2007,54,177042
2007,55,104230
2007,56,94908.6
2007,57,85397.7
2007,58,1092582
2007,59,818989
2007,60,118357
2007,61,91572.3
2007,62,149141
2007,63,76709
2007,64,69217.4
2007,65,118793
2007,66,74201.4
2007,67,55415.3
2007,68,52169.4
2007,69,419474
2007,70,50922
2007,71,47381.9
2007,72,198331
2007,73,48945.9
2007,74,41745.7
2007,75,39780
2007,76,38020.8
2007,77,47178.9
2007,78,35330.6
2007,79,34312.1
2007,80,33367.1
2007,81,32641
2007,82,46168.3
2007,83,31024.8
2007,84,30386.1
2007,85,29688.5
2007,86,101676
2007,87,319478
2007,88,1000745
2007,89,1551186
2007,90,1622171
2007,91,1089822
2007,92,194673
2007,93,78470.9
2007,94,1659053
2007,95,6570660
2007,96,275900
2007,97,290598
2007,98,2373935
2007,99,381047
2007,100,358761
2007,101,328020
2007,102,298311
2007,103,253638
2007,104,217450
2007,105,186697
2007,106,161025
2007,107,1330383
2007,108,1691100
2007,109,1108348
2007,110,303623
2007,111,214425
2007,112,208679
2007,113,153792
2007,114,134889
2007,115,120674
2007,116,266604
2007,117,239960
2007,118,100756
2007,119,93829.5
2007,120,87916.6
2007,121,538440
2007,122,231756
2007,123,134767
2007,124,624040
2007,125,144071
2007,126,84199.2
2007,127,878411
2007,128,168715
2007,129,885811
2007,130,166639
2007,131,104591
2007,132,100044
2007,133,95526.4
2007,134,3976170
2007,135,217963
2007,136,217214
2007,137,214890
2007,138,210676
2007,139,202088
2007,140,3375174
2007,141,346308
2007,142,530063
2007,143,1594488
2007,144,360740
2007,145,338182
2007,146,307755
2007,147,286164
2007,148,267329
2007,149,237934
2007,150,1197466
2007,151,3489044
2007,152,431696
2007,153,395774
2007,154,362645
2007,155,336715
2007,156,840633
2007,157,296196
2007,158,269672
2007,159,248076
2007,160,229739
2007,161,719537
2007,162,6902318
2007,163,576470
2007,164,544278
2007,165,502232
2007,166,1762465
2007,167,2463191
2007,168,580678
2007,169,518104
2007,170,2377523
2007,171,567384
2007,172,520140
2007,173,480304
2007,174,445345
2007,175,415108
2007,176,1123898
2007,177,2643615
2007,178,529752
2007,179,474364
2007,180,431690
2007,181,392333
2007,182,355037
2007,183,325063
2007,184,300113
2007,185,898898
2007,186,290365
2007,187,271989
2007,188,262826
2007,189,244271
2007,190,233039
2007,191,221254
2007,192,207535
2007,193,196048
2007,194,185886
2007,195,176754
2007,196,181986
2007,197,443057
2007,198,163351
2007,199,158500
2007,200,149553
2007,201,142725
2007,202,160359
2007,203,130807
2007,204,125695
2007,205,120934
2007,206,1671980
2007,207,1050516
2007,208,172838
2007,209,1781131
2007,210,299864
2007,211,230770
2007,212,231224
2007,213,230126
2007,214,227564
2007,215,224076
2007,216,4319270
2007,217,432763
2007,218,430181
2007,219,421576
2007,220,748220
2007,221,466161
2007,222,2103318
2007,223,2536184
2007,224,570593
2007,225,518583
2007,226,475129
2007,227,436780
2007,228,700312
2007,229,573940
2007,230,376230
2007,231,337141
2007,232,305465
2007,233,291202
2007,234,316371
2007,235,246491
2007,236,231219
2007,237,215276
2007,238,198468
2007,239,184566
2007,240,172743
2007,241,162654
2007,242,155223
2007,243,263819
2007,244,141557
2007,245,134120
2007,246,127275
2007,247,121044
2007,248,412572
2007,249,116071
2007,250,111115
2007,251,106662
2007,252,102597
2007,253,98764.2
2007,254,95155.8
2007,255,91751.9
2007,256,88514.4
2007,257,85464.9
2007,258,82449.2
2007,259,79567.8
2007,260,128221
2007,261,74932.8
2007,262,72612.1
2007,263,70207.8
2007,264,67919.4
2007,265,65771.9
2007,266,252315
2007,267,63749.4
2007,268,447338
2007,269,64331.7
2007,270,62730.5
2007,271,503031
2007,272,220898
2007,273,65956.8
2007,274,64752.4
2007,275,0
2007,276,1083359
2007,277,5371836
2007,278,184354
2007,279,198096
2007,280,206982
2007,281,213932
2007,282,219431
2007,283,222488
2007,284,221938
2007,285,562940
2007,286,308365
2007,287,234507
2007,288,225881
2007,289,216351
2007,290,1552293
2007,291,6425854
2007,292,624243
2007,293,745701
2007,294,1009020
2007,295,997254
2007,296,843205
2007,297,557190
2007,298,975561
2007,299,567423
2007,300,323811
2007,301,293083
2007,302,264614
2007,303,239248
2007,304,219527
2007,305,200335
2007,306,177496
2007,307,382068
2007,308,281249
2007,309,146715
2007,310,1999386
2007,311,197423
2007,312,182997
2007,313,169803
2007,314,158442
2007,315,148628
2007,316,139752
2007,317,135507
2007,318,2583429
2007,319,201938
2007,320,339529
2007,321,14010422
2007,322,5576264
2007,323,965705
2007,324,835191
2007,325,831462
2007,326,669160
2007,327,589474
2007,328,517568
2007,329,453754
2007,330,399642
2007,331,591782
2007,332,709328
2007,333,5526758
2007,334,715096
2007,335,657837
2007,336,550351
2007,337,952380
2007,338,401256
2007,339,320368
2007,340,282548
2007,341,252717
2007,342,229283
2007,343,211404
2007,344,196247
2007,345,182703
2007,346,181432
2007,347,187280
2007,348,764180
2007,349,156912
2007,350,145181
2007,351,136012
2007,352,970119
2007,353,136565
2007,354,128288
2007,355,179289
2007,356,315048
2007,357,112336
2007,358,106692
2007,359,101664
2007,360,97006.3
2007,361,92573.1
2007,362,124316
2007,363,702523
2007,364,90274
2007,365,84171.8
2007,366,80461.4
2008,1,108397
2008,2,499200
2008,3,74617
2008,4,1744682
2008,5,539310
2008,6,90143.3
2008,7,86582.5
2008,8,83169.4
2008,9,77588.3
2008,10,73233.3
2008,11,69790.2
2008,12,224306
2008,13,802950
2008,14,100786
2008,15,71570.1
2008,16,67735.3
2008,17,69676.8
2008,18,59831.1
2008,19,55323.6
2008,20,1002011
2008,21,446495
2008,22,443239
2008,23,66754.8
2008,24,60626.8
2008,25,56200.6
2008,26,95148.3
2008,27,48999.3
2008,28,2002252
2008,29,1309149
2008,30,108590
2008,31,86967.2
2008,32,80654.4
2008,33,75268.3
2008,34,68208.3
2008,35,1112469
2008,36,2495759
2008,37,277481
2008,38,133504
2008,39,113202
2008,40,97380.8
2008,41,122406
2008,42,895148
2008,43,95586.9
2008,44,78765.8
2008,45,84907.7
2008,46,141498
2008,47,55145.7
2008,48,148414
2008,49,1011221
2008,50,286794
2008,51,64010.7
2008,52,54347.7
2008,53,47748.6
2008,54,2121478
2008,55,83519.1
2008,56,76242.7
2008,57,67761
2008,58,541347
2008,59,99985.7
2008,60,706613
2008,61,69597.1
2008,62,60402.5
2008,63,54720.6
2008,64,48649.4
2008,65,112779
2008,66,41085.3
2008,67,194500
2008,68,75460.5
2008,69,119553
2008,70,333171
2008,71,75153.4
2008,72,421957
2008,73,37157.9
2008,74,33360.3
2008,75,38464.6
2008,76,28953.6
2008,77,27350
2008,78,27665
2008,79,742593
2008,80,33145.1
2008,81,1428110
2008,82,1423050
2008,83,2664618
2008,84,368218
2008,85,117037
2008,86,113947
2008,87,105202
2008,88,156806
2008,89,87473
2008,90,78745.7
2008,91,71624.6
2008,92,72112.7
2008,93,62043.2
2008,94,55918.4
2008,95,51152.1
2008,96,45912.3
2008,97,41001.7
2008,98,36514
2008,99,33172.7
2008,100,30639.9
2008,101,28705.7
2008,102,27234
2008,103,39967.2
2008,104,734361
2008,105,29686.6
2008,106,28305.5
2008,107,27703.7
2008,108,177305
2008,109,26345.4
2008,110,25580.1
2008,111,24875.3
2008,112,24223.4
2008,113,23598.5
2008,114,22998.4
2008,115,141917
2008,116,22695
2008,117,22189.1
2008,118,21698.1
2008,119,21022.3
2008,120,20424.2
2008,121,41945.9
2008,122,19554.5
2008,123,19117.9
2008,124,18717.6
2008,125,18347.7
2008,126,18001.4
2008,127,17675.6
2008,128,17371.1
2008,129,17085.7
2008,130,16809.2
2008,131,16547.9
2008,132,754426
2008,133,41724.9
2008,134,1077622
2008,135,813841
2008,136,27490.9
2008,137,29994.8
2008,138,32198
2008,139,33994.5
2008,140,35303.8
2008,141,36108.4
2008,142,944589
2008,143,56062.4
2008,144,57984.1
2008,145,59079.3
2008,146,78998.3
2008,147,732069
2008,148,599205
2008,149,1835839
2008,150,3629206
2008,151,377338
2008,152,265911
2008,153,255728
2008,154,243312
2008,155,270184
2008,156,280331
2008,157,204883
2008,158,189545
2008,159,176115
2008,160,164308
2008,161,154204
2008,162,143183
2008,163,145845
2008,164,636554
2008,165,136525
2008,166,119715
2008,167,190537
2008,168,104399
2008,169,112312
2008,170,131552
2008,171,193677
2008,172,152288
2008,173,495849
2008,174,235383
2008,175,89651.8
2008,176,454165
2008,177,327203
2008,178,126082
2008,179,99305.5
2008,180,239873
2008,181,98379.4
2008,182,95679.9
2008,183,883591
2008,184,831272
2008,185,204079
2008,186,148250
2008,187,146486
2008,188,142612
2008,189,198758
2008,190,137505
2008,191,132820
2008,192,183042
2008,193,161244
2008,194,121547
2008,195,222696
2008,196,117006
2008,197,944163
2008,198,277849
2008,199,128010
2008,200,340078
2008,201,630668
2008,202,126661
2008,203,3041280
2008,204,877273
2008,205,249058
2008,206,245215
2008,207,343329
2008,208,236798
2008,209,228611
2008,210,934559
2008,211,3740117
2008,212,396422
2008,213,360768
2008,214,1004234
2008,215,1044740
2008,216,574057
2008,217,382045
2008,218,347662
2008,219,317545
2008,220,324317
2008,221,285806
2008,222,252182
2008,223,234032
2008,224,274501
2008,225,367821
2008,226,2637932
2008,227,292431
2008,228,1246308
2008,229,626145
2008,230,271226
2008,231,252598
2008,232,1336373
2008,233,626335
2008,234,291074
2008,235,280007
2008,236,270108
2008,237,260794
2008,238,251735
2008,239,242972
2008,240,234247
2008,241,220221
2008,242,208150
2008,243,194037
2008,244,269903
2008,245,403371
2008,246,169803
2008,247,3236166
2008,248,261173
2008,249,242174
2008,250,276339
2008,251,274364
2008,252,457152
2008,253,335613
2008,254,188253
2008,255,397180
2008,256,176533
2008,257,168679
2008,258,163012
2008,259,4475580
2008,260,359172
2008,261,359013
2008,262,338318
2008,263,584197
2008,264,1101030
2008,265,395998
2008,266,335411
2008,267,318115
2008,268,569977
2008,269,288031
2008,270,265211
2008,271,248670
2008,272,523881
2008,273,245931
2008,274,225256
2008,275,208088
2008,276,340014
2008,277,185940
2008,278,172383
2008,279,468306
2008,280,2543813
2008,281,225646
2008,282,2491323
2008,283,5455160
2008,284,440235
2008,285,421808
2008,286,410506
2008,287,397832
2008,288,383825
2008,289,469068
2008,290,534681
2008,291,513434
2008,292,482900
2008,293,730625
2008,294,2998696
2008,295,1936496
2008,296,1419815
2008,297,1595647
2008,298,1502798
2008,299,974426
2008,300,537383
2008,301,476597
2008,302,509160
2008,303,388005
2008,304,352167
2008,305,323287
2008,306,432278
2008,307,689358
2008,308,284638
2008,309,591622
2008,310,969278
2008,311,436518
2008,312,284644
2008,313,227429
2008,314,208026
2008,315,201711
2008,316,187290
2008,317,986834
2008,318,252844
2008,319,170798
2008,320,160875
2008,321,151467
2008,322,142188
2008,323,134062
2008,324,126077
2008,325,118300
2008,326,111540
2008,327,105697
2008,328,100436
2008,329,95558.7
2008,330,91096.8
2008,331,155079
2008,332,162044
2008,333,189419
2008,334,1644191
2008,335,95797.7
2008,336,92170.5
2008,337,95271.2
2008,338,85365.6
2008,339,115459
2008,340,78210.8
2008,341,74184.7
2008,342,71047.5
2008,343,70196.2
2008,344,148548
2008,345,1886828
2008,346,118670
2008,347,101122
2008,348,1030859
2008,349,106572
2008,350,98950.6
2008,351,101489
2008,352,2093140
2008,353,209031
2008,354,899984
2008,355,154683
2008,356,1211269
2008,357,272235
2008,358,309588
2008,359,157641
2008,360,138709
2008,361,121291
2008,362,132958
2008,363,603781
2008,364,103432
2008,365,92517.8
2008,366,83621.5
2009,1,812224
2009,2,93873.5
2009,3,77336.9
2009,4,612866
2009,5,3461111
2009,6,211849
2009,7,138880
2009,8,122321
2009,9,107057
2009,10,91749
2009,11,268064
2009,12,76058.4
2009,13,68252.3
2009,14,61973.1
2009,15,794936
2009,16,122933
2009,17,157720
2009,18,61223
2009,19,299609
2009,20,55385.3
2009,21,49164.1
2009,22,44647.5
2009,23,41731.1
2009,24,68645.5
2009,25,39049.9
2009,26,34943.8
2009,27,33291.7
2009,28,228068
2009,29,363250
2009,30,270018
2009,31,98018.3
2009,32,236693
2009,33,84873.1
2009,34,31499.6
2009,35,144360
2009,36,1133169
2009,37,434308
2009,38,174871
2009,39,40287.6
2009,40,185193
2009,41,36162.7
2009,42,34373.2
2009,43,32303
2009,44,30306.2
2009,45,477270
2009,46,32777.6
2009,47,122611
2009,48,256914
2009,49,108441
2009,50,28880.4
2009,51,125921
2009,52,25334.3
2009,53,49751.8
2009,54,3866724
2009,55,968682
2009,56,100025
2009,57,74377.7
2009,58,1010598
2009,59,85455
2009,60,77021.4
2009,61,68493.9
2009,62,59828.7
2009,63,51692
2009,64,483001
2009,65,55685
2009,66,48500.2
2009,67,84967.1
2009,68,111394
2009,69,36319.2
2009,70,124601
2009,71,29980.7
2009,72,332152
2009,73,245355
2009,74,29830.9
2009,75,51394.7
2009,76,743512
2009,77,152163
2009,78,69689.8
2009,79,29713.7
2009,80,26898.6
2009,81,25096.5
2009,82,23843.4
2009,83,22607.9
2009,84,21485.6
2009,85,20453.8
2009,86,19574.3
2009,87,217748
2009,88,135323
2009,89,19996.9
2009,90,19009.6
2009,91,251782
2009,92,234591
2009,93,21107.6
2009,94,20143.3
2009,95,19338.1
2009,96,18629.9
2009,97,17999.9
2009,98,241238
2009,99,5810466
2009,100,71641.6
2009,101,82331.6
2009,102,1418028
2009,103,119445
2009,104,122492
2009,105,1776650
2009,106,192597
2009,107,161318
2009,108,147557
2009,109,136030
2009,110,125687
2009,111,115911
2009,112,107472
2009,113,99123.6
2009,114,82339.5
2009,115,69521.2
2009,116,60022.6
2009,117,52159.5
2009,118,731179
2009,119,943954
2009,120,466868
2009,121,2646626
2009,122,144841
2009,123,698821
2009,124,300790
2009,125,139279
2009,126,132216
2009,127,125629
2009,128,119696
2009,129,112799
2009,130,107372
2009,131,187477
2009,132,117841
2009,133,93851.1
2009,134,85539.1
2009,135,78251
2009,136,69404.3
2009,137,62346.5
2009,138,56317.4
2009,139,51376.6
2009,140,47572.6
2009,141,44651.5
2009,142,42258.1
2009,143,40274.3
2009,144,38570.5
2009,145,37091.4
2009,146,35768.8
2009,147,34612.8
2009,148,1688897
2009,149,91552.1
2009,150,911102
2009,151,3540904
2009,152,199288
2009,153,150630
2009,154,165014
2009,155,175248
2009,156,182173
2009,157,186532
2009,158,187387
2009,159,918978
2009,160,580139
2009,161,270436
2009,162,556237
2009,163,231118
2009,164,213634
2009,165,227002
2009,166,492987
2009,167,1619421
2009,168,336235
2009,169,2396183
2009,170,359243
2009,171,291942
2009,172,271828
2009,173,255097
2009,174,237803
2009,175,225072
2009,176,209696
2009,177,198498
2009,178,539159
2009,179,688408
2009,180,218864
2009,181,208853
2009,182,195365
2009,183,183774
2009,184,2659918
2009,185,394330
2009,186,865190
2009,187,247847
2009,188,304559
2009,189,213120
2009,190,204548
2009,191,189877
2009,192,182413
2009,193,174538
2009,194,964777
2009,195,7436649
2009,196,2359770
2009,197,627949
2009,198,612144
2009,199,691894
2009,200,2233583
2009,201,1340865
2009,202,538937
2009,203,2307779
2009,204,606706
2009,205,654374
2009,206,535621
2009,207,501107
2009,208,1935467
2009,209,590790
2009,210,516091
2009,211,435879
2009,212,387545
2009,213,348345
2009,214,314161
2009,215,283349
2009,216,258843
2009,217,238933
2009,218,220193
2009,219,205347
2009,220,193322
2009,221,303236
2009,222,3049986
2009,223,277214
2009,224,266002
2009,225,314288
2009,226,245186
2009,227,233643
2009,228,222901
2009,229,213161
2009,230,204552
2009,231,196900
2009,232,189914
2009,233,182924
2009,234,178277
2009,235,169006
2009,236,162337
2009,237,151633
2009,238,142149
2009,239,133817
2009,240,126555
2009,241,120163
2009,242,114398
2009,243,997616
2009,244,122251
2009,245,117210
2009,246,112609
2009,247,108245
2009,248,103967
2009,249,464710
2009,250,103500
2009,251,100451
2009,252,97579.3
2009,253,94725.3
2009,254,91699
2009,255,88689.4
2009,256,85826.5
2009,257,236000
2009,258,81964
2009,259,78537.2
2009,260,75470.3
2009,261,72614.2
2009,262,69944.7
2009,263,67449.2
2009,264,409649
2009,265,109201
2009,266,67028.5
2009,267,65041.8
2009,268,172665
2009,269,63240.9
2009,270,61658.1
2009,271,60163.7
2009,272,58586.7
2009,273,139895
2009,274,82955.7
2009,275,0
2009,276,604003
2009,277,64010.5
2009,278,63402.9
2009,279,62722.8
2009,280,61200.4
2009,281,59449.5
2009,282,57661.7
2009,283,55899.6
2009,284,165917
2009,285,53894.9
2009,286,51780.2
2009,287,49787.4
2009,288,48034.2
2009,289,46261.7
2009,290,44534.4
2009,291,42565.6
2009,292,40858.2
2009,293,39297.5
2009,294,161472
2009,295,133310
2009,296,102920
2009,297,192674
2009,298,317279
2009,299,445858
2009,300,589980
2009,301,1523636
2009,302,1054660
2009,303,833570
2009,304,1533391
2009,305,184107
2009,306,188347
2009,307,739600
2009,308,225088
2009,309,1734130
2009,310,269237
2009,311,252607
2009,312,1757663
2009,313,311817
2009,314,283520
2009,315,253483
2009,316,245751
2009,317,1442663
2009,318,246745
2009,319,255204
2009,320,989179
2009,321,833968
2009,322,220120
2009,323,194405
2009,324,168974
2009,325,148715
2009,326,1610468
2009,327,670449
2009,328,412413
2009,329,177428
2009,330,160773
2009,331,144900
2009,332,127448
2009,333,111725
2009,334,99838.3
2009,335,226662
2009,336,87914.1
2009,337,406630
2009,338,386696
2009,339,1236952
2009,340,1832323
2009,341,1272828
2009,342,1899003
2009,343,1396032
2009,344,261420
2009,345,213993
2009,346,192444
2009,347,176867
2009,348,163034
2009,349,150065
2009,350,800321
2009,351,201763
2009,352,257683
2009,353,220103
2009,354,129379
2009,355,111443
2009,356,99518.9
2009,357,88825.2
2009,358,79937.3
2009,359,73136.3
2009,360,441897
2009,361,112701
2009,362,121035
2009,363,63940.7
2009,364,91120.9
2009,365,938998
2009,366,68279.3
2010,1,63753.8
2010,2,59645.6
2010,3,133603
2010,4,1287620
2010,5,862882
2010,6,1937332
2010,7,110624
2010,8,108473
2010,9,193045
2010,10,1495306
2010,11,136776
2010,12,1008966
2010,13,326063
2010,14,2492096
2010,15,214513
2010,16,732848
2010,17,286541
2010,18,323531
2010,19,1301487
2010,20,202491
2010,21,1086324
2010,22,833525
2010,23,275664
2010,24,373627
2010,25,452439
2010,26,142465
2010,27,711788
2010,28,170026
2010,29,112262
2010,30,97512.1
2010,31,343252
2010,32,564712
2010,33,634181
2010,34,108022
2010,35,84542
2010,36,75862.3
2010,37,68677.6
2010,38,99763.9
2010,39,59265.9
2010,40,55519.8
2010,41,52469.4
2010,42,1340203
2010,43,185287
2010,44,63784
2010,45,58782.7
2010,46,54102.1
2010,47,117886
2010,48,422308
2010,49,49402.6
2010,50,46364.3
2010,51,43856.3
2010,52,1395821
2010,53,85770.9
2010,54,2330525
2010,55,93220.2
2010,56,89727.7
2010,57,1370994
2010,58,127167
2010,59,366876
2010,60,1746919
2010,61,127886
2010,62,2230945
2010,63,176612
2010,64,5756624
2010,65,373107
2010,66,332796
2010,67,279223
2010,68,413602
2010,69,206795
2010,70,173391
2010,71,740325
2010,72,156152
2010,73,281676
2010,74,916019
2010,75,919227
2010,76,159703
2010,77,131158
2010,78,111540
2010,79,92679.7
2010,80,562608
2010,81,214720
2010,82,84202.6
2010,83,1881414
2010,84,4056076
2010,85,302158
2010,86,191641
2010,87,173568
2010,88,155999
2010,89,137887
2010,90,2444617
2010,91,1739761
2010,92,241850
2010,93,219185
2010,94,200048
2010,95,180238
2010,96,162512
2010,97,147027
2010,98,129178
2010,99,111022
2010,100,98039.4
2010,101,88294.5
2010,102,80773.7
2010,103,683273
2010,104,2436621
2010,105,558634
2010,106,145805
2010,107,129276
2010,108,116175
2010,109,167788
2010,110,99499.4
2010,111,92559.6
2010,112,86724.7
2010,113,81963.7
2010,114,77729.7
2010,115,73739.6
2010,116,1431669
2010,117,200103
2010,118,101224
2010,119,742731
2010,120,1779017
2010,121,633533
2010,122,148408
2010,123,140064
2010,124,132382
2010,125,249558
2010,126,256482
2010,127,137747
2010,128,113242
2010,129,107447
2010,130,199648
2010,131,98069.2
2010,132,98803.9
2010,133,130073
2010,134,81017.2
2010,135,74623.4
2010,136,68952
2010,137,64270.8
2010,138,1219734
2010,139,164839
2010,140,960302
2010,141,406983
2010,142,104856
2010,143,101654
2010,144,98120.2
2010,145,94004.3
2010,146,805865
2010,147,3130953
2010,148,216352
2010,149,210410
2010,150,2312106
2010,151,3333332
2010,152,488828
2010,153,428804
2010,154,781758
2010,155,700858
2010,156,370078
2010,157,337471
2010,158,309602
2010,159,295389
2010,160,266186
2010,161,245825
2010,162,220165
2010,163,198568
2010,164,180519
2010,165,279084
2010,166,559808
2010,167,610691
2010,168,289140
2010,169,155817
2010,170,143433
2010,171,133764
2010,172,125803
2010,173,432720
2010,174,1104908
2010,175,149335
2010,176,144627
2010,177,245454
2010,178,268811
2010,179,358793
2010,180,144634
2010,181,142846
2010,182,134557
2010,183,129409
2010,184,624789
2010,185,139147
2010,186,1739282
2010,187,991357
2010,188,227187
2010,189,1511935
2010,190,272975
2010,191,266405
2010,192,295098
2010,193,5399060
2010,194,515858
2010,195,502819
2010,196,486527
2010,197,1418294
2010,198,511828
2010,199,478517
2010,200,447334
2010,201,410356
2010,202,376078
2010,203,700238
2010,204,332896
2010,205,299833
2010,206,276570
2010,207,258519
2010,208,232840
2010,209,896424
2010,210,5615318
2010,211,609578
2010,212,399894
2010,213,358980
2010,214,326752
2010,215,400236
2010,216,280602
2010,217,260233
2010,218,242506
2010,219,227389
2010,220,213946
2010,221,201677
2010,222,259244
2010,223,183790
2010,224,174172
2010,225,159908
2010,226,148255
2010,227,138531
2010,228,130259
2010,229,123075
2010,230,116615
2010,231,110863
2010,232,1866615
2010,233,135535
2010,234,130756
2010,235,126469
2010,236,122550
2010,237,118715
2010,238,115054
2010,239,537633
2010,240,3584913
2010,241,216390
2010,242,226150
2010,243,234062
2010,244,240321
2010,245,245053
2010,246,247853
2010,247,239593
2010,248,234794
2010,249,223784
2010,250,215971
2010,251,409416
2010,252,207381
2010,253,195564
2010,254,183203
2010,255,923139
2010,256,637928
2010,257,185017
2010,258,169036
2010,259,155585
2010,260,144016
2010,261,358400
2010,262,137217
2010,263,124433
2010,264,116964
2010,265,110192
2010,266,104019
2010,267,98647.3
2010,268,735244
2010,269,3196779
2010,270,869639
2010,271,291905
2010,272,264807
2010,273,193426
2010,274,203587
2010,275,0
2010,276,180835
2010,277,311423
2010,278,238026
2010,279,174076
2010,280,168775
2010,281,162350
2010,282,155520
2010,283,149137
2010,284,141999
2010,285,130700
2010,286,120450
2010,287,2450008
2010,288,6966066
2010,289,3506071
2010,290,1072587
2010,291,931653
2010,292,1107529
2010,293,1282260
2010,294,1479631
2010,295,1681933
2010,296,1916540
2010,297,6552144
2010,298,3123530
2010,299,3031995
2010,300,1861099
2010,301,1032633
2010,302,871696
2010,303,4789588
2010,304,2094615
2010,305,5498344
2010,306,1160196
2010,307,949928
2010,308,795065
2010,309,678604
2010,310,588083
2010,311,515080
2010,312,448850
2010,313,396348
2010,314,1161909
2010,315,375869
2010,316,339921
2010,317,335752
2010,318,286655
2010,319,350439
2010,320,247501
2010,321,230395
2010,322,402168
2010,323,206838
2010,324,195226
2010,325,184882
2010,326,175431
2010,327,400433
2010,328,180477
2010,329,155323
2010,330,998717
2010,331,972160
2010,332,1469892
2010,333,179088
2010,334,174512
2010,335,169013
2010,336,162201
2010,337,153638
2010,338,576737
2010,339,565154
2010,340,151515
2010,341,143284
2010,342,134108
2010,343,126831
2010,344,120306
2010,345,113959
2010,346,107695
2010,347,979889
2010,348,172157
2010,349,110972
2010,350,1161346
2010,351,117741
2010,352,109599
2010,353,905822
2010,354,1381618
2010,355,136511
2010,356,127721
2010,357,118385
2010,358,148847
2010,359,295978
2010,360,99756.9
2010,361,92307.5
2010,362,83801.7
2010,363,660258
2010,364,387546
2010,365,94945.1
2010,366,78786.8
