RES_Beltzville, Simulated, -75.6170833333333,40.8620833333333
1995,1,2747.78
1995,2,144476
1995,3,75669.5
1995,4,12881.9
1995,5,15362.5
1995,6,17596.3
1995,7,18601.8
1995,8,19971.5
1995,9,21422.8
1995,10,26889.8
1995,11,133338
1995,12,69114.5
1995,13,285673
1995,14,197809
1995,15,50965
1995,16,173204
1995,17,108387
1995,18,47461.6
1995,19,44047.1
1995,20,41454.7
1995,21,39245
1995,22,37337.2
1995,23,116355
1995,24,110438
1995,25,51323.7
1995,26,39282.2
1995,27,85189.3
1995,28,62101
1995,29,73864.1
1995,30,51669
1995,31,36852.9
1995,32,35681.2
1995,33,35061.7
1995,34,53882.4
1995,35,144159
1995,36,79139.8
1995,37,40454.8
1995,38,116610
1995,39,70721
1995,40,38724
1995,41,38143.2
1995,42,37599.6
1995,43,37102.3
1995,44,43883.9
1995,45,242836
1995,46,128642
1995,47,42494.2
1995,48,41991.8
1995,49,46972.8
1995,50,63970.4
1995,51,41073.1
1995,52,39447
1995,53,38587.8
1995,54,37861.8
1995,55,41965.9
1995,56,89611.6
1995,57,52964
1995,58,37488
1995,59,36910.9
1995,60,37336.2
1995,61,35411.2
1995,62,33862.8
1995,63,32867.2
1995,64,155394
1995,65,215398
1995,66,75261.3
1995,67,77079.3
1995,68,49474.8
1995,69,33483.4
1995,70,154316
1995,71,482334
1995,72,299591
1995,73,213381
1995,74,107589
1995,75,63270.4
1995,76,106218
1995,77,88686.2
1995,78,67466.6
1995,79,62623.6
1995,80,86656.6
1995,81,543899
1995,82,358599
1995,83,191725
1995,84,122955
1995,85,104328
1995,86,93471.5
1995,87,82866.4
1995,88,74225.5
1995,89,63738.6
1995,90,56076.5
1995,91,394013
1995,92,2489420
1995,93,2245700
1995,94,580437
1995,95,437542
1995,96,412955
1995,97,373843
1995,98,337803
1995,99,301720
1995,100,319201
1995,101,463034
1995,102,353699
1995,103,908782
1995,104,737250
1995,105,420522
1995,106,361008
1995,107,314716
1995,108,787463
1995,109,778217
1995,110,404875
1995,111,435492
1995,112,1038405
1995,113,599704
1995,114,440655
1995,115,358254
1995,116,303945
1995,117,275794
1995,118,247504
1995,119,342934
1995,120,258736
1995,121,194343
1995,122,175300
1995,123,168152
1995,124,139541
1995,125,118203
1995,126,152666
1995,127,119132
1995,128,106407
1995,129,89665.1
1995,130,71881.4
1995,131,65744
1995,132,60381.1
1995,133,58030.8
1995,134,52121.9
1995,135,47275.7
1995,136,43898.4
1995,137,64057.5
1995,138,838311
1995,139,512429
1995,140,111869
1995,141,298029
1995,142,222024
1995,143,229623
1995,144,175514
1995,145,149118
1995,146,150295
1995,147,150094
1995,148,148982
1995,149,157449
1995,150,332490
1995,151,616320
1995,152,578841
1995,153,347138
1995,154,268973
1995,155,352446
1995,156,2064171
1995,157,1880083
1995,158,1227788
1995,159,858082
1995,160,703678
1995,161,679085
1995,162,650229
1995,163,618330
1995,164,586201
1995,165,550705
1995,166,507774
1995,167,464396
1995,168,424954
1995,169,389727
1995,170,394146
1995,171,464390
1995,172,624215
1995,173,1505095
1995,174,2563250
1995,175,1909058
1995,176,970422
1995,177,777897
1995,178,892291
1995,179,779247
1995,180,666757
1995,181,666194
1995,182,1358448
1995,183,1056167
1995,184,728729
1995,185,683742
1995,186,636876
1995,187,589924
1995,188,533277
1995,189,470028
1995,190,410607
1995,191,361662
1995,192,322178
1995,193,344192
1995,194,355402
1995,195,247550
1995,196,221332
1995,197,210224
1995,198,720440
1995,199,662511
1995,200,261873
1995,201,219353
1995,202,1508329
1995,203,660792
1995,204,314094
1995,205,300478
1995,206,287634
1995,207,274467
1995,208,260195
1995,209,246011
1995,210,233456
1995,211,224710
1995,212,480749
1995,213,3340050
1995,214,2180042
1995,215,644201
1995,216,899856
1995,217,900073
1995,218,543427
1995,219,493797
1995,220,437390
1995,221,398588
1995,222,369742
1995,223,344842
1995,224,324658
1995,225,309753
1995,226,294239
1995,227,278869
1995,228,248980
1995,229,218056
1995,230,193026
1995,231,172431
1995,232,155363
1995,233,141548
1995,234,130101
1995,235,120587
1995,236,112508
1995,237,105345
1995,238,98975.3
1995,239,93327.1
1995,240,88323.1
1995,241,83785.8
1995,242,79638.9
1995,243,75987.6
1995,244,72741.3
1995,245,69777.5
1995,246,67042.3
1995,247,64439.7
1995,248,62015
1995,249,59836.3
1995,250,57805.5
1995,251,55856.1
1995,252,53955.5
1995,253,299273
1995,254,58264
1995,255,56777.6
1995,256,74570.1
1995,257,659238
1995,258,74824.5
1995,259,75555
1995,260,76191
1995,261,76578.4
1995,262,76675.3
1995,263,84194.5
1995,264,76900.5
1995,265,75786.3
1995,266,74946.1
1995,267,76166.1
1995,268,577764
1995,269,506544
1995,270,126981
1995,271,124892
1995,272,120168
1995,273,127060
1995,274,588667
1995,275,0
1995,276,856969
1995,277,317350
1995,278,862540
1995,279,666867
1995,280,481894
1995,281,686800
1995,282,354835
1995,283,359623
1995,284,405177
1995,285,346312
1995,286,331603
1995,287,316403
1995,288,300702
1995,289,307827
1995,290,708458
1995,291,1045719
1995,292,1001948
1995,293,760530
1995,294,843160
1995,295,998794
1995,296,2698260
1995,297,5431390
1995,298,3945550
1995,299,2227651
1995,300,2745087
1995,301,2148665
1995,302,1474644
1995,303,1330748
1995,304,1189470
1995,305,1096161
1995,306,1028956
1995,307,981273
1995,308,884681
1995,309,701783
1995,310,579358
1995,311,464957
1995,312,415983
1995,313,320477
1995,314,255611
1995,315,216428
1995,316,184632
1995,317,170656
1995,318,550862
1995,319,696759
1995,320,1160447
1995,321,581238
1995,322,296694
1995,323,279644
1995,324,271434
1995,325,353798
1995,326,413484
1995,327,568047
1995,328,372669
1995,329,271097
1995,330,544512
1995,331,510136
1995,332,384448
1995,333,313811
1995,334,338232
1995,335,328809
1995,336,242321
1995,337,201838
1995,338,178203
1995,339,158674
1995,340,141448
1995,341,125691
1995,342,111957
1995,343,171012
1995,344,139979
1995,345,94849.5
1995,346,101546
1995,347,86647.3
1995,348,74621.2
1995,349,69111.7
1995,350,64368.2
1995,351,60399.3
1995,352,57513.3
1995,353,54393.6
1995,354,51772.7
1995,355,49626.7
1995,356,47698.6
1995,357,46025.4
1995,358,70397.6
1995,359,322920
1995,360,150208
1995,361,50312.6
1995,362,47232.6
1995,363,44936.4
1995,364,50256.9
1995,365,236843
1995,366,130784
1996,1,46786.3
1996,2,45139.4
1996,3,266152
1996,4,286181
1996,5,94191.2
1996,6,61002.2
1996,7,58896.5
1996,8,54543.1
1996,9,50141.1
1996,10,46464.3
1996,11,43253.2
1996,12,335063
1996,13,527364
1996,14,93167.2
1996,15,86877.7
1996,16,71631.5
1996,17,66734.9
1996,18,60476.2
1996,19,53787.1
1996,20,47796.6
1996,21,44179.8
1996,22,91485.7
1996,23,54796.9
1996,24,62803.8
1996,25,57317.6
1996,26,79147.9
1996,27,275051
1996,28,173166
1996,29,54502.1
1996,30,40645.2
1996,31,164362
1996,32,503967
1996,33,58626.7
1996,34,54676.1
1996,35,51000.7
1996,36,79146.3
1996,37,1212695
1996,38,1491419
1996,39,204926
1996,40,216562
1996,41,507732
1996,42,1452149
1996,43,326503
1996,44,299042
1996,45,267294
1996,46,235223
1996,47,391098
1996,48,551370
1996,49,301414
1996,50,202508
1996,51,175096
1996,52,144953
1996,53,117517
1996,54,119384
1996,55,256865
1996,56,86243.5
1996,57,95729.4
1996,58,115884
1996,59,153822
1996,60,89005.6
1996,61,47294.6
1996,62,40739.9
1996,63,35082.9
1996,64,124712
1996,65,31941.3
1996,66,271978
1996,67,214518
1996,68,97447.3
1996,69,42715.5
1996,70,38886.7
1996,71,35637.4
1996,72,32672.1
1996,73,45128.8
1996,74,46963.4
1996,75,26743.6
1996,76,75296.1
1996,77,153891
1996,78,30436.7
1996,79,26392.4
1996,80,24468
1996,81,22464.8
1996,82,20666.6
1996,83,19130.6
1996,84,17893.6
1996,85,16923.5
1996,86,16118.3
1996,87,15459.2
1996,88,14904.9
1996,89,14403.3
1996,90,13975.4
1996,91,14434.4
1996,92,13235.1
1996,93,16833.2
1996,94,12689
1996,95,12453.3
1996,96,12244.9
1996,97,12054.7
1996,98,11878.8
1996,99,11714.9
1996,100,11560.1
1996,101,17285.5
1996,102,155154
1996,103,11701.8
1996,104,11568.9
1996,105,11433.3
1996,106,161397
1996,107,43273.2
1996,108,12471.4
1996,109,51913.8
1996,110,515782
1996,111,21584.1
1996,112,23673.2
1996,113,25530.2
1996,114,40975.6
1996,115,718946
1996,116,69098.3
1996,117,91713.9
1996,118,490239
1996,119,707084
1996,120,161320
1996,121,165382
1996,122,206889
1996,123,286150
1996,124,180611
1996,125,167704
1996,126,157090
1996,127,437440
1996,128,3243780
1996,129,1229780
1996,130,716526
1996,131,574386
1996,132,534732
1996,133,484773
1996,134,427932
1996,135,446553
1996,136,344895
1996,137,2178630
1996,138,807563
1996,139,592124
1996,140,545396
1996,141,500500
1996,142,846020
1996,143,1196806
1996,144,7142890
1996,145,1533375
1996,146,1246623
1996,147,1107871
1996,148,970002
1996,149,860947
1996,150,1789117
1996,151,2286460
1996,152,1122783
1996,153,919483
1996,154,864841
1996,155,1192761
1996,156,1568425
1996,157,856552
1996,158,735417
1996,159,607116
1996,160,546990
1996,161,720596
1996,162,468496
1996,163,412572
1996,164,379942
1996,165,2932090
1996,166,1522585
1996,167,813839
1996,168,2209010
1996,169,1210902
1996,170,897343
1996,171,824741
1996,172,809413
1996,173,696626
1996,174,632842
1996,175,575993
1996,176,522225
1996,177,472524
1996,178,427484
1996,179,389346
1996,180,338026
1996,181,308458
1996,182,488298
1996,183,255995
1996,184,226641
1996,185,215348
1996,186,184683
1996,187,256583
1996,188,162290
1996,189,214946
1996,190,226383
1996,191,142247
1996,192,134398
1996,193,127586
1996,194,121764
1996,195,116836
1996,196,112414
1996,197,107818
1996,198,103511
1996,199,123928
1996,200,271074
1996,201,101974
1996,202,98443.2
1996,203,95191.2
1996,204,92041.6
1996,205,88929.2
1996,206,85909.1
1996,207,82959.2
1996,208,80139.7
1996,209,77435.1
1996,210,74881.3
1996,211,72497.6
1996,212,70195
1996,213,67956
1996,214,65771.5
1996,215,63308
1996,216,65336.8
1996,217,131372
1996,218,59224.1
1996,219,57292.6
1996,220,55504.3
1996,221,53825.1
1996,222,52225.3
1996,223,50680.7
1996,224,49206.4
1996,225,47771.1
1996,226,46403.7
1996,227,45071.8
1996,228,43728.8
1996,229,42411.7
1996,230,41179.4
1996,231,40031.5
1996,232,71722.3
1996,233,839274
1996,234,1110053
1996,235,100084
1996,236,107694
1996,237,114448
1996,238,158324
1996,239,2978360
1996,240,302008
1996,241,326890
1996,242,4690410
1996,243,700302
1996,244,710860
1996,245,730498
1996,246,662818
1996,247,618808
1996,248,551690
1996,249,478729
1996,250,419263
1996,251,370154
1996,252,328583
1996,253,292545
1996,254,256292
1996,255,249709
1996,256,191639
1996,257,160095
1996,258,136486
1996,259,119042
1996,260,105336
1996,261,94275.4
1996,262,85450.3
1996,263,78398.4
1996,264,72608.9
1996,265,67719.7
1996,266,1478371
1996,267,862520
1996,268,206239
1996,269,199632
1996,270,938350
1996,271,273108
1996,272,227033
1996,273,494185
1996,274,913490
1996,275,298083
1996,276,294210
1996,277,292580
1996,278,292967
1996,279,293325
1996,280,708127
1996,281,1137672
1996,282,455534
1996,283,428958
1996,284,404667
1996,285,367632
1996,286,327848
1996,287,293081
1996,288,260919
1996,289,287609
1996,290,411004
1996,291,215159
1996,292,190890
1996,293,174747
1996,294,2584930
1996,295,1388354
1996,296,838667
1996,297,890045
1996,298,437915
1996,299,403437
1996,300,390063
1996,301,373269
1996,302,440464
1996,303,351671
1996,304,558779
1996,305,362728
1996,306,346521
1996,307,1439258
1996,308,754934
1996,309,732668
1996,310,932610
1996,311,1225377
1996,312,1216993
1996,313,2435980
1996,314,2001510
1996,315,2372070
1996,316,2663390
1996,317,3046230
1996,318,3867600
1996,319,4816650
1996,320,4814720
1996,321,7802650
1996,322,12330880
1996,323,7728680
1996,324,4958300
1996,325,2757980
1996,326,2090352
1996,327,1611737
1996,328,1238246
1996,329,1433013
1996,330,935192
1996,331,825140
1996,332,730603
1996,333,562652
1996,334,571102
1996,335,1926728
1996,336,1397308
1996,337,672184
1996,338,548511
1996,339,516380
1996,340,1022993
1996,341,975513
1996,342,801340
1996,343,594714
1996,344,578230
1996,345,825995
1996,346,1180094
1996,347,2054391
1996,348,862096
1996,349,691990
1996,350,618860
1996,351,622904
1996,352,777450
1996,353,487380
1996,354,425594
1996,355,365649
1996,356,325841
1996,357,468468
1996,358,314546
1996,359,276329
1996,360,222378
1996,361,205804
1996,362,192808
1996,363,324647
1996,364,171437
1996,365,147703
1996,366,134768
1997,1,123800
1997,2,114424
1997,3,106437
1997,4,253075
1997,5,295361
1997,6,174030
1997,7,103826
1997,8,131024
1997,9,176538
1997,10,716406
1997,11,414872
1997,12,405351
1997,13,295205
1997,14,145699
1997,15,139537
1997,16,128050
1997,17,187700
1997,18,426684
1997,19,334331
1997,20,453256
1997,21,164890
1997,22,240711
1997,23,774641
1997,24,260425
1997,25,427552
1997,26,291286
1997,27,196328
1997,28,155673
1997,29,136228
1997,30,460817
1997,31,1330987
1997,32,264111
1997,33,250234
1997,34,487616
1997,35,386564
1997,36,209706
1997,37,184296
1997,38,156614
1997,39,1506046
1997,40,458743
1997,41,263928
1997,42,232992
1997,43,711770
1997,44,5610900
1997,45,1125783
1997,46,1930044
1997,47,978672
1997,48,874910
1997,49,667266
1997,50,1113565
1997,51,549826
1997,52,473729
1997,53,564674
1997,54,365936
1997,55,307784
1997,56,1251567
1997,57,1311194
1997,58,532469
1997,59,408823
1997,60,622877
1997,61,572688
1997,62,495018
1997,63,277622
1997,64,224226
1997,65,290163
1997,66,296194
1997,67,220230
1997,68,147921
1997,69,128797
1997,70,113475
1997,71,520511
1997,72,133072
1997,73,130238
1997,74,477332
1997,75,810460
1997,76,178506
1997,77,222801
1997,78,363303
1997,79,153455
1997,80,137987
1997,81,124032
1997,82,112846
1997,83,226428
1997,84,113951
1997,85,168422
1997,86,303933
1997,87,111176
1997,88,96337.3
1997,89,101350
1997,90,76322.8
1997,91,67397.1
1997,92,104423
1997,93,59332.7
1997,94,53515.1
1997,95,48933.8
1997,96,45130.9
1997,97,58241
1997,98,53680.9
1997,99,361383
1997,100,319745
1997,101,77656
1997,102,60487.3
1997,103,72467.6
1997,104,56253
1997,105,57861.5
1997,106,242538
1997,107,56170.6
1997,108,76948.6
1997,109,857600
1997,110,843243
1997,111,312182
1997,112,175852
1997,113,180096
1997,114,182362
1997,115,1231764
1997,116,278789
1997,117,306841
1997,118,264107
1997,119,255183
1997,120,394514
1997,121,1329228
1997,122,584089
1997,123,407873
1997,124,417577
1997,125,467494
1997,126,350797
1997,127,290485
1997,128,263963
1997,129,622508
1997,130,271706
1997,131,2595581
1997,132,1054274
1997,133,1209680
1997,134,629408
1997,135,590246
1997,136,691075
1997,137,495856
1997,138,446481
1997,139,404152
1997,140,364980
1997,141,1000726
1997,142,8623450
1997,143,2061569
1997,144,1642826
1997,145,1430498
1997,146,1415031
1997,147,1041038
1997,148,886626
1997,149,762812
1997,150,685156
1997,151,825429
1997,152,571088
1997,153,514952
1997,154,457823
1997,155,415744
1997,156,374645
1997,157,313302
1997,158,273878
1997,159,231762
1997,160,216700
1997,161,264899
1997,162,5378070
1997,163,1228188
1997,164,856764
1997,165,762650
1997,166,745834
1997,167,726574
1997,168,704974
1997,169,681224
1997,170,655691
1997,171,630208
1997,172,904036
1997,173,692746
1997,174,612029
1997,175,578022
1997,176,541868
1997,177,453217
1997,178,375819
1997,179,876040
1997,180,2313500
1997,181,543529
1997,182,472198
1997,183,414410
1997,184,367037
1997,185,11255390
1997,186,2539470
1997,187,1358360
1997,188,1214769
1997,189,1573492
1997,190,2930970
1997,191,1617083
1997,192,1016707
1997,193,874723
1997,194,749034
1997,195,1406855
1997,196,2241836
1997,197,4198610
1997,198,2512510
1997,199,1459325
1997,200,1295939
1997,201,1204980
1997,202,762188
1997,203,775917
1997,204,557766
1997,205,478191
1997,206,417229
1997,207,371572
1997,208,1410065
1997,209,499037
1997,210,465934
1997,211,425135
1997,212,428371
1997,213,1029571
1997,214,365469
1997,215,328605
1997,216,299596
1997,217,308939
1997,218,320638
1997,219,244082
1997,220,653949
1997,221,256189
1997,222,245422
1997,223,227908
1997,224,211776
1997,225,198342
1997,226,187940
1997,227,179259
1997,228,169182
1997,229,159972
1997,230,151212
1997,231,143061
1997,232,135635
1997,233,128973
1997,234,123054
1997,235,116391
1997,236,110148
1997,237,135766
1997,238,100840
1997,239,95971.2
1997,240,648289
1997,241,117246
1997,242,113513
1997,243,109772
1997,244,106266
1997,245,103079
1997,246,99851.8
1997,247,184184
1997,248,135923
1997,249,164450
1997,250,386217
1997,251,768916
1997,252,286408
1997,253,160229
1997,254,159644
1997,255,154096
1997,256,148700
1997,257,143429
1997,258,143549
1997,259,133237
1997,260,128102
1997,261,195757
1997,262,123398
1997,263,118213
1997,264,112798
1997,265,106123
1997,266,97131.6
1997,267,89092
1997,268,81842.6
1997,269,75737
1997,270,70591.4
1997,271,66130
1997,272,179594
1997,273,74013.1
1997,274,60859.6
1997,275,0
1997,276,100260
1997,277,172328
1997,278,130454
1997,279,106844
1997,280,348539
1997,281,131269
1997,282,89274.3
1997,283,89914
1997,284,90190.9
1997,285,240026
1997,286,121602
1997,287,106700
1997,288,107215
1997,289,749558
1997,290,178200
1997,291,181460
1997,292,180667
1997,293,175260
1997,294,168397
1997,295,187677
1997,296,152779
1997,297,217059
1997,298,138811
1997,299,130459
1997,300,280950
1997,301,808329
1997,302,295912
1997,303,540631
1997,304,768307
1997,305,2020533
1997,306,3991970
1997,307,2172753
1997,308,2106152
1997,309,2177650
1997,310,2543060
1997,311,2933160
1997,312,3434730
1997,313,3821940
1997,314,4254460
1997,315,1936487
1997,316,1760634
1997,317,1602554
1997,318,3971920
1997,319,2028300
1997,320,1436171
1997,321,1132729
1997,322,918658
1997,323,812837
1997,324,659229
1997,325,534244
1997,326,438782
1997,327,364031
1997,328,304465
1997,329,267995
1997,330,230669
1997,331,197930
1997,332,175325
1997,333,668204
1997,334,731069
1997,335,230782
1997,336,236284
1997,337,475407
1997,338,203442
1997,339,1112788
1997,340,268735
1997,341,251328
1997,342,414383
1997,343,247456
1997,344,514018
1997,345,403502
1997,346,270900
1997,347,252026
1997,348,230614
1997,349,226240
1997,350,189203
1997,351,176167
1997,352,155866
1997,353,142414
1997,354,238458
1997,355,593993
1997,356,167729
1997,357,147803
1997,358,134517
1997,359,122178
1997,360,110657
1997,361,705095
1997,362,153417
1997,363,133829
1997,364,123323
1997,365,125788
1997,366,126537
1998,1,103196
1998,2,94733.6
1998,3,1424280
1998,4,368376
1998,5,200353
1998,6,189295
1998,7,177884
1998,8,166682
1998,9,155751
1998,10,139368
1998,11,124298
1998,12,110916
1998,13,117088
1998,14,123135
1998,15,86161.4
1998,16,78807.3
1998,17,72578.2
1998,18,80868
1998,19,500893
1998,20,83883.6
1998,21,73516.1
1998,22,64780.4
1998,23,69241.2
1998,24,52847.3
1998,25,299169
1998,26,75426.4
1998,27,85512.6
1998,28,50390.7
1998,29,46547.5
1998,30,43171.2
1998,31,40221.1
1998,32,40312.4
1998,33,655664
1998,34,65740.8
1998,35,82130.8
1998,36,56402.3
1998,37,52470.2
1998,38,74688.7
1998,39,178070
1998,40,618058
1998,41,78569.2
1998,42,73415.7
1998,43,68202.1
1998,44,62795.4
1998,45,57760
1998,46,52207.5
1998,47,47336.6
1998,48,76492.5
1998,49,231549
1998,50,47145.8
1998,51,43383.8
1998,52,613487
1998,53,91539.7
1998,54,339491
1998,55,1522149
1998,56,230881
1998,57,167588
1998,58,224702
1998,59,152371
1998,60,132302
1998,61,122969
1998,62,113604
1998,63,103969
1998,64,91945
1998,65,151309
1998,66,354835
1998,67,175711
1998,68,99657.4
1998,69,86498.7
1998,70,70759.3
1998,71,58239.5
1998,72,48581.1
1998,73,58487.4
1998,74,36534.2
1998,75,223454
1998,76,41158.8
1998,77,246154
1998,78,744579
1998,79,1564692
1998,80,852416
1998,81,823509
1998,82,2621400
1998,83,506577
1998,84,441959
1998,85,434063
1998,86,417566
1998,87,392993
1998,88,362593
1998,89,340968
1998,90,827927
1998,91,382270
1998,92,325963
1998,93,630391
1998,94,829453
1998,95,338873
1998,96,275659
1998,97,221513
1998,98,181312
1998,99,149626
1998,100,141342
1998,101,106695
1998,102,91314.9
1998,103,99779.1
1998,104,4554760
1998,105,486669
1998,106,499499
1998,107,444145
1998,108,412458
1998,109,372356
1998,110,338729
1998,111,352214
1998,112,281864
1998,113,271657
1998,114,237557
1998,115,220689
1998,116,204621
1998,117,189672
1998,118,176317
1998,119,145580
1998,120,121937
1998,121,262259
1998,122,207172
1998,123,172554
1998,124,101852
1998,125,94348.4
1998,126,84490.8
1998,127,75970.4
1998,128,90238.1
1998,129,64736
1998,130,59446.1
1998,131,55060.9
1998,132,51266.3
1998,133,68128
1998,134,46709.8
1998,135,44453.5
1998,136,42287
1998,137,73670.1
1998,138,209431
1998,139,46114.3
1998,140,47039.3
1998,141,58088.9
1998,142,41467.5
1998,143,39921.8
1998,144,38599.4
1998,145,37470.4
1998,146,36458.6
1998,147,302897
1998,148,323489
1998,149,498649
1998,150,229411
1998,151,101540
1998,152,106793
1998,153,108735
1998,154,131781
1998,155,1292190
1998,156,975837
1998,157,356825
1998,158,332197
1998,159,337434
1998,160,476310
1998,161,513744
1998,162,570864
1998,163,729184
1998,164,432655
1998,165,402276
1998,166,376107
1998,167,390132
1998,168,339083
1998,169,320299
1998,170,291288
1998,171,261531
1998,172,236216
1998,173,214542
1998,174,195726
1998,175,288062
1998,176,616879
1998,177,266480
1998,178,210338
1998,179,185072
1998,180,278666
1998,181,175506
1998,182,286099
1998,183,150936
1998,184,1441325
1998,185,241673
1998,186,230228
1998,187,260844
1998,188,293416
1998,189,370486
1998,190,232368
1998,191,220630
1998,192,208580
1998,193,201072
1998,194,399764
1998,195,227826
1998,196,213901
1998,197,188612
1998,198,177664
1998,199,161034
1998,200,146703
1998,201,134089
1998,202,122999
1998,203,112989
1998,204,103552
1998,205,95565.2
1998,206,88804
1998,207,172386
1998,208,106610
1998,209,1110439
1998,210,151506
1998,211,175626
1998,212,132151
1998,213,127423
1998,214,122916
1998,215,118908
1998,216,115501
1998,217,112070
1998,218,509331
1998,219,133046
1998,220,128682
1998,221,398174
1998,222,1756656
1998,223,4725940
1998,224,1577510
1998,225,817914
1998,226,649534
1998,227,588494
1998,228,575238
1998,229,518341
1998,230,500970
1998,231,541534
1998,232,539814
1998,233,468643
1998,234,441574
1998,235,414286
1998,236,388699
1998,237,351996
1998,238,843345
1998,239,522351
1998,240,297237
1998,241,256063
1998,242,227195
1998,243,232913
1998,244,181506
1998,245,172364
1998,246,149026
1998,247,135842
1998,248,125244
1998,249,142492
1998,250,958801
1998,251,307968
1998,252,169144
1998,253,158411
1998,254,148381
1998,255,139662
1998,256,131717
1998,257,2432990
1998,258,523716
1998,259,302736
1998,260,298522
1998,261,292742
1998,262,284693
1998,263,667562
1998,264,1658296
1998,265,587688
1998,266,475940
1998,267,416299
1998,268,422912
1998,269,2941950
1998,270,1382573
1998,271,674819
1998,272,581928
1998,273,519262
1998,274,1326705
1998,275,0
1998,276,568800
1998,277,473274
1998,278,635728
1998,279,460750
1998,280,407806
1998,281,371534
1998,282,381988
1998,283,919667
1998,284,4634250
1998,285,994694
1998,286,918984
1998,287,856324
1998,288,800448
1998,289,748882
1998,290,690677
1998,291,638727
1998,292,609018
1998,293,1383406
1998,294,1447215
1998,295,1069088
1998,296,2445660
1998,297,831711
1998,298,705828
1998,299,569356
1998,300,470348
1998,301,407698
1998,302,431675
1998,303,507767
1998,304,608925
1998,305,724024
1998,306,973219
1998,307,2769390
1998,308,1679311
1998,309,1798235
1998,310,2130370
1998,311,2492220
1998,312,2910860
1998,313,3372490
1998,314,4461550
1998,315,9182950
1998,316,2725060
1998,317,2167180
1998,318,1841544
1998,319,1542049
1998,320,1651972
1998,321,1275139
1998,322,981032
1998,323,903924
1998,324,682875
1998,325,3544120
1998,326,1265059
1998,327,989736
1998,328,800800
1998,329,651474
1998,330,524402
1998,331,434939
1998,332,1487250
1998,333,514756
1998,334,456854
1998,335,406865
1998,336,399995
1998,337,686609
1998,338,682624
1998,339,519916
1998,340,386714
1998,341,604794
1998,342,532336
1998,343,319401
1998,344,1291696
1998,345,981317
1998,346,1840825
1998,347,2204462
1998,348,734560
1998,349,655515
1998,350,594095
1998,351,530605
1998,352,461742
1998,353,398320
1998,354,347267
1998,355,302628
1998,356,303220
1998,357,235922
1998,358,210951
1998,359,187315
1998,360,164774
1998,361,259619
1998,362,139596
1998,363,134599
1998,364,109990
1998,365,385278
1998,366,110888
1999,1,481093
1999,2,116601
1999,3,140832
1999,4,102347
1999,5,95839.6
1999,6,90337.6
1999,7,85108.3
1999,8,134479
1999,9,79623.5
1999,10,75039.4
1999,11,149933
1999,12,261272
1999,13,1512631
1999,14,3086820
1999,15,1170864
1999,16,917901
1999,17,763343
1999,18,711707
1999,19,443351
1999,20,409558
1999,21,371653
1999,22,1125723
1999,23,645728
1999,24,1135222
1999,25,495917
1999,26,429627
1999,27,399893
1999,28,301065
1999,29,235306
1999,30,186354
1999,31,685646
1999,32,204463
1999,33,168124
1999,34,139826
1999,35,172197
1999,36,106468
1999,37,97693.2
1999,38,110421
1999,39,636092
1999,40,110677
1999,41,114158
1999,42,87786
1999,43,78909.6
1999,44,71170.8
1999,45,64393.6
1999,46,57266
1999,47,90121.5
1999,48,49303.8
1999,49,45202.8
1999,50,41810.1
1999,51,134502
1999,52,261640
1999,53,49088.4
1999,54,98494
1999,55,42451.1
1999,56,39007
1999,57,36164
1999,58,33766.1
1999,59,31728.3
1999,60,191488
1999,61,88110
1999,62,139516
1999,63,35592.1
1999,64,33869.2
1999,65,32269.3
1999,66,30517.6
1999,67,28582.1
1999,68,26966.8
1999,69,25535.8
1999,70,24320
1999,71,23271.9
1999,72,806624
1999,73,91993.8
1999,74,46303.7
1999,75,44413.2
1999,76,267912
1999,77,61352.5
1999,78,47762.7
1999,79,1508759
1999,80,421829
1999,81,145859
1999,82,150038
1999,83,150206
1999,84,461897
1999,85,176008
1999,86,173394
1999,87,1078311
1999,88,313365
1999,89,221806
1999,90,197622
1999,91,173304
1999,92,152308
1999,93,134573
1999,94,111830
1999,95,986057
1999,96,193266
1999,97,166933
1999,98,145530
1999,99,156140
1999,100,1498909
1999,101,298282
1999,102,258050
1999,103,217941
1999,104,196642
1999,105,176336
1999,106,157778
1999,107,141268
1999,108,126205
1999,109,125908
1999,110,346549
1999,111,122134
1999,112,107870
1999,113,95750.2
1999,114,85059.4
1999,115,447287
1999,116,101112
1999,117,88063.9
1999,118,291160
1999,119,89757.8
1999,120,191660
1999,121,80829.2
1999,122,74637.7
1999,123,79463.5
1999,124,84852.2
1999,125,61996.1
1999,126,277531
1999,127,133903
1999,128,74825.6
1999,129,71357.8
1999,130,78214.5
1999,131,2533800
1999,132,2943970
1999,133,885777
1999,134,527544
1999,135,537322
1999,136,846912
1999,137,1213663
1999,138,642715
1999,139,619749
1999,140,588433
1999,141,542215
1999,142,494854
1999,143,453666
1999,144,450583
1999,145,392608
1999,146,337297
1999,147,280059
1999,148,233575
1999,149,197402
1999,150,169015
1999,151,315505
1999,152,150841
1999,153,132553
1999,154,117876
1999,155,105950
1999,156,96868
1999,157,88640.8
1999,158,82330.4
1999,159,76943.7
1999,160,72299.9
1999,161,83226.3
1999,162,65789
1999,163,69292.7
1999,164,362036
1999,165,479894
1999,166,106464
1999,167,105249
1999,168,103943
1999,169,102537
1999,170,101823
1999,171,102749
1999,172,99335.1
1999,173,97791.5
1999,174,255689
1999,175,111345
1999,176,110562
1999,177,109690
1999,178,108438
1999,179,195306
1999,180,1168935
1999,181,214743
1999,182,212708
1999,183,209536
1999,184,205552
1999,185,201447
1999,186,197311
1999,187,192611
1999,188,186988
1999,189,219853
1999,190,177409
1999,191,186271
1999,192,436094
1999,193,199423
1999,194,193346
1999,195,178729
1999,196,165853
1999,197,154216
1999,198,143977
1999,199,134981
1999,200,126730
1999,201,144772
1999,202,115914
1999,203,110232
1999,204,104695
1999,205,168573
1999,206,233432
1999,207,107143
1999,208,101185
1999,209,95646
1999,210,90602.8
1999,211,85967.8
1999,212,83110.5
1999,213,100743
1999,214,76214.7
1999,215,72875.4
1999,216,69731.5
1999,217,66856.9
1999,218,64027.6
1999,219,61284.4
1999,220,58593.8
1999,221,55779.6
1999,222,53165.7
1999,223,50735.9
1999,224,48430.2
1999,225,46337.2
1999,226,44515
1999,227,42762.7
1999,228,40986.3
1999,229,39382
1999,230,37912.8
1999,231,36517.2
1999,232,35174.2
1999,233,2601380
1999,234,135337
1999,235,141731
1999,236,408822
1999,237,247298
1999,238,958472
1999,239,3083700
1999,240,610622
1999,241,481315
1999,242,484496
1999,243,473816
1999,244,454649
1999,245,434051
1999,246,421151
1999,247,413826
1999,248,1564708
1999,249,558898
1999,250,555788
1999,251,469874
1999,252,422967
1999,253,406529
1999,254,312754
1999,255,264623
1999,256,227248
1999,257,197815
1999,258,920375
1999,259,236362
1999,260,214722
1999,261,196032
1999,262,178992
1999,263,300288
1999,264,601134
1999,265,180640
1999,266,165680
1999,267,153356
1999,268,143303
1999,269,134969
1999,270,127721
1999,271,121382
1999,272,115418
1999,273,106953
1999,274,1322856
1999,275,0
1999,276,587765
1999,277,207245
1999,278,2736500
1999,279,1111525
1999,280,434103
1999,281,1620434
1999,282,510377
1999,283,487867
1999,284,461103
1999,285,436635
1999,286,420871
1999,287,408982
1999,288,395884
1999,289,805625
1999,290,432420
1999,291,372858
1999,292,329049
1999,293,278811
1999,294,237979
1999,295,206727
1999,296,4370920
1999,297,1608402
1999,298,770976
1999,299,887740
1999,300,1062532
1999,301,1255377
1999,302,1414561
1999,303,1819567
1999,304,1672415
1999,305,1948543
1999,306,2283370
1999,307,2856490
1999,308,3142220
1999,309,3580490
1999,310,4759070
1999,311,2471290
1999,312,1797104
1999,313,1379646
1999,314,1126749
1999,315,2700620
1999,316,1220506
1999,317,1455906
1999,318,1036740
1999,319,818091
1999,320,684231
1999,321,573011
1999,322,836052
1999,323,508892
1999,324,415323
1999,325,409977
1999,326,608687
1999,327,323068
1999,328,411658
1999,329,805580
1999,330,317129
1999,331,285196
1999,332,256266
1999,333,232019
1999,334,212078
1999,335,194770
1999,336,179890
1999,337,165553
1999,338,153033
1999,339,142379
1999,340,191960
1999,341,128072
1999,342,118737
1999,343,132661
1999,344,361064
1999,345,115036
1999,346,106549
1999,347,99453.4
1999,348,93114.2
1999,349,87507.9
1999,350,82709.4
1999,351,78466.7
1999,352,74651.1
1999,353,71177.9
1999,354,80181.6
1999,355,822239
1999,356,95479
1999,357,91519.3
1999,358,87871.5
1999,359,497121
1999,360,597867
1999,361,124858
1999,362,136165
1999,363,118852
1999,364,114081
1999,365,108556
1999,366,101362
2000,1,94618.6
2000,2,88253.5
2000,3,109357
2000,4,76315.9
2000,5,69280.2
2000,6,63489.7
2000,7,58446.1
2000,8,76076.7
2000,9,49731.5
2000,10,45418.5
2000,11,44186.9
2000,12,39431.9
2000,13,37123.9
2000,14,111549
2000,15,300575
2000,16,47163.4
2000,17,38929.8
2000,18,440258
2000,19,48086.8
2000,20,46049
2000,21,44154.7
2000,22,60252.3
2000,23,41036.6
2000,24,38898.7
2000,25,36805.1
2000,26,34819.9
2000,27,32850.2
2000,28,30922.5
2000,29,183989
2000,30,105096
2000,31,34085.9
2000,32,43513.5
2000,33,43238.2
2000,34,26983.7
2000,35,24787.5
2000,36,22975.8
2000,37,21498.1
2000,38,20335.7
2000,39,19409.7
2000,40,109289
2000,41,39981.3
2000,42,19270.8
2000,43,18519.2
2000,44,17718.2
2000,45,16989.4
2000,46,16358.4
2000,47,15799.2
2000,48,38201.2
2000,49,15123.7
2000,50,16629.6
2000,51,42602
2000,52,14207.2
2000,53,145070
2000,54,17336.9
2000,55,23293.6
2000,56,16281.6
2000,57,13570.4
2000,58,13188.2
2000,59,127752
2000,60,13633
2000,61,14808.3
2000,62,12909.4
2000,63,17303.4
2000,64,12271.6
2000,65,11978.9
2000,66,12522.9
2000,67,11415.3
2000,68,11105.6
2000,69,10835.4
2000,70,88459.4
2000,71,11039.5
2000,72,18625.2
2000,73,10599.9
2000,74,10305.6
2000,75,1266178
2000,76,672227
2000,77,126645
2000,78,50096.9
2000,79,55013.4
2000,80,58241.5
2000,81,60381.8
2000,82,275866
2000,83,90186.6
2000,84,79501.6
2000,85,77013.1
2000,86,73444.9
2000,87,178795
2000,88,603872
2000,89,138126
2000,90,112572
2000,91,92766.5
2000,92,77831.6
2000,93,66279.9
2000,94,56689.5
2000,95,48598
2000,96,41770.9
2000,97,35573
2000,98,279807
2000,99,71403.8
2000,100,851562
2000,101,123869
2000,102,525513
2000,103,170605
2000,104,107699
2000,105,99480.3
2000,106,91787.1
2000,107,252732
2000,108,799459
2000,109,19959300
2000,110,1458010
2000,111,1423299
2000,112,1454919
2000,113,2487030
2000,114,2412340
2000,115,2301320
2000,116,1365272
2000,117,1149376
2000,118,962845
2000,119,810329
2000,120,688081
2000,121,629639
2000,122,1854978
2000,123,2610730
2000,124,1050443
2000,125,781685
2000,126,608635
2000,127,1700352
2000,128,639700
2000,129,535046
2000,130,454333
2000,131,414263
2000,132,526587
2000,133,1288423
2000,134,464697
2000,135,426445
2000,136,964005
2000,137,466946
2000,138,404236
2000,139,362077
2000,140,422821
2000,141,312651
2000,142,430792
2000,143,586983
2000,144,320612
2000,145,539412
2000,146,304368
2000,147,282343
2000,148,258164
2000,149,237336
2000,150,219517
2000,151,201551
2000,152,185944
2000,153,171966
2000,154,159587
2000,155,148408
2000,156,1793294
2000,157,320917
2000,158,310505
2000,159,300293
2000,160,286543
2000,161,274381
2000,162,264334
2000,163,254353
2000,164,243231
2000,165,232728
2000,166,224305
2000,167,216338
2000,168,208018
2000,169,202352
2000,170,194974
2000,171,179217
2000,172,165694
2000,173,153489
2000,174,257207
2000,175,146122
2000,176,136160
2000,177,217696
2000,178,208742
2000,179,474817
2000,180,2504260
2000,181,548240
2000,182,400938
2000,183,429977
2000,184,421667
2000,185,427826
2000,186,430404
2000,187,428229
2000,188,487830
2000,189,420058
2000,190,1350369
2000,191,563707
2000,192,543452
2000,193,518454
2000,194,914424
2000,195,490035
2000,196,425945
2000,197,520858
2000,198,1765717
2000,199,616744
2000,200,540442
2000,201,499507
2000,202,463221
2000,203,430073
2000,204,922270
2000,205,456950
2000,206,419434
2000,207,388174
2000,208,358841
2000,209,327293
2000,210,299663
2000,211,276134
2000,212,254964
2000,213,227584
2000,214,203486
2000,215,182778
2000,216,165190
2000,217,150326
2000,218,136214
2000,219,778599
2000,220,164660
2000,221,152103
2000,222,141194
2000,223,131658
2000,224,123352
2000,225,2714090
2000,226,300066
2000,227,302437
2000,228,308868
2000,229,315201
2000,230,320575
2000,231,323860
2000,232,326024
2000,233,327567
2000,234,315116
2000,235,297089
2000,236,278957
2000,237,262708
2000,238,247220
2000,239,231922
2000,240,204543
2000,241,182110
2000,242,163614
2000,243,148197
2000,244,134894
2000,245,123181
2000,246,112812
2000,247,103764
2000,248,96030
2000,249,89394.5
2000,250,83541.9
2000,251,78376.3
2000,252,73895
2000,253,69939.1
2000,254,66507.1
2000,255,63457.6
2000,256,60550.5
2000,257,59431.7
2000,258,55485.3
2000,259,53292.7
2000,260,962977
2000,261,86054.4
2000,262,85709.4
2000,263,85249.4
2000,264,84786.1
2000,265,91905
2000,266,83749.6
2000,267,82872.2
2000,268,81737.3
2000,269,80327.5
2000,270,78478.2
2000,271,152614
2000,272,78763.4
2000,273,1607737
2000,274,294384
2000,275,180099
2000,276,253563
2000,277,172655
2000,278,167767
2000,279,164930
2000,280,162024
2000,281,158920
2000,282,155588
2000,283,151441
2000,284,214589
2000,285,151370
2000,286,1984223
2000,287,669798
2000,288,412496
2000,289,397487
2000,290,381340
2000,291,1883787
2000,292,856939
2000,293,591527
2000,294,574458
2000,295,552947
2000,296,2167873
2000,297,867429
2000,298,849793
2000,299,922229
2000,300,1120087
2000,301,1109722
2000,302,3491420
2000,303,2740580
2000,304,2389390
2000,305,2550540
2000,306,2748830
2000,307,2469720
2000,308,1380720
2000,309,1683823
2000,310,2028946
2000,311,1095531
2000,312,925219
2000,313,774606
2000,314,1800403
2000,315,1065163
2000,316,809446
2000,317,774993
2000,318,587905
2000,319,497359
2000,320,422148
2000,321,374998
2000,322,332856
2000,323,761917
2000,324,487164
2000,325,306217
2000,326,270719
2000,327,1230103
2000,328,767006
2000,329,447434
2000,330,347064
2000,331,314700
2000,332,291104
2000,333,291731
2000,334,249592
2000,335,227321
2000,336,209501
2000,337,227627
2000,338,251062
2000,339,175184
2000,340,160882
2000,341,175734
2000,342,133335
2000,343,138087
2000,344,108230
2000,345,98189.4
2000,346,690589
2000,347,179960
2000,348,142489
2000,349,691994
2000,350,154678
2000,351,139177
2000,352,131117
2000,353,122615
2000,354,747181
2000,355,736166
2000,356,639835
2000,357,326270
2000,358,706166
2000,359,1470376
2000,360,1070340
2000,361,468019
2000,362,415781
2000,363,379504
2000,364,352215
2000,365,301696
2000,366,268418
2001,1,240427
2001,2,214368
2001,3,260458
2001,4,169672
2001,5,168231
2001,6,277240
2001,7,1548738
2001,8,495565
2001,9,269368
2001,10,229152
2001,11,194989
2001,12,936616
2001,13,1813457
2001,14,646960
2001,15,453553
2001,16,427499
2001,17,322530
2001,18,320974
2001,19,589395
2001,20,312694
2001,21,257386
2001,22,1228844
2001,23,395315
2001,24,293794
2001,25,250756
2001,26,1051165
2001,27,542343
2001,28,694373
2001,29,413459
2001,30,468729
2001,31,247407
2001,32,210417
2001,33,179674
2001,34,192643
2001,35,165680
2001,36,121796
2001,37,103752
2001,38,90029.8
2001,39,79357
2001,40,70777.3
2001,41,70987.4
2001,42,55777
2001,43,50072.4
2001,44,45557.2
2001,45,48480.6
2001,46,655239
2001,47,200676
2001,48,64465.6
2001,49,59094.5
2001,50,83819.1
2001,51,53205.7
2001,52,131110
2001,53,50101.9
2001,54,47107.1
2001,55,44407.8
2001,56,41915.8
2001,57,249926
2001,58,172121
2001,59,196692
2001,60,112067
2001,61,968452
2001,62,372474
2001,63,2230040
2001,64,594784
2001,65,1563540
2001,66,394972
2001,67,350313
2001,68,1073729
2001,69,538583
2001,70,388275
2001,71,380227
2001,72,316520
2001,73,524979
2001,74,894441
2001,75,373401
2001,76,577883
2001,77,316448
2001,78,302051
2001,79,214295
2001,80,222778
2001,81,150977
2001,82,128244
2001,83,106911
2001,84,90919.2
2001,85,360339
2001,86,127151
2001,87,90064
2001,88,76844.1
2001,89,80662.6
2001,90,141845
2001,91,58786.3
2001,92,67272
2001,93,65843.1
2001,94,241707
2001,95,175830
2001,96,265505
2001,97,70076.8
2001,98,59610.4
2001,99,56684.4
2001,100,52805.7
2001,101,49136.9
2001,102,45694.2
2001,103,42527
2001,104,50046.8
2001,105,631521
2001,106,189682
2001,107,731132
2001,108,238685
2001,109,136460
2001,110,123697
2001,111,118366
2001,112,815858
2001,113,173591
2001,114,166179
2001,115,160993
2001,116,196180
2001,117,188457
2001,118,324877
2001,119,709308
2001,120,234005
2001,121,218244
2001,122,197749
2001,123,179035
2001,124,161712
2001,125,145844
2001,126,131409
2001,127,332239
2001,128,266468
2001,129,146254
2001,130,129773
2001,131,121236
2001,132,108961
2001,133,100280
2001,134,91526.3
2001,135,83746.1
2001,136,76980.5
2001,137,70898.5
2001,138,65472.1
2001,139,75789.7
2001,140,335069
2001,141,1054499
2001,142,166000
2001,143,152419
2001,144,147900
2001,145,143427
2001,146,139569
2001,147,135397
2001,148,130343
2001,149,124877
2001,150,119485
2001,151,114866
2001,152,111411
2001,153,108339
2001,154,105026
2001,155,99526.4
2001,156,89742.7
2001,157,81096.6
2001,158,73484.7
2001,159,67162
2001,160,61936.3
2001,161,57320.8
2001,162,53105.6
2001,163,428293
2001,164,624137
2001,165,148307
2001,166,117063
2001,167,116042
2001,168,459295
2001,169,145091
2001,170,146500
2001,171,147398
2001,172,147913
2001,173,148322
2001,174,154194
2001,175,149251
2001,176,149606
2001,177,149820
2001,178,145534
2001,179,137001
2001,180,1172136
2001,181,264425
2001,182,247144
2001,183,681676
2001,184,253975
2001,185,236313
2001,186,220498
2001,187,206419
2001,188,193154
2001,189,180337
2001,190,168630
2001,191,158061
2001,192,148634
2001,193,140230
2001,194,131933
2001,195,133670
2001,196,115903
2001,197,98729.3
2001,198,89418.5
2001,199,81452.5
2001,200,246972
2001,201,10729900
2001,202,681638
2001,203,714200
2001,204,719793
2001,205,704084
2001,206,673213
2001,207,633024
2001,208,587000
2001,209,539684
2001,210,494311
2001,211,450695
2001,212,410141
2001,213,373479
2001,214,339912
2001,215,307804
2001,216,247484
2001,217,203858
2001,218,171444
2001,219,146677
2001,220,127431
2001,221,112226
2001,222,100070
2001,223,131961
2001,224,85364.9
2001,225,78825.3
2001,226,73383.5
2001,227,68810
2001,228,64968.8
2001,229,61664.3
2001,230,111801
2001,231,58370.9
2001,232,56015.5
2001,233,53915.9
2001,234,506645
2001,235,68157.8
2001,236,67118.9
2001,237,66237.6
2001,238,65230.3
2001,239,64182.1
2001,240,63125.8
2001,241,62140.9
2001,242,61127.7
2001,243,60071.7
2001,244,59043.6
2001,245,780800
2001,246,172267
2001,247,97384.3
2001,248,98900.4
2001,249,95915.6
2001,250,93796
2001,251,112607
2001,252,109338
2001,253,89207.7
2001,254,86752.4
2001,255,145363
2001,256,146899
2001,257,87084.1
2001,258,85094.2
2001,259,82871.1
2001,260,247597
2001,261,150510
2001,262,437248
2001,263,101717
2001,264,97818.3
2001,265,94117.6
2001,266,90171.2
2001,267,86336.4
2001,268,83070.3
2001,269,80073.3
2001,270,76998
2001,271,392188
2001,272,91337.9
2001,273,88299.7
2001,274,85482.2
2001,275,0
2001,276,82054.6
2001,277,191168
2001,278,80995.7
2001,279,76493.7
2001,280,72550.6
2001,281,68980.5
2001,282,65679.6
2001,283,63167.7
2001,284,137724
2001,285,61336.7
2001,286,58695.8
2001,287,195917
2001,288,557383
2001,289,93289.8
2001,290,81322.7
2001,291,370976
2001,292,481145
2001,293,160090
2001,294,271560
2001,295,389805
2001,296,2863900
2001,297,1110004
2001,298,1126651
2001,299,1343075
2001,300,1637284
2001,301,754444
2001,302,761834
2001,303,741311
2001,304,1472282
2001,305,3134040
2001,306,1320142
2001,307,1457540
2001,308,1506560
2001,309,1665976
2001,310,1855845
2001,311,2012306
2001,312,3703650
2001,313,2903360
2001,314,3516930
2001,315,4925220
2001,316,3775880
2001,317,4573440
2001,318,3016020
2001,319,1681079
2001,320,1338573
2001,321,1671485
2001,322,1306602
2001,323,1451891
2001,324,913365
2001,325,784876
2001,326,753139
2001,327,745201
2001,328,530333
2001,329,441043
2001,330,388622
2001,331,314661
2001,332,269160
2001,333,233108
2001,334,206297
2001,335,186039
2001,336,168387
2001,337,152968
2001,338,139412
2001,339,128337
2001,340,137241
2001,341,113025
2001,342,106846
2001,343,101662
2001,344,97126.6
2001,345,93006.4
2001,346,89234.1
2001,347,85795.7
2001,348,85186.9
2001,349,79990
2001,350,77441.9
2001,351,75058.2
2001,352,72818.2
2001,353,94853.6
2001,354,81218.5
2001,355,67211.7
2001,356,74829.3
2001,357,461411
2001,358,724185
2001,359,226662
2001,360,85665.3
2001,361,81316.5
2001,362,1228499
2001,363,1200654
2001,364,556164
2001,365,406344
2001,366,247531
2002,1,259854
2002,2,1696303
2002,3,622408
2002,4,956912
2002,5,511668
2002,6,470243
2002,7,411953
2002,8,358244
2002,9,312073
2002,10,273176
2002,11,231093
2002,12,301976
2002,13,306780
2002,14,167975
2002,15,140144
2002,16,165248
2002,17,2628200
2002,18,438590
2002,19,316680
2002,20,271039
2002,21,485659
2002,22,228764
2002,23,891776
2002,24,467992
2002,25,254132
2002,26,227805
2002,27,201476
2002,28,175787
2002,29,153586
2002,30,134579
2002,31,260406
2002,32,879771
2002,33,191203
2002,34,193899
2002,35,625128
2002,36,460353
2002,37,185500
2002,38,160951
2002,39,875970
2002,40,281868
2002,41,554843
2002,42,630168
2002,43,223220
2002,44,203875
2002,45,185636
2002,46,167015
2002,47,144470
2002,48,461789
2002,49,165670
2002,50,130628
2002,51,112080
2002,52,97137.4
2002,53,85057.3
2002,54,73051.2
2002,55,63193.2
2002,56,390103
2002,57,181637
2002,58,73782.4
2002,59,65285.2
2002,60,58363.3
2002,61,52733.3
2002,62,122740
2002,63,47461.3
2002,64,43078.1
2002,65,195153
2002,66,342148
2002,67,60378
2002,68,51984.5
2002,69,51097.6
2002,70,47675.8
2002,71,40347.6
2002,72,178051
2002,73,775729
2002,74,178872
2002,75,104134
2002,76,128856
2002,77,73892.4
2002,78,69852.9
2002,79,147084
2002,80,65645.1
2002,81,91390.6
2002,82,70612
2002,83,61982.5
2002,84,48130.9
2002,85,238861
2002,86,55899.6
2002,87,51293.8
2002,88,45010.1
2002,89,153161
2002,90,192928
2002,91,47392.1
2002,92,42613.1
2002,93,382355
2002,94,55303.5
2002,95,51579.1
2002,96,48055.5
2002,97,299202
2002,98,57198.9
2002,99,54318.3
2002,100,50315.1
2002,101,46528.5
2002,102,43019.1
2002,103,220360
2002,104,49590
2002,105,45032.8
2002,106,407918
2002,107,247757
2002,108,73464.2
2002,109,69093.8
2002,110,64790.1
2002,111,60584.2
2002,112,55246.2
2002,113,2584108
2002,114,230082
2002,115,234349
2002,116,235210
2002,117,4875790
2002,118,1624462
2002,119,784092
2002,120,791236
2002,121,790369
2002,122,740131
2002,123,660248
2002,124,604022
2002,125,547310
2002,126,490193
2002,127,436048
2002,128,360944
2002,129,496541
2002,130,307855
2002,131,271017
2002,132,223734
2002,133,184471
2002,134,153204
2002,135,128784
2002,136,109423
2002,137,659172
2002,138,146485
2002,139,355942
2002,140,143388
2002,141,133296
2002,142,124933
2002,143,117486
2002,144,109494
2002,145,106660
2002,146,145885
2002,147,95226.3
2002,148,89809.4
2002,149,85762.2
2002,150,82589.3
2002,151,79805.3
2002,152,74755.4
2002,153,70172
2002,154,65341.4
2002,155,60932.1
2002,156,56755.3
2002,157,70802.5
2002,158,84574.1
2002,159,61542.7
2002,160,49179.1
2002,161,46930
2002,162,44855.1
2002,163,43009.3
2002,164,41369.3
2002,165,39912.1
2002,166,38620.4
2002,167,37403.8
2002,168,36229.2
2002,169,35073.4
2002,170,33954.3
2002,171,32967.9
2002,172,32062.4
2002,173,31142.6
2002,174,99465.9
2002,175,32071.3
2002,176,31351.1
2002,177,30642.6
2002,178,58554.4
2002,179,589411
2002,180,52356.8
2002,181,54054.7
2002,182,98312.2
2002,183,101585
2002,184,705709
2002,185,105853
2002,186,113925
2002,187,121686
2002,188,128716
2002,189,133201
2002,190,228310
2002,191,212311
2002,192,845880
2002,193,263787
2002,194,252597
2002,195,253192
2002,196,248874
2002,197,419749
2002,198,943747
2002,199,344600
2002,200,329309
2002,201,1060976
2002,202,1197859
2002,203,518245
2002,204,501792
2002,205,482035
2002,206,460704
2002,207,451075
2002,208,512428
2002,209,394479
2002,210,368759
2002,211,345480
2002,212,321341
2002,213,287863
2002,214,255477
2002,215,228504
2002,216,201450
2002,217,175997
2002,218,155219
2002,219,138075
2002,220,123704
2002,221,393073
2002,222,125012
2002,223,114108
2002,224,104738
2002,225,96530.5
2002,226,436089
2002,227,105657
2002,228,99391.6
2002,229,93941.8
2002,230,89054.5
2002,231,84683.3
2002,232,80791.3
2002,233,77300.8
2002,234,74244.9
2002,235,71492.5
2002,236,68114.8
2002,237,64951.8
2002,238,61956.6
2002,239,326678
2002,240,71073.7
2002,241,67523.2
2002,242,64145.2
2002,243,60915.3
2002,244,57795.6
2002,245,275261
2002,246,190009
2002,247,528629
2002,248,89102.3
2002,249,88938.4
2002,250,89246.4
2002,251,89940.1
2002,252,90616.6
2002,253,91122.4
2002,254,89991.4
2002,255,88872.3
2002,256,645738
2002,257,147495
2002,258,144986
2002,259,145051
2002,260,141966
2002,261,137295
2002,262,129149
2002,263,125489
2002,264,115238
2002,265,108795
2002,266,412857
2002,267,189662
2002,268,118895
2002,269,112890
2002,270,107205
2002,271,98316.3
2002,272,291132
2002,273,98552.2
2002,274,91718.1
2002,275,0
2002,276,87222.1
2002,277,611261
2002,278,439096
2002,279,159658
2002,280,160317
2002,281,160499
2002,282,157412
2002,283,152140
2002,284,1395889
2002,285,254223
2002,286,253840
2002,287,248395
2002,288,263792
2002,289,225663
2002,290,214239
2002,291,310422
2002,292,274581
2002,293,480352
2002,294,237769
2002,295,1194807
2002,296,433073
2002,297,355932
2002,298,344984
2002,299,320397
2002,300,302674
2002,301,1977621
2002,302,607788
2002,303,712028
2002,304,822517
2002,305,1061956
2002,306,2546890
2002,307,1821024
2002,308,1644907
2002,309,1345572
2002,310,814157
2002,311,705931
2002,312,623190
2002,313,554913
2002,314,498603
2002,315,855401
2002,316,455509
2002,317,389221
2002,318,337150
2002,319,707024
2002,320,2003436
2002,321,653495
2002,322,472632
2002,323,389305
2002,324,406781
2002,325,428638
2002,326,342461
2002,327,317327
2002,328,331811
2002,329,226243
2002,330,204467
2002,331,511808
2002,332,217300
2002,333,416366
2002,334,2090335
2002,335,498132
2002,336,614806
2002,337,380797
2002,338,1452466
2002,339,451163
2002,340,416415
2002,341,380534
2002,342,342694
2002,343,304302
2002,344,300557
2002,345,768492
2002,346,315644
2002,347,280497
2002,348,1034442
2002,349,1508433
2002,350,536498
2002,351,414000
2002,352,361075
2002,353,890929
2002,354,1881484
2002,355,527712
2002,356,479048
2002,357,445836
2002,358,397105
2002,359,356360
2002,360,310223
2002,361,271087
2002,362,300192
2002,363,214126
2002,364,1205151
2002,365,406242
2002,366,275038
2003,1,458036
2003,2,232936
2003,3,195119
2003,4,167522
2003,5,145695
2003,6,369855
2003,7,2081832
2003,8,437768
2003,9,312466
2003,10,286664
2003,11,259198
2003,12,232608
2003,13,640825
2003,14,234166
2003,15,1052086
2003,16,558737
2003,17,490342
2003,18,329622
2003,19,375783
2003,20,619081
2003,21,279924
2003,22,230883
2003,23,191916
2003,24,165875
2003,25,146083
2003,26,118763
2003,27,767191
2003,28,698841
2003,29,203659
2003,30,172802
2003,31,146635
2003,32,124535
2003,33,107910
2003,34,91670.5
2003,35,80901.8
2003,36,69933.3
2003,37,63183.8
2003,38,57696.6
2003,39,53089.2
2003,40,58262.3
2003,41,46562.5
2003,42,43391.1
2003,43,40518.9
2003,44,38171
2003,45,36507.9
2003,46,34619.6
2003,47,33254.1
2003,48,32084.3
2003,49,49938
2003,50,63579.8
2003,51,29812.4
2003,52,28933.3
2003,53,28703.8
2003,54,425820
2003,55,30755.2
2003,56,30006.8
2003,57,29495
2003,58,28492.6
2003,59,51488.8
2003,60,33034.9
2003,61,26480.2
2003,62,25692.3
2003,63,33583.5
2003,64,67138.3
2003,65,25759.9
2003,66,23594
2003,67,190028
2003,68,26230.3
2003,69,24877.6
2003,70,23715.6
2003,71,22681.3
2003,72,21742.6
2003,73,20893.4
2003,74,20114.1
2003,75,19415.5
2003,76,18788.7
2003,77,59448.8
2003,78,18640.6
2003,79,27197.5
2003,80,17555.6
2003,81,16913.6
2003,82,124853
2003,83,17112.4
2003,84,114989
2003,85,41582.3
2003,86,385379
2003,87,22650
2003,88,22563.1
2003,89,22318.7
2003,90,53439
2003,91,657294
2003,92,42756.9
2003,93,44497.6
2003,94,619078
2003,95,77996.7
2003,96,81158.4
2003,97,80287.2
2003,98,78906.1
2003,99,76055.5
2003,100,72398.4
2003,101,65370.3
2003,102,58964.3
2003,103,53001.5
2003,104,48247
2003,105,44546.9
2003,106,39160.5
2003,107,34401.7
2003,108,1887792
2003,109,441337
2003,110,173776
2003,111,163423
2003,112,154081
2003,113,144274
2003,114,244667
2003,115,410832
2003,116,181104
2003,117,153660
2003,118,146380
2003,119,1137488
2003,120,2973840
2003,121,599672
2003,122,596302
2003,123,526932
2003,124,458971
2003,125,398608
2003,126,445598
2003,127,654667
2003,128,413451
2003,129,319757
2003,130,285562
2003,131,256913
2003,132,254859
2003,133,1642928
2003,134,5809990
2003,135,1230753
2003,136,1150535
2003,137,874669
2003,138,787080
2003,139,4694680
2003,140,1307521
2003,141,1136346
2003,142,1190655
2003,143,937552
2003,144,835686
2003,145,747911
2003,146,671152
2003,147,652001
2003,148,1445098
2003,149,1258983
2003,150,687434
2003,151,583812
2003,152,714108
2003,153,604373
2003,154,444502
2003,155,412383
2003,156,347928
2003,157,312298
2003,158,283724
2003,159,814905
2003,160,456163
2003,161,335118
2003,162,313440
2003,163,290031
2003,164,333977
2003,165,524525
2003,166,1812562
2003,167,446348
2003,168,428456
2003,169,411285
2003,170,2561910
2003,171,2412140
2003,172,947676
2003,173,932855
2003,174,848421
2003,175,1177810
2003,176,1427014
2003,177,945217
2003,178,829115
2003,179,769127
2003,180,873673
2003,181,672695
2003,182,607388
2003,183,551650
2003,184,511109
2003,185,446716
2003,186,396081
2003,187,349925
2003,188,314996
2003,189,285076
2003,190,256150
2003,191,229079
2003,192,206771
2003,193,188618
2003,194,173644
2003,195,160198
2003,196,160124
2003,197,548079
2003,198,517216
2003,199,174295
2003,200,165162
2003,201,157188
2003,202,149980
2003,203,150354
2003,204,2282580
2003,205,275074
2003,206,273363
2003,207,270460
2003,208,314148
2003,209,569483
2003,210,285695
2003,211,278564
2003,212,266069
2003,213,250196
2003,214,235154
2003,215,252349
2003,216,2585640
2003,217,452776
2003,218,430343
2003,219,384152
2003,220,345288
2003,221,312149
2003,222,283914
2003,223,259339
2003,224,238350
2003,225,215937
2003,226,199104
2003,227,184771
2003,228,172201
2003,229,161226
2003,230,151518
2003,231,136227
2003,232,123748
2003,233,113505
2003,234,104901
2003,235,97475.2
2003,236,91081.3
2003,237,85569.1
2003,238,80771.8
2003,239,76513.7
2003,240,72664.1
2003,241,69101.3
2003,242,65896.8
2003,243,63074.7
2003,244,60407.3
2003,245,57882.6
2003,246,55515.6
2003,247,63262.7
2003,248,51487.1
2003,249,49527.3
2003,250,764135
2003,251,72454.7
2003,252,72140.6
2003,253,71769.3
2003,254,71386.6
2003,255,70968.5
2003,256,70372.1
2003,257,69676.6
2003,258,69011.2
2003,259,68372.6
2003,260,67698.8
2003,261,66973.5
2003,262,66237.1
2003,263,65457.5
2003,264,64535.3
2003,265,61141.2
2003,266,57980.3
2003,267,55056.5
2003,268,1056497
2003,269,105157
2003,270,101563
2003,271,100562
2003,272,99490.1
2003,273,98183.9
2003,274,96466.5
2003,275,0
2003,276,94441.1
2003,277,356081
2003,278,107959
2003,279,106502
2003,280,124371
2003,281,103499
2003,282,101373
2003,283,98897.6
2003,284,91446.5
2003,285,85071.4
2003,286,79478.9
2003,287,74106.5
2003,288,338934
2003,289,82433
2003,290,77782.7
2003,291,73029.6
2003,292,67397.7
2003,293,62183.3
2003,294,57871.3
2003,295,3889940
2003,296,705696
2003,297,418016
2003,298,597322
2003,299,751123
2003,300,755559
2003,301,1603873
2003,302,1309151
2003,303,1697935
2003,304,4625340
2003,305,3911570
2003,306,1589247
2003,307,1640933
2003,308,1568964
2003,309,1479248
2003,310,1543975
2003,311,1991011
2003,312,1698736
2003,313,2093730
2003,314,2040268
2003,315,2366440
2003,316,2473250
2003,317,3916700
2003,318,3413690
2003,319,3639240
2003,320,3925550
2003,321,4312640
2003,322,4769060
2003,323,3131320
2003,324,2224520
2003,325,1581741
2003,326,1280396
2003,327,1190362
2003,328,1042502
2003,329,793552
2003,330,671096
2003,331,606643
2003,332,1237115
2003,333,591590
2003,334,493210
2003,335,538771
2003,336,374490
2003,337,336652
2003,338,279449
2003,339,242570
2003,340,217853
2003,341,241987
2003,342,186973
2003,343,346749
2003,344,233702
2003,345,197525
2003,346,159507
2003,347,280475
2003,348,150311
2003,349,148217
2003,350,130834
2003,351,130309
2003,352,187580
2003,353,115630
2003,354,110052
2003,355,104852
2003,356,164137
2003,357,202104
2003,358,98919.6
2003,359,176258
2003,360,223516
2003,361,179624
2003,362,635165
2003,363,134835
2003,364,201794
2003,365,118374
2003,366,121919
2004,1,1273945
2004,2,1715623
2004,3,334825
2004,4,1571231
2004,5,787037
2004,6,609154
2004,7,461398
2004,8,2871230
2004,9,848160
2004,10,786397
2004,11,620192
2004,12,1040546
2004,13,2509850
2004,14,1007811
2004,15,1093140
2004,16,679257
2004,17,547483
2004,18,683669
2004,19,966187
2004,20,475403
2004,21,7019810
2004,22,2767520
2004,23,2750730
2004,24,1215289
2004,25,984214
2004,26,798357
2004,27,644535
2004,28,511996
2004,29,418160
2004,30,347036
2004,31,289550
2004,32,246082
2004,33,210846
2004,34,180787
2004,35,186277
2004,36,197483
2004,37,165528
2004,38,436629
2004,39,153976
2004,40,113176
2004,41,213297
2004,42,250538
2004,43,107951
2004,44,87592.2
2004,45,80542.6
2004,46,74865.4
2004,47,69485.7
2004,48,65176.9
2004,49,389927
2004,50,75115.8
2004,51,70774.3
2004,52,2623150
2004,53,1298508
2004,54,1125687
2004,55,394981
2004,56,321443
2004,57,305863
2004,58,988243
2004,59,353979
2004,60,318405
2004,61,291941
2004,62,276662
2004,63,754666
2004,64,337066
2004,65,905771
2004,66,2698630
2004,67,3256210
2004,68,2672810
2004,69,981426
2004,70,774780
2004,71,2353890
2004,72,1070152
2004,73,2791880
2004,74,936990
2004,75,768645
2004,76,638512
2004,77,532895
2004,78,1088369
2004,79,546830
2004,80,438761
2004,81,354756
2004,82,283364
2004,83,227117
2004,84,191318
2004,85,158836
2004,86,135811
2004,87,117943
2004,88,101635
2004,89,94719.2
2004,90,81021.8
2004,91,151562
2004,92,228872
2004,93,79037.3
2004,94,505553
2004,95,618851
2004,96,520321
2004,97,272693
2004,98,133288
2004,99,129324
2004,100,124895
2004,101,119796
2004,102,114930
2004,103,110374
2004,104,105564
2004,105,100734
2004,106,523555
2004,107,677064
2004,108,4064710
2004,109,552567
2004,110,530534
2004,111,1140582
2004,112,1940512
2004,113,659173
2004,114,608941
2004,115,1635406
2004,116,5565200
2004,117,1310036
2004,118,1326861
2004,119,1171911
2004,120,2316840
2004,121,1614225
2004,122,1120102
2004,123,880300
2004,124,861118
2004,125,650271
2004,126,553109
2004,127,1031598
2004,128,533881
2004,129,464049
2004,130,400685
2004,131,332258
2004,132,280078
2004,133,240168
2004,134,209806
2004,135,183405
2004,136,162294
2004,137,2093385
2004,138,601750
2004,139,364196
2004,140,567617
2004,141,356801
2004,142,376295
2004,143,322944
2004,144,304718
2004,145,295588
2004,146,278575
2004,147,266256
2004,148,256405
2004,149,538296
2004,150,4364290
2004,151,1343443
2004,152,4105980
2004,153,1215707
2004,154,1101109
2004,155,993684
2004,156,1017435
2004,157,819885
2004,158,739630
2004,159,1292420
2004,160,951946
2004,161,710321
2004,162,649364
2004,163,597806
2004,164,546744
2004,165,558904
2004,166,632147
2004,167,445295
2004,168,360892
2004,169,318302
2004,170,284336
2004,171,255933
2004,172,261102
2004,173,2629950
2004,174,616561
2004,175,501657
2004,176,473249
2004,177,445738
2004,178,1024619
2004,179,496209
2004,180,478425
2004,181,503676
2004,182,3829970
2004,183,938794
2004,184,912416
2004,185,876276
2004,186,835312
2004,187,792024
2004,188,706099
2004,189,632782
2004,190,571716
2004,191,520877
2004,192,477357
2004,193,433937
2004,194,1291517
2004,195,7112740
2004,196,1312018
2004,197,1061212
2004,198,875175
2004,199,734482
2004,200,628612
2004,201,1584303
2004,202,616864
2004,203,541875
2004,204,480065
2004,205,428761
2004,206,385224
2004,207,346818
2004,208,4520440
2004,209,840372
2004,210,683957
2004,211,574864
2004,212,494371
2004,213,432471
2004,214,746521
2004,215,390106
2004,216,348202
2004,217,356101
2004,218,1046449
2004,219,2496280
2004,220,1044478
2004,221,667982
2004,222,650036
2004,223,577653
2004,224,518900
2004,225,477977
2004,226,447387
2004,227,420385
2004,228,396366
2004,229,368494
2004,230,339660
2004,231,313878
2004,232,290624
2004,233,265049
2004,234,234596
2004,235,208900
2004,236,187959
2004,237,170417
2004,238,155906
2004,239,143814
2004,240,133331
2004,241,124106
2004,242,115848
2004,243,108461
2004,244,102049
2004,245,96478
2004,246,91490.1
2004,247,86968
2004,248,82855.5
2004,249,105816
2004,250,76906.4
2004,251,73634.1
2004,252,721640
2004,253,100656
2004,254,94363.1
2004,255,92684.5
2004,256,90745.1
2004,257,88747.2
2004,258,86826
2004,259,84865.7
2004,260,82851.9
2004,261,80975.2
2004,262,79305.4
2004,263,77625.2
2004,264,75696.6
2004,265,73696.6
2004,266,71663.9
2004,267,118680
2004,268,66718.5
2004,269,63309.6
2004,270,94300
2004,271,58882.3
2004,272,56241.6
2004,273,53733
2004,274,51343.4
2004,275,49043.7
2004,276,46804.8
2004,277,47636.2
2004,278,42692.3
2004,279,430815
2004,280,166197
2004,281,642873
2004,282,376628
2004,283,264283
2004,284,284389
2004,285,289704
2004,286,374435
2004,287,504564
2004,288,207255
2004,289,219034
2004,290,229119
2004,291,274984
2004,292,249788
2004,293,257589
2004,294,291926
2004,295,365731
2004,296,252638
2004,297,230830
2004,298,210431
2004,299,235155
2004,300,587587
2004,301,352907
2004,302,693005
2004,303,637171
2004,304,828580
2004,305,1156764
2004,306,1636992
2004,307,2577930
2004,308,1816133
2004,309,2157480
2004,310,2682650
2004,311,1740019
2004,312,3305250
2004,313,2870630
2004,314,2010792
2004,315,1374846
2004,316,1195783
2004,317,1027749
2004,318,2795970
2004,319,2470990
2004,320,1663899
2004,321,1133992
2004,322,921451
2004,323,744375
2004,324,594808
2004,325,473825
2004,326,384711
2004,327,377581
2004,328,484243
2004,329,384985
2004,330,249215
2004,331,816800
2004,332,1449571
2004,333,502612
2004,334,366902
2004,335,322247
2004,336,283402
2004,337,250606
2004,338,1289377
2004,339,723847
2004,340,363231
2004,341,448285
2004,342,333066
2004,343,686718
2004,344,479015
2004,345,616196
2004,346,776043
2004,347,350796
2004,348,377327
2004,349,267421
2004,350,527097
2004,351,665271
2004,352,283476
2004,353,244033
2004,354,209238
2004,355,371962
2004,356,185381
2004,357,172816
2004,358,170053
2004,359,129622
2004,360,125627
2004,361,137838
2004,362,1119414
2004,363,297759
2004,364,249170
2004,365,163723
2004,366,148457
2005,1,500503
2005,2,245324
2005,3,302989
2005,4,154392
2005,5,142246
2005,6,1147422
2005,7,264227
2005,8,221194
2005,9,205492
2005,10,197870
2005,11,868523
2005,12,228150
2005,13,205266
2005,14,182460
2005,15,325140
2005,16,240142
2005,17,163726
2005,18,720980
2005,19,340780
2005,20,184828
2005,21,158722
2005,22,137787
2005,23,769670
2005,24,173730
2005,25,152609
2005,26,364313
2005,27,137535
2005,28,120588
2005,29,448176
2005,30,129827
2005,31,115040
2005,32,102610
2005,33,134342
2005,34,81372.5
2005,35,95030.5
2005,36,90693.9
2005,37,60395.8
2005,38,186570
2005,39,59808.7
2005,40,50713.6
2005,41,45583.4
2005,42,45131.5
2005,43,3625720
2005,44,240216
2005,45,696161
2005,46,311933
2005,47,588731
2005,48,321542
2005,49,2370870
2005,50,585391
2005,51,452728
2005,52,416529
2005,53,382758
2005,54,1327739
2005,55,468693
2005,56,416705
2005,57,368808
2005,58,2927490
2005,59,1002348
2005,60,602532
2005,61,532229
2005,62,954629
2005,63,1125521
2005,64,464555
2005,65,370710
2005,66,779835
2005,67,324536
2005,68,278252
2005,69,236166
2005,70,202297
2005,71,173889
2005,72,198340
2005,73,143570
2005,74,2081281
2005,75,1541494
2005,76,425012
2005,77,374359
2005,78,322092
2005,79,280641
2005,80,276611
2005,81,215577
2005,82,1398450
2005,83,1822729
2005,84,485001
2005,85,463480
2005,86,407010
2005,87,364797
2005,88,326525
2005,89,271210
2005,90,335846
2005,91,200914
2005,92,657664
2005,93,223102
2005,94,188580
2005,95,166212
2005,96,147628
2005,97,126847
2005,98,107298
2005,99,92743.3
2005,100,81391.6
2005,101,1355874
2005,102,996472
2005,103,229680
2005,104,217163
2005,105,203471
2005,106,189963
2005,107,172912
2005,108,338847
2005,109,168690
2005,110,2457990
2005,111,11053690
2005,112,1258322
2005,113,1301533
2005,114,1276550
2005,115,1198754
2005,116,1040009
2005,117,879690
2005,118,748027
2005,119,640393
2005,120,552138
2005,121,4690830
2005,122,1320297
2005,123,1500274
2005,124,1075009
2005,125,885833
2005,126,676671
2005,127,539659
2005,128,443635
2005,129,374726
2005,130,321929
2005,131,280003
2005,132,246870
2005,133,221476
2005,134,201791
2005,135,185859
2005,136,174743
2005,137,290983
2005,138,1293255
2005,139,368916
2005,140,250012
2005,141,686082
2005,142,835925
2005,143,379761
2005,144,796213
2005,145,369971
2005,146,362934
2005,147,355767
2005,148,346649
2005,149,335272
2005,150,323168
2005,151,310716
2005,152,445413
2005,153,513287
2005,154,306859
2005,155,280623
2005,156,268797
2005,157,235460
2005,158,759398
2005,159,277630
2005,160,251201
2005,161,230691
2005,162,213112
2005,163,198811
2005,164,186744
2005,165,175740
2005,166,825581
2005,167,241051
2005,168,230630
2005,169,221071
2005,170,211973
2005,171,203366
2005,172,194913
2005,173,182265
2005,174,427907
2005,175,194124
2005,176,183773
2005,177,173939
2005,178,992271
2005,179,715927
2005,180,317994
2005,181,633382
2005,182,6821750
2005,183,1011266
2005,184,1075133
2005,185,4074870
2005,186,1371303
2005,187,1318260
2005,188,1244526
2005,189,1147525
2005,190,1104112
2005,191,1892775
2005,192,1101632
2005,193,2106211
2005,194,2580240
2005,195,1340874
2005,196,1202648
2005,197,964210
2005,198,790391
2005,199,675866
2005,200,574481
2005,201,496666
2005,202,436091
2005,203,388487
2005,204,351144
2005,205,320855
2005,206,287792
2005,207,6729570
2005,208,887112
2005,209,774883
2005,210,685194
2005,211,612051
2005,212,553027
2005,213,501246
2005,214,453940
2005,215,411626
2005,216,374112
2005,217,373359
2005,218,1501372
2005,219,576810
2005,220,1401516
2005,221,1289154
2005,222,543903
2005,223,465626
2005,224,398762
2005,225,352146
2005,226,387210
2005,227,342053
2005,228,595147
2005,229,3114050
2005,230,697006
2005,231,666525
2005,232,620154
2005,233,560986
2005,234,509669
2005,235,456414
2005,236,408048
2005,237,369383
2005,238,337030
2005,239,309873
2005,240,286125
2005,241,264283
2005,242,245161
2005,243,226915
2005,244,200465
2005,245,178514
2005,246,160780
2005,247,146379
2005,248,134390
2005,249,124240
2005,250,115460
2005,251,107766
2005,252,100937
2005,253,94813.7
2005,254,89382.3
2005,255,223225
2005,256,115662
2005,257,84049
2005,258,80293.6
2005,259,76853.1
2005,260,854905
2005,261,104890
2005,262,505945
2005,263,123122
2005,264,122288
2005,265,123247
2005,266,123789
2005,267,123484
2005,268,158785
2005,269,124709
2005,270,122944
2005,271,120565
2005,272,117898
2005,273,115098
2005,274,112224
2005,275,0
2005,276,105535
2005,277,99501.6
2005,278,92853.6
2005,279,86915.8
2005,280,81422
2005,281,76272.6
2005,282,71330.7
2005,283,69477.3
2005,284,63251.4
2005,285,59872
2005,286,56695.8
2005,287,53804.6
2005,288,50932.7
2005,289,48437.3
2005,290,46159.9
2005,291,44059.9
2005,292,42115.4
2005,293,40278.6
2005,294,38535.2
2005,295,253239
2005,296,45785.7
2005,297,41195.4
2005,298,2632250
2005,299,151847
2005,300,238724
2005,301,345150
2005,302,1545372
2005,303,12353940
2005,304,1950148
2005,305,2150881
2005,306,2393673
2005,307,2980550
2005,308,22563900
2005,309,8793470
2005,310,4471080
2005,311,3821500
2005,312,3488350
2005,313,3886730
2005,314,2000325
2005,315,1561722
2005,316,1242712
2005,317,996801
2005,318,777132
2005,319,625377
2005,320,513191
2005,321,429245
2005,322,364044
2005,323,298410
2005,324,249425
2005,325,213382
2005,326,191957
2005,327,167019
2005,328,265024
2005,329,1205025
2005,330,318892
2005,331,215559
2005,332,292176
2005,333,394396
2005,334,218102
2005,335,194068
2005,336,506115
2005,337,271864
2005,338,273692
2005,339,204551
2005,340,197475
2005,341,189713
2005,342,181636
2005,343,172237
2005,344,156939
2005,345,142934
2005,346,130343
2005,347,120193
2005,348,109392
2005,349,101569
2005,350,474782
2005,351,167434
2005,352,126447
2005,353,103845
2005,354,96425.3
2005,355,89960.6
2005,356,344058
2005,357,100460
2005,358,101095
2005,359,87541.7
2005,360,104980
2005,361,110823
2005,362,81922.8
2005,363,84031.8
2005,364,493665
2005,365,133942
2005,366,227698
2006,1,92143.4
2006,2,86533.8
2006,3,81196.5
2006,4,478352
2006,5,158118
2006,6,95160.5
2006,7,865085
2006,8,135755
2006,9,130376
2006,10,269633
2006,11,123060
2006,12,271267
2006,13,110934
2006,14,97978
2006,15,86119.5
2006,16,120222
2006,17,288770
2006,18,101564
2006,19,78780.3
2006,20,70499
2006,21,63354.2
2006,22,55376.5
2006,23,64863.9
2006,24,45042.6
2006,25,40687.9
2006,26,37012.1
2006,27,36450.6
2006,28,64844.8
2006,29,30495.6
2006,30,506361
2006,31,66650.5
2006,32,72633.2
2006,33,38361.2
2006,34,35570.3
2006,35,33098.3
2006,36,208259
2006,37,136983
2006,38,111498
2006,39,1100675
2006,40,262992
2006,41,94993.2
2006,42,93720
2006,43,161510
2006,44,450547
2006,45,108498
2006,46,302514
2006,47,559914
2006,48,545530
2006,49,268198
2006,50,163177
2006,51,143741
2006,52,126445
2006,53,110176
2006,54,90724.4
2006,55,76809.7
2006,56,537772
2006,57,166774
2006,58,441834
2006,59,114732
2006,60,99322
2006,61,85036.8
2006,62,71406
2006,63,59501.9
2006,64,50007.3
2006,65,66427.7
2006,66,38258.7
2006,67,57435.8
2006,68,31404.6
2006,69,28299.7
2006,70,227468
2006,71,45857.7
2006,72,30581.4
2006,73,26778.8
2006,74,127103
2006,75,25304.4
2006,76,380318
2006,77,34118.6
2006,78,34107.3
2006,79,30346.2
2006,80,27558.5
2006,81,178342
2006,82,30483.2
2006,83,28507.2
2006,84,26764.2
2006,85,24751.3
2006,86,23070.3
2006,87,21616.8
2006,88,20296.2
2006,89,69044.6
2006,90,405466
2006,91,33708.8
2006,92,76105.7
2006,93,184529
2006,94,34520.9
2006,95,32350.4
2006,96,29840
2006,97,27751
2006,98,25921.4
2006,99,24283.4
2006,100,22813.9
2006,101,21490
2006,102,20291
2006,103,19239.9
2006,104,18199.2
2006,105,16718.2
2006,106,15467.6
2006,107,137942
2006,108,127142
2006,109,88300
2006,110,23126.1
2006,111,18696.2
2006,112,17573
2006,113,16555.9
2006,114,15711.5
2006,115,14907.8
2006,116,14219.9
2006,117,13637.2
2006,118,13129.1
2006,119,266111
2006,120,19725
2006,121,19532.3
2006,122,126775
2006,123,22104.7
2006,124,21228.4
2006,125,20325.1
2006,126,19435.6
2006,127,18596.7
2006,128,17798.7
2006,129,22072.1
2006,130,3406890
2006,131,16463890
2006,132,819327
2006,133,985019
2006,134,2633090
2006,135,4028150
2006,136,3551960
2006,137,2266570
2006,138,1688764
2006,139,1500947
2006,140,1416409
2006,141,1225938
2006,142,1048717
2006,143,914944
2006,144,881931
2006,145,2729660
2006,146,1109294
2006,147,1720600
2006,148,2909170
2006,149,1188581
2006,150,918756
2006,151,746938
2006,152,621680
2006,153,529625
2006,154,459473
2006,155,457474
2006,156,372138
2006,157,338193
2006,158,309737
2006,159,284528
2006,160,465570
2006,161,266686
2006,162,241085
2006,163,675122
2006,164,258766
2006,165,236500
2006,166,218562
2006,167,203142
2006,168,189696
2006,169,268854
2006,170,1112787
2006,171,278433
2006,172,272863
2006,173,267737
2006,174,262367
2006,175,974709
2006,176,532697
2006,177,365612
2006,178,356239
2006,179,347330
2006,180,338435
2006,181,346288
2006,182,320264
2006,183,3559260
2006,184,785140
2006,185,724709
2006,186,648229
2006,187,578387
2006,188,519471
2006,189,467861
2006,190,417929
2006,191,380409
2006,192,352500
2006,193,328852
2006,194,307680
2006,195,288763
2006,196,271577
2006,197,253595
2006,198,221970
2006,199,196465
2006,200,1432808
2006,201,275237
2006,202,252260
2006,203,233443
2006,204,217912
2006,205,204454
2006,206,192227
2006,207,180824
2006,208,169892
2006,209,2182860
2006,210,323079
2006,211,311939
2006,212,300298
2006,213,1045798
2006,214,350209
2006,215,368615
2006,216,302326
2006,217,2083050
2006,218,1276153
2006,219,504288
2006,220,522404
2006,221,452066
2006,222,431000
2006,223,407854
2006,224,364211
2006,225,326066
2006,226,1693662
2006,227,456038
2006,228,525263
2006,229,2791060
2006,230,624504
2006,231,565758
2006,232,494092
2006,233,6793090
2006,234,1087978
2006,235,1002117
2006,236,931104
2006,237,892047
2006,238,1352661
2006,239,833221
2006,240,702164
2006,241,597323
2006,242,516370
2006,243,449899
2006,244,921414
2006,245,443954
2006,246,573307
2006,247,377736
2006,248,320373
2006,249,3639370
2006,250,3291430
2006,251,903042
2006,252,708037
2006,253,623377
2006,254,560576
2006,255,514123
2006,256,481858
2006,257,457595
2006,258,436613
2006,259,413227
2006,260,391931
2006,261,366812
2006,262,338595
2006,263,670689
2006,264,320246
2006,265,275997
2006,266,242050
2006,267,215152
2006,268,193258
2006,269,176926
2006,270,160353
2006,271,147592
2006,272,136671
2006,273,127384
2006,274,119122
2006,275,0
2006,276,111720
2006,277,121601
2006,278,100621
2006,279,94904.6
2006,280,89795
2006,281,85176.1
2006,282,81011.6
2006,283,77211.3
2006,284,103819
2006,285,71841.6
2006,286,68043
2006,287,516343
2006,288,723436
2006,289,178925
2006,290,180633
2006,291,295832
2006,292,383438
2006,293,387687
2006,294,510349
2006,295,303538
2006,296,215972
2006,297,224561
2006,298,231944
2006,299,238764
2006,300,257590
2006,301,326322
2006,302,376691
2006,303,575520
2006,304,817804
2006,305,1044104
2006,306,1366512
2006,307,2080755
2006,308,1890081
2006,309,1989587
2006,310,802230
2006,311,1001299
2006,312,692644
2006,313,1663110
2006,314,1326385
2006,315,772616
2006,316,693349
2006,317,613150
2006,318,534482
2006,319,544069
2006,320,598842
2006,321,390107
2006,322,339191
2006,323,281664
2006,324,237164
2006,325,201676
2006,326,172472
2006,327,183940
2006,328,2000685
2006,329,831334
2006,330,1081221
2006,331,427700
2006,332,372581
2006,333,343733
2006,334,316128
2006,335,289836
2006,336,265615
2006,337,242750
2006,338,221783
2006,339,202378
2006,340,183977
2006,341,166603
2006,342,151436
2006,343,131506
2006,344,114640
2006,345,99654.6
2006,346,87569.2
2006,347,1180671
2006,348,209781
2006,349,645046
2006,350,179579
2006,351,681891
2006,352,209876
2006,353,184802
2006,354,355428
2006,355,502790
2006,356,208959
2006,357,191192
2006,358,180060
2006,359,169993
2006,360,159021
2006,361,146552
2006,362,237612
2006,363,123248
2006,364,105339
2006,365,90848
2006,366,254413
2007,1,85289.7
2007,2,249212
2007,3,239039
2007,4,272957
2007,5,322937
2007,6,99460.1
2007,7,89780.5
2007,8,304630
2007,9,205380
2007,10,155738
2007,11,89321.7
2007,12,83050
2007,13,77272.7
2007,14,71536.3
2007,15,139958
2007,16,66383.1
2007,17,60300.7
2007,18,54445.1
2007,19,48803.6
2007,20,375870
2007,21,62636.9
2007,22,54954.8
2007,23,181464
2007,24,463766
2007,25,279017
2007,26,2982250
2007,27,8339020
2007,28,15995640
2007,29,5343820
2007,30,1816740
2007,31,1802051
2007,32,1392805
2007,33,1623241
2007,34,1111743
2007,35,1549207
2007,36,2474600
2007,37,1207803
2007,38,931775
2007,39,748072
2007,40,1456317
2007,41,701979
2007,42,507991
2007,43,807950
2007,44,553206
2007,45,346606
2007,46,606957
2007,47,253320
2007,48,203923
2007,49,296007
2007,50,179689
2007,51,135204
2007,52,432733
2007,53,1221878
2007,54,227159
2007,55,199874
2007,56,177476
2007,57,158556
2007,58,404624
2007,59,702756
2007,60,189317
2007,61,167221
2007,62,221733
2007,63,144030
2007,64,125008
2007,65,284935
2007,66,119896
2007,67,107620
2007,68,94092.2
2007,69,196129
2007,70,85411.8
2007,71,77495
2007,72,71013.5
2007,73,65187.9
2007,74,59853.1
2007,75,55625.2
2007,76,52096.9
2007,77,510385
2007,78,67839.5
2007,79,63519.1
2007,80,59181.8
2007,81,121318
2007,82,62764.7
2007,83,52472.4
2007,84,49604.4
2007,85,47325.6
2007,86,106267
2007,87,253126
2007,88,235090
2007,89,1404288
2007,90,181675
2007,91,2010156
2007,92,480916
2007,93,269709
2007,94,861612
2007,95,2419500
2007,96,685582
2007,97,544420
2007,98,831904
2007,99,546774
2007,100,511460
2007,101,468493
2007,102,492003
2007,103,385991
2007,104,328496
2007,105,283804
2007,106,319027
2007,107,3104010
2007,108,2227520
2007,109,800471
2007,110,660295
2007,111,550478
2007,112,532716
2007,113,410913
2007,114,360320
2007,115,318972
2007,116,367618
2007,117,324476
2007,118,248094
2007,119,225059
2007,120,204756
2007,121,1466754
2007,122,376362
2007,123,332946
2007,124,523844
2007,125,276084
2007,126,245153
2007,127,2081714
2007,128,432624
2007,129,432992
2007,130,385244
2007,131,360045
2007,132,333632
2007,133,308464
2007,134,454913
2007,135,422430
2007,136,289346
2007,137,264188
2007,138,242309
2007,139,221232
2007,140,1704100
2007,141,418496
2007,142,637558
2007,143,1114673
2007,144,441223
2007,145,495683
2007,146,390799
2007,147,365017
2007,148,342291
2007,149,320067
2007,150,937839
2007,151,3117570
2007,152,773246
2007,153,744685
2007,154,706093
2007,155,1009729
2007,156,1080623
2007,157,660829
2007,158,594864
2007,159,538332
2007,160,487476
2007,161,489461
2007,162,2821800
2007,163,820004
2007,164,753623
2007,165,680417
2007,166,1004052
2007,167,776458
2007,168,588958
2007,169,503644
2007,170,5226990
2007,171,1164834
2007,172,1067638
2007,173,979251
2007,174,898075
2007,175,824632
2007,176,1287542
2007,177,2465380
2007,178,1019859
2007,179,910362
2007,180,817437
2007,181,730386
2007,182,653671
2007,183,589018
2007,184,533408
2007,185,1329665
2007,186,580122
2007,187,513911
2007,188,461390
2007,189,418956
2007,190,383703
2007,191,350575
2007,192,315169
2007,193,286870
2007,194,263042
2007,195,242661
2007,196,225334
2007,197,460208
2007,198,232099
2007,199,227962
2007,200,198550
2007,201,182019
2007,202,214130
2007,203,159090
2007,204,148395
2007,205,139364
2007,206,836588
2007,207,530056
2007,208,225164
2007,209,889592
2007,210,367571
2007,211,299897
2007,212,296371
2007,213,291940
2007,214,287168
2007,215,282352
2007,216,1435963
2007,217,435610
2007,218,434610
2007,219,430199
2007,220,898941
2007,221,1142221
2007,222,1393966
2007,223,1922126
2007,224,820801
2007,225,762274
2007,226,707391
2007,227,656957
2007,228,720170
2007,229,759313
2007,230,824539
2007,231,567794
2007,232,516274
2007,233,472789
2007,234,433214
2007,235,392667
2007,236,349430
2007,237,308099
2007,238,270334
2007,239,237987
2007,240,211351
2007,241,190285
2007,242,172657
2007,243,156982
2007,244,143395
2007,245,131415
2007,246,121147
2007,247,112186
2007,248,142824
2007,249,99848.7
2007,250,93846.2
2007,251,88762
2007,252,84263.1
2007,253,80195
2007,254,76541.1
2007,255,73221.3
2007,256,70146.4
2007,257,67332.5
2007,258,64718.9
2007,259,62270.9
2007,260,60014.8
2007,261,57950.5
2007,262,56043
2007,263,54161.9
2007,264,52376.7
2007,265,50703.6
2007,266,61126.2
2007,267,47786.3
2007,268,102908
2007,269,46460.1
2007,270,45146.1
2007,271,43876.4
2007,272,49686.1
2007,273,41584.3
2007,274,40393.6
2007,275,0
2007,276,173176
2007,277,3173580
2007,278,141094
2007,279,161828
2007,280,177705
2007,281,194016
2007,282,208295
2007,283,219588
2007,284,226499
2007,285,623868
2007,286,265627
2007,287,262365
2007,288,255385
2007,289,297470
2007,290,1215484
2007,291,640914
2007,292,338481
2007,293,295207
2007,294,260980
2007,295,228431
2007,296,202777
2007,297,470210
2007,298,377647
2007,299,358751
2007,300,354342
2007,301,452035
2007,302,667976
2007,303,1026310
2007,304,1316477
2007,305,1635904
2007,306,1735417
2007,307,2639780
2007,308,2440180
2007,309,2894800
2007,310,3332250
2007,311,1408576
2007,312,1287090
2007,313,1155605
2007,314,1026913
2007,315,904638
2007,316,789589
2007,317,765491
2007,318,1788572
2007,319,813053
2007,320,788090
2007,321,6746380
2007,322,4652070
2007,323,1806385
2007,324,1335972
2007,325,974841
2007,326,748414
2007,327,607117
2007,328,508848
2007,329,449962
2007,330,375458
2007,331,1078796
2007,332,633207
2007,333,866440
2007,334,492341
2007,335,410702
2007,336,374812
2007,337,940321
2007,338,337406
2007,339,291788
2007,340,258063
2007,341,230626
2007,342,208264
2007,343,190025
2007,344,173843
2007,345,158985
2007,346,165520
2007,347,130989
2007,348,143675
2007,349,110752
2007,350,102751
2007,351,95525.7
2007,352,216676
2007,353,133838
2007,354,132892
2007,355,87764.9
2007,356,136480
2007,357,77416.4
2007,358,73271.8
2007,359,69549.6
2007,360,67024.5
2007,361,63173.3
2007,362,60487.8
2007,363,88918.8
2007,364,61104.3
2007,365,54682.8
2007,366,52794.2
2008,1,206049
2008,2,105871
2008,3,72843.7
2008,4,310195
2008,5,204898
2008,6,60239.3
2008,7,55421.5
2008,8,53564.3
2008,9,164145
2008,10,60446.5
2008,11,282458
2008,12,93627.4
2008,13,389507
2008,14,141027
2008,15,77141.6
2008,16,73892.4
2008,17,334434
2008,18,116542
2008,19,79830
2008,20,1308296
2008,21,198351
2008,22,376448
2008,23,163927
2008,24,154356
2008,25,144350
2008,26,129777
2008,27,114502
2008,28,1012429
2008,29,563007
2008,30,203782
2008,31,183452
2008,32,162566
2008,33,145001
2008,34,129569
2008,35,637500
2008,36,201721
2008,37,367289
2008,38,137915
2008,39,156386
2008,40,104934
2008,41,153344
2008,42,170163
2008,43,79496.2
2008,44,129162
2008,45,63003.2
2008,46,80244.9
2008,47,49091.1
2008,48,43219.8
2008,49,438652
2008,50,220862
2008,51,63390.4
2008,52,55652.2
2008,53,49341.6
2008,54,795688
2008,55,85131.7
2008,56,133867
2008,57,74718.7
2008,58,877773
2008,59,122004
2008,60,326056
2008,61,327957
2008,62,130552
2008,63,120967
2008,64,106477
2008,65,322965
2008,66,104163
2008,67,101007
2008,68,152870
2008,69,737433
2008,70,825793
2008,71,297811
2008,72,600825
2008,73,198438
2008,74,179210
2008,75,149803
2008,76,129141
2008,77,112374
2008,78,97505.8
2008,79,495007
2008,80,122395
2008,81,240792
2008,82,1042834
2008,83,2841870
2008,84,537138
2008,85,440177
2008,86,390245
2008,87,2444316
2008,88,704797
2008,89,510391
2008,90,452837
2008,91,398087
2008,92,348839
2008,93,305306
2008,94,264450
2008,95,231369
2008,96,200927
2008,97,168747
2008,98,135648
2008,99,110544
2008,100,91123.5
2008,101,388519
2008,102,100142
2008,103,112479
2008,104,468090
2008,105,96962.6
2008,106,85102.9
2008,107,76075.4
2008,108,107287
2008,109,65488.1
2008,110,60582.5
2008,111,56265.4
2008,112,52460.9
2008,113,49000.4
2008,114,45772.9
2008,115,71156.6
2008,116,41450.7
2008,117,38682
2008,118,36152.7
2008,119,88524.8
2008,120,225314
2008,121,58547.5
2008,122,38719.1
2008,123,36451.6
2008,124,34409.4
2008,125,32567.1
2008,126,30852.1
2008,127,29253.1
2008,128,27828
2008,129,27399.3
2008,130,25446
2008,131,24399.7
2008,132,615483
2008,133,367737
2008,134,2643710
2008,135,332166
2008,136,218444
2008,137,244026
2008,138,264559
2008,139,279310
2008,140,287652
2008,141,290000
2008,142,1679956
2008,143,482174
2008,144,480085
2008,145,469376
2008,146,771990
2008,147,1261115
2008,148,892296
2008,149,2126345
2008,150,3851530
2008,151,1148415
2008,152,1011828
2008,153,892332
2008,154,786594
2008,155,695624
2008,156,620311
2008,157,540926
2008,158,476319
2008,159,423689
2008,160,380780
2008,161,343337
2008,162,307474
2008,163,571688
2008,164,328510
2008,165,266909
2008,166,234536
2008,167,212540
2008,168,187436
2008,169,214012
2008,170,324433
2008,171,170818
2008,172,831181
2008,173,772282
2008,174,753155
2008,175,333040
2008,176,1783955
2008,177,498179
2008,178,498953
2008,179,495439
2008,180,487572
2008,181,474762
2008,182,461223
2008,183,1407687
2008,184,607768
2008,185,584026
2008,186,557683
2008,187,546364
2008,188,481698
2008,189,439571
2008,190,402868
2008,191,355754
2008,192,310714
2008,193,283207
2008,194,242455
2008,195,255314
2008,196,269983
2008,197,188381
2008,198,168723
2008,199,152698
2008,200,139320
2008,201,127993
2008,202,118427
2008,203,110101
2008,204,102758
2008,205,96337.5
2008,206,90679.7
2008,207,123364
2008,208,82880.1
2008,209,78814.9
2008,210,155320
2008,211,2251850
2008,212,178308
2008,213,181899
2008,214,244169
2008,215,208836
2008,216,618987
2008,217,222251
2008,218,224620
2008,219,227101
2008,220,229648
2008,221,231706
2008,222,230377
2008,223,225344
2008,224,478199
2008,225,298718
2008,226,1028710
2008,227,281782
2008,228,377386
2008,229,309782
2008,230,229352
2008,231,208343
2008,232,190764
2008,233,185237
2008,234,168174
2008,235,159066
2008,236,151022
2008,237,143811
2008,238,137165
2008,239,129293
2008,240,121375
2008,241,111878
2008,242,103675
2008,243,96189.8
2008,244,108242
2008,245,107231
2008,246,81268
2008,247,586763
2008,248,104340
2008,249,99791.6
2008,250,125570
2008,251,509025
2008,252,1108997
2008,253,170906
2008,254,169223
2008,255,279358
2008,256,173278
2008,257,171506
2008,258,169371
2008,259,861044
2008,260,227001
2008,261,227681
2008,262,222735
2008,263,401972
2008,264,2125260
2008,265,410505
2008,266,386446
2008,267,351937
2008,268,321107
2008,269,293299
2008,270,267902
2008,271,245297
2008,272,842667
2008,273,279723
2008,274,254232
2008,275,232245
2008,276,238687
2008,277,196966
2008,278,179235
2008,279,4023110
2008,280,7226630
2008,281,974672
2008,282,3670370
2008,283,5101750
2008,284,1284168
2008,285,1122192
2008,286,967857
2008,287,819717
2008,288,698899
2008,289,1058429
2008,290,901441
2008,291,865381
2008,292,747301
2008,293,865295
2008,294,3263990
2008,295,1591742
2008,296,1612898
2008,297,1688284
2008,298,1840180
2008,299,2019811
2008,300,2291830
2008,301,2581410
2008,302,3135570
2008,303,3751740
2008,304,4047650
2008,305,4540680
2008,306,6215130
2008,307,6989480
2008,308,6461580
2008,309,4796950
2008,310,3700500
2008,311,2254600
2008,312,1786083
2008,313,1412936
2008,314,1148339
2008,315,947244
2008,316,780822
2008,317,1050228
2008,318,828537
2008,319,652318
2008,320,520095
2008,321,443338
2008,322,378945
2008,323,325928
2008,324,283712
2008,325,250402
2008,326,225205
2008,327,205723
2008,328,189914
2008,329,177152
2008,330,164933
2008,331,154917
2008,332,256248
2008,333,144738
2008,334,1056499
2008,335,182392
2008,336,175036
2008,337,208412
2008,338,162944
2008,339,413896
2008,340,199017
2008,341,162595
2008,342,155705
2008,343,148230
2008,344,181492
2008,345,944538
2008,346,209040
2008,347,205640
2008,348,373447
2008,349,197463
2008,350,181105
2008,351,163549
2008,352,1270610
2008,353,408835
2008,354,514128
2008,355,266687
2008,356,692516
2008,357,325215
2008,358,353760
2008,359,266657
2008,360,237446
2008,361,211426
2008,362,187488
2008,363,265824
2008,364,159866
2008,365,144148
2008,366,129993
2009,1,292162
2009,2,118973
2009,3,103852
2009,4,447580
2009,5,465476
2009,6,176207
2009,7,118978
2009,8,122383
2009,9,234196
2009,10,92720
2009,11,295868
2009,12,88759.3
2009,13,79971.3
2009,14,72273.1
2009,15,645701
2009,16,100748
2009,17,294780
2009,18,114402
2009,19,181210
2009,20,90465.1
2009,21,326378
2009,22,91861.7
2009,23,326006
2009,24,191373
2009,25,115077
2009,26,84630.5
2009,27,76306.2
2009,28,67557.9
2009,29,83052.8
2009,30,148322
2009,31,62901.3
2009,32,90895.7
2009,33,320117
2009,34,193317
2009,35,177958
2009,36,81605.2
2009,37,66396
2009,38,75024.7
2009,39,51540.1
2009,40,92822.3
2009,41,40354.8
2009,42,36562.7
2009,43,33332.7
2009,44,415734
2009,45,151927
2009,46,50747.6
2009,47,408652
2009,48,570875
2009,49,86822.5
2009,50,110339
2009,51,201442
2009,52,89232.6
2009,53,122730
2009,54,1605954
2009,55,320337
2009,56,186371
2009,57,223643
2009,58,620429
2009,59,203171
2009,60,180353
2009,61,181930
2009,62,148155
2009,63,117148
2009,64,522916
2009,65,143131
2009,66,122461
2009,67,105414
2009,68,273029
2009,69,104036
2009,70,134564
2009,71,72303.3
2009,72,292271
2009,73,656550
2009,74,115488
2009,75,114353
2009,76,183542
2009,77,278403
2009,78,95808.1
2009,79,84065.6
2009,80,73871.5
2009,81,65422
2009,82,58904.3
2009,83,52641.6
2009,84,47029
2009,85,41974.9
2009,86,37610.4
2009,87,383525
2009,88,53889.6
2009,89,47467.5
2009,90,49113.3
2009,91,134316
2009,92,41751.6
2009,93,34850.3
2009,94,31374.9
2009,95,28477.4
2009,96,25968.5
2009,97,23800.4
2009,98,51835.4
2009,99,957651
2009,100,66005.8
2009,101,65747.2
2009,102,1194744
2009,103,129112
2009,104,130572
2009,105,785271
2009,106,252447
2009,107,181259
2009,108,174828
2009,109,169142
2009,110,163019
2009,111,156325
2009,112,150026
2009,113,143007
2009,114,125992
2009,115,111263
2009,116,99025.6
2009,117,84322.5
2009,118,236050
2009,119,255323
2009,120,471476
2009,121,3089350
2009,122,371410
2009,123,715452
2009,124,410189
2009,125,370573
2009,126,357380
2009,127,420229
2009,128,445073
2009,129,336855
2009,130,320669
2009,131,304020
2009,132,316872
2009,133,267935
2009,134,244924
2009,135,219941
2009,136,182220
2009,137,152522
2009,138,128240
2009,139,109062
2009,140,94293.8
2009,141,82828.9
2009,142,73368.1
2009,143,65420
2009,144,72709
2009,145,54432
2009,146,49826.8
2009,147,45902.3
2009,148,3473710
2009,149,364590
2009,150,1174512
2009,151,3246870
2009,152,746991
2009,153,701701
2009,154,743733
2009,155,763690
2009,156,781668
2009,157,759471
2009,158,735261
2009,159,878877
2009,160,753190
2009,161,656717
2009,162,689271
2009,163,527539
2009,164,450754
2009,165,394975
2009,166,855014
2009,167,715258
2009,168,442035
2009,169,1353292
2009,170,468184
2009,171,418801
2009,172,379868
2009,173,348525
2009,174,321185
2009,175,298363
2009,176,280025
2009,177,264069
2009,178,250267
2009,179,326064
2009,180,242124
2009,181,228285
2009,182,214063
2009,183,198936
2009,184,632214
2009,185,820294
2009,186,1052513
2009,187,299764
2009,188,392487
2009,189,270233
2009,190,252858
2009,191,237141
2009,192,223066
2009,193,225130
2009,194,3107380
2009,195,9283590
2009,196,1283743
2009,197,1081544
2009,198,994635
2009,199,1373878
2009,200,1667713
2009,201,882041
2009,202,710814
2009,203,613735
2009,204,535368
2009,205,471575
2009,206,419569
2009,207,381409
2009,208,1491043
2009,209,524909
2009,210,418689
2009,211,344827
2009,212,290441
2009,213,250577
2009,214,220373
2009,215,195859
2009,216,177237
2009,217,162382
2009,218,150109
2009,219,139931
2009,220,131172
2009,221,123576
2009,222,195062
2009,223,113804
2009,224,106295
2009,225,99962.2
2009,226,94541.5
2009,227,89851.1
2009,228,85618.8
2009,229,81817.8
2009,230,78452.6
2009,231,75432.1
2009,232,72681.5
2009,233,70065.2
2009,234,67537.8
2009,235,65180.3
2009,236,63008.6
2009,237,60811.4
2009,238,58684.9
2009,239,56688.9
2009,240,54876.6
2009,241,53178.2
2009,242,51538.7
2009,243,49943.9
2009,244,48419.8
2009,245,46972.3
2009,246,45592.4
2009,247,44238.9
2009,248,127902
2009,249,43821.8
2009,250,42674.2
2009,251,41612.9
2009,252,40591.4
2009,253,39566.6
2009,254,38510
2009,255,37466.7
2009,256,36450.1
2009,257,143037
2009,258,56460.5
2009,259,36468.9
2009,260,35643.2
2009,261,34835.4
2009,262,34051.4
2009,263,33156.8
2009,264,124892
2009,265,34250.8
2009,266,33081.2
2009,267,32482.5
2009,268,39941.4
2009,269,31633.5
2009,270,31113.5
2009,271,30574.4
2009,272,30168.6
2009,273,500136
2009,274,41510.7
2009,275,0
2009,276,91653.7
2009,277,43445.8
2009,278,43916.5
2009,279,44326.9
2009,280,44196.9
2009,281,43810.8
2009,282,43072.1
2009,283,382901
2009,284,443510
2009,285,74313
2009,286,75286.7
2009,287,75929.4
2009,288,76595.9
2009,289,74026.6
2009,290,71211.6
2009,291,68023.2
2009,292,65241.5
2009,293,63089
2009,294,181119
2009,295,70742.6
2009,296,69692.1
2009,297,68668.9
2009,298,66299.4
2009,299,62868.1
2009,300,59652.7
2009,301,300198
2009,302,94669.8
2009,303,176380
2009,304,1047194
2009,305,453187
2009,306,595905
2009,307,1173233
2009,308,1193996
2009,309,4822240
2009,310,2572660
2009,311,2951510
2009,312,4042690
2009,313,4062580
2009,314,4584820
2009,315,4548200
2009,316,2180850
2009,317,1841880
2009,318,1513922
2009,319,1239497
2009,320,1487499
2009,321,1289894
2009,322,874247
2009,323,705929
2009,324,555146
2009,325,440324
2009,326,1003490
2009,327,877654
2009,328,466614
2009,329,364074
2009,330,296616
2009,331,245623
2009,332,206130
2009,333,176134
2009,334,153496
2009,335,136352
2009,336,123537
2009,337,407908
2009,338,262035
2009,339,229294
2009,340,438688
2009,341,348072
2009,342,949106
2009,343,512942
2009,344,305939
2009,345,267166
2009,346,202736
2009,347,191144
2009,348,180056
2009,349,169029
2009,350,872218
2009,351,233864
2009,352,884472
2009,353,363252
2009,354,275103
2009,355,252216
2009,356,227078
2009,357,197263
2009,358,170280
2009,359,197236
2009,360,208094
2009,361,127134
2009,362,292406
2009,363,136587
2009,364,478331
2009,365,386870
2009,366,147989
2010,1,130235
2010,2,116339
2010,3,129129
2010,4,803300
2010,5,203542
2010,6,347599
2010,7,149529
2010,8,138255
2010,9,217570
2010,10,468454
2010,11,520758
2010,12,918315
2010,13,242651
2010,14,1287072
2010,15,354550
2010,16,683301
2010,17,309353
2010,18,615253
2010,19,1610872
2010,20,435957
2010,21,1422300
2010,22,584358
2010,23,438528
2010,24,382225
2010,25,329867
2010,26,274829
2010,27,699822
2010,28,287471
2010,29,234360
2010,30,195044
2010,31,640278
2010,32,518431
2010,33,967018
2010,34,404727
2010,35,250558
2010,36,209607
2010,37,193879
2010,38,206264
2010,39,135630
2010,40,118494
2010,41,104364
2010,42,1499053
2010,43,236213
2010,44,209224
2010,45,190271
2010,46,168455
2010,47,316633
2010,48,426077
2010,49,152228
2010,50,132383
2010,51,115723
2010,52,198941
2010,53,152574
2010,54,647006
2010,55,183868
2010,56,658729
2010,57,293931
2010,58,191172
2010,59,165316
2010,60,2655990
2010,61,404224
2010,62,872807
2010,63,351372
2010,64,3070510
2010,65,597494
2010,66,583532
2010,67,508384
2010,68,443687
2010,69,385614
2010,70,336255
2010,71,1299653
2010,72,470700
2010,73,511614
2010,74,2256660
2010,75,1062347
2010,76,1047055
2010,77,538262
2010,78,441875
2010,79,347302
2010,80,587475
2010,81,735528
2010,82,323218
2010,83,1393165
2010,84,601018
2010,85,389203
2010,86,322920
2010,87,277421
2010,88,238629
2010,89,197944
2010,90,943722
2010,91,502092
2010,92,338479
2010,93,233150
2010,94,208955
2010,95,185789
2010,96,167418
2010,97,145568
2010,98,125746
2010,99,109555
2010,100,96929
2010,101,86799.8
2010,102,81089.3
2010,103,83709.9
2010,104,664192
2010,105,734559
2010,106,152638
2010,107,139311
2010,108,127780
2010,109,230094
2010,110,395101
2010,111,137579
2010,112,132273
2010,113,124699
2010,114,118594
2010,115,112118
2010,116,217671
2010,117,111522
2010,118,105676
2010,119,601467
2010,120,503081
2010,121,264502
2010,122,182686
2010,123,158452
2010,124,148141
2010,125,207286
2010,126,133297
2010,127,123097
2010,128,113916
2010,129,134985
2010,130,279552
2010,131,116029
2010,132,601272
2010,133,183652
2010,134,152352
2010,135,140811
2010,136,130132
2010,137,120720
2010,138,581060
2010,139,274319
2010,140,450592
2010,141,208582
2010,142,194707
2010,143,191736
2010,144,187414
2010,145,180321
2010,146,590788
2010,147,2724580
2010,148,505309
2010,149,496624
2010,150,1965541
2010,151,2620910
2010,152,948325
2010,153,887622
2010,154,955077
2010,155,914801
2010,156,716984
2010,157,648061
2010,158,589139
2010,159,623253
2010,160,511208
2010,161,462133
2010,162,397522
2010,163,344240
2010,164,300613
2010,165,259522
2010,166,222190
2010,167,215560
2010,168,200611
2010,169,161488
2010,170,140000
2010,171,126601
2010,172,115662
2010,173,814444
2010,174,491608
2010,175,194666
2010,176,187404
2010,177,181192
2010,178,177650
2010,179,262059
2010,180,201175
2010,181,231783
2010,182,178702
2010,183,175040
2010,184,387610
2010,185,196132
2010,186,1591586
2010,187,2124403
2010,188,581050
2010,189,1053258
2010,190,620444
2010,191,605918
2010,192,587382
2010,193,3469260
2010,194,997957
2010,195,959678
2010,196,911296
2010,197,857085
2010,198,799809
2010,199,761921
2010,200,670775
2010,201,582093
2010,202,485988
2010,203,410189
2010,204,349663
2010,205,302742
2010,206,265409
2010,207,235546
2010,208,203471
2010,209,177999
2010,210,1753327
2010,211,299820
2010,212,262345
2010,213,239072
2010,214,220397
2010,215,204574
2010,216,191128
2010,217,180195
2010,218,171295
2010,219,163456
2010,220,156344
2010,221,149744
2010,222,143513
2010,223,137871
2010,224,132907
2010,225,122971
2010,226,114341
2010,227,106736
2010,228,99982.9
2010,229,93909.2
2010,230,88336.3
2010,231,83249.5
2010,232,749348
2010,233,111813
2010,234,116112
2010,235,104400
2010,236,100986
2010,237,97746.3
2010,238,94649.1
2010,239,3703660
2010,240,4835870
2010,241,575812
2010,242,613812
2010,243,629834
2010,244,627931
2010,245,612284
2010,246,585324
2010,247,536138
2010,248,488224
2010,249,443099
2010,250,401665
2010,251,364777
2010,252,332644
2010,253,304373
2010,254,261017
2010,255,217216
2010,256,183967
2010,257,158429
2010,258,138550
2010,259,122847
2010,260,110178
2010,261,99833.4
2010,262,91349.5
2010,263,84307.1
2010,264,78304.8
2010,265,73140.2
2010,266,68730.4
2010,267,64928
2010,268,104685
2010,269,340048
2010,270,111726
2010,271,68421.1
2010,272,66304.6
2010,273,64365.3
2010,274,62900.3
2010,275,0
2010,276,60458.6
2010,277,142206
2010,278,60344.7
2010,279,58767.7
2010,280,57260.1
2010,281,55784.3
2010,282,54270.6
2010,283,52719.3
2010,284,51063.9
2010,285,48840.8
2010,286,46638.9
2010,287,610074
2010,288,3677300
2010,289,946564
2010,290,365639
2010,291,508181
2010,292,666457
2010,293,841003
2010,294,1041258
2010,295,1279120
2010,296,1547031
2010,297,6876740
2010,298,3273220
2010,299,3584730
2010,300,4877620
2010,301,2921710
2010,302,2787270
2010,303,4627980
2010,304,2212170
2010,305,4495660
2010,306,1953567
2010,307,1535192
2010,308,1215434
2010,309,973445
2010,310,789795
2010,311,647202
2010,312,516063
2010,313,417382
2010,314,1025581
2010,315,432615
2010,316,366428
2010,317,314456
2010,318,269176
2010,319,269481
2010,320,211140
2010,321,216062
2010,322,1019078
2010,323,245534
2010,324,228021
2010,325,212807
2010,326,198981
2010,327,186578
2010,328,201757
2010,329,165154
2010,330,798351
2010,331,1101668
2010,332,994224
2010,333,352706
2010,334,344514
2010,335,331402
2010,336,312763
2010,337,278522
2010,338,1288536
2010,339,495848
2010,340,453415
2010,341,330963
2010,342,319288
2010,343,276909
2010,344,297018
2010,345,235056
2010,346,208836
2010,347,1132932
2010,348,329596
2010,349,269422
2010,350,355596
2010,351,227271
2010,352,203762
2010,353,178339
2010,354,562142
2010,355,187675
2010,356,166810
2010,357,147840
2010,358,248433
2010,359,174581
2010,360,122278
2010,361,110233
2010,362,96462.8
2010,363,124232
2010,364,79746.5
2010,365,211914
2010,366,75797.6
