RES_Prompton, Simulated, -75.3379166666667,41.6020833333333
1995,1,2147.3
1995,2,71884
1995,3,32373.2
1995,4,33845.2
1995,5,20127.1
1995,6,12310.3
1995,7,13657
1995,8,15012
1995,9,16373.5
1995,10,17568.5
1995,11,277265
1995,12,201871
1995,13,318519
1995,14,207419
1995,15,90912.3
1995,16,90105.7
1995,17,78708.7
1995,18,70995.8
1995,19,66813.5
1995,20,62800.7
1995,21,59027.4
1995,22,55493.3
1995,23,79880.2
1995,24,66767.3
1995,25,53745
1995,26,49293.3
1995,27,46378.9
1995,28,53504
1995,29,73091.1
1995,30,54907.9
1995,31,44248.3
1995,32,42006.2
1995,33,47855.9
1995,34,52676.4
1995,35,45108.4
1995,36,117075
1995,37,84418.1
1995,38,70043.7
1995,39,56617.4
1995,40,47057.4
1995,41,46470.7
1995,42,45926.3
1995,43,45342.9
1995,44,44608.2
1995,45,103781
1995,46,75892.7
1995,47,48492
1995,48,47834.2
1995,49,50982.2
1995,50,62702
1995,51,76993.7
1995,52,58095.3
1995,53,47233.9
1995,54,46026.1
1995,55,50453
1995,56,53257.2
1995,57,46884.3
1995,58,43719.6
1995,59,43001.6
1995,60,42221.2
1995,61,40812.8
1995,62,62622.7
1995,63,49861
1995,64,48256.4
1995,65,135733
1995,66,92290.7
1995,67,42963
1995,68,41216.4
1995,69,39719.2
1995,70,38487.2
1995,71,45535.7
1995,72,175359
1995,73,160629
1995,74,68346
1995,75,51709.6
1995,76,115064
1995,77,82784.1
1995,78,74196.6
1995,79,63259.4
1995,80,54155.6
1995,81,63724.6
1995,82,56197.7
1995,83,47279.9
1995,84,43806.9
1995,85,41428.1
1995,86,212893
1995,87,155595
1995,88,63542.6
1995,89,57667.1
1995,90,53688.9
1995,91,73321.1
1995,92,659039
1995,93,1130210
1995,94,477401
1995,95,260306
1995,96,238459
1995,97,218817
1995,98,208991
1995,99,200060
1995,100,206448
1995,101,197811
1995,102,164156
1995,103,178293
1995,104,153499
1995,105,131073
1995,106,121703
1995,107,145312
1995,108,349440
1995,109,346223
1995,110,203715
1995,111,225041
1995,112,492440
1995,113,329081
1995,114,322690
1995,115,294681
1995,116,213491
1995,117,187538
1995,118,176605
1995,119,266479
1995,120,215434
1995,121,171989
1995,122,160344
1995,123,159358
1995,124,138772
1995,125,120955
1995,126,113052
1995,127,132225
1995,128,130610
1995,129,107138
1995,130,89901.4
1995,131,82002.1
1995,132,76568.7
1995,133,76092.2
1995,134,69196.3
1995,135,63264.5
1995,136,59427.5
1995,137,56341.8
1995,138,163641
1995,139,119314
1995,140,66965.8
1995,141,116573
1995,142,114665
1995,143,81347.3
1995,144,71313.3
1995,145,69725.2
1995,146,68230.7
1995,147,66596.6
1995,148,64935.8
1995,149,65547.7
1995,150,126883
1995,151,112040
1995,152,155387
1995,153,136729
1995,154,112675
1995,155,139845
1995,156,363788
1995,157,997872
1995,158,467034
1995,159,304712
1995,160,278904
1995,161,284360
1995,162,286287
1995,163,284695
1995,164,280831
1995,165,273072
1995,166,262480
1995,167,247862
1995,168,229066
1995,169,207999
1995,170,197378
1995,171,199844
1995,172,179043
1995,173,325557
1995,174,1052670
1995,175,1486100
1995,176,629931
1995,177,344468
1995,178,548959
1995,179,365226
1995,180,312014
1995,181,302976
1995,182,491604
1995,183,514800
1995,184,365566
1995,185,339444
1995,186,324721
1995,187,312437
1995,188,298043
1995,189,273967
1995,190,243783
1995,191,217322
1995,192,196776
1995,193,179095
1995,194,202559
1995,195,156429
1995,196,145191
1995,197,134903
1995,198,125634
1995,199,434006
1995,200,161006
1995,201,136206
1995,202,129082
1995,203,215976
1995,204,125395
1995,205,120693
1995,206,116615
1995,207,112917
1995,208,109348
1995,209,105736
1995,210,102531
1995,211,99572.6
1995,212,265631
1995,213,658612
1995,214,234509
1995,215,153089
1995,216,149033
1995,217,179664
1995,218,148793
1995,219,139711
1995,220,133705
1995,221,129148
1995,222,124632
1995,223,120348
1995,224,116379
1995,225,112485
1995,226,108967
1995,227,104688
1995,228,98401.4
1995,229,92662.4
1995,230,87648.9
1995,231,83157.1
1995,232,79070.3
1995,233,75473.6
1995,234,72253.3
1995,235,69357.1
1995,236,66743
1995,237,64325.5
1995,238,62038.4
1995,239,59928.5
1995,240,58003.2
1995,241,56197.5
1995,242,54475.7
1995,243,52869.2
1995,244,51385.8
1995,245,49967.6
1995,246,48606.3
1995,247,47292
1995,248,46014.7
1995,249,44805.8
1995,250,43673.6
1995,251,42571.4
1995,252,41482
1995,253,123108
1995,254,42554.8
1995,255,41674.7
1995,256,40835.5
1995,257,332172
1995,258,51059.4
1995,259,51476.9
1995,260,51943.7
1995,261,52317.2
1995,262,52559.6
1995,263,52705.3
1995,264,52694
1995,265,52430.8
1995,266,52122
1995,267,101293
1995,268,262734
1995,269,202197
1995,270,78614.8
1995,271,78734.7
1995,272,75960.5
1995,273,93496.7
1995,274,224026
1995,275,0
1995,276,275181
1995,277,154146
1995,278,337574
1995,279,266074
1995,280,150441
1995,281,154976
1995,282,126799
1995,283,122804
1995,284,116608
1995,285,108873
1995,286,141621
1995,287,123537
1995,288,103009
1995,289,146262
1995,290,388606
1995,291,499971
1995,292,151410
1995,293,139969
1995,294,129206
1995,295,119597
1995,296,472896
1995,297,390772
1995,298,192035
1995,299,169783
1995,300,255260
1995,301,261393
1995,302,171546
1995,303,161823
1995,304,151987
1995,305,140090
1995,306,127134
1995,307,115885
1995,308,107363
1995,309,309173
1995,310,302799
1995,311,331516
1995,312,620307
1995,313,688543
1995,314,768217
1995,315,938386
1995,316,996311
1995,317,975733
1995,318,1648170
1995,319,1918520
1995,320,2530870
1995,321,2719120
1995,322,2093290
1995,323,1104030
1995,324,965437
1995,325,820736
1995,326,741567
1995,327,705398
1995,328,566173
1995,329,459856
1995,330,597643
1995,331,572111
1995,332,467354
1995,333,382294
1995,334,378908
1995,335,330938
1995,336,271584
1995,337,236118
1995,338,216750
1995,339,210307
1995,340,189309
1995,341,172698
1995,342,161965
1995,343,188926
1995,344,169950
1995,345,148631
1995,346,140906
1995,347,134407
1995,348,128675
1995,349,123183
1995,350,118080
1995,351,113483
1995,352,111000
1995,353,106189
1995,354,102038
1995,355,99994.8
1995,356,96102.5
1995,357,92685.8
1995,358,94169
1995,359,134401
1995,360,113904
1995,361,119149
1995,362,97622.9
1995,363,82041.2
1995,364,79533.3
1995,365,251213
1995,366,185742
1996,1,86694.4
1996,2,85030.4
1996,3,182260
1996,4,167125
1996,5,107170
1996,6,92130
1996,7,89804.9
1996,8,86243.4
1996,9,82907.9
1996,10,78863.7
1996,11,79781.3
1996,12,143142
1996,13,219471
1996,14,96855.9
1996,15,94144.1
1996,16,81124.6
1996,17,76104.3
1996,18,70801.1
1996,19,65706.6
1996,20,61143.9
1996,21,57128.9
1996,22,58108
1996,23,52325.1
1996,24,49034.6
1996,25,46695.6
1996,26,145624
1996,27,249091
1996,28,94644.8
1996,29,60973.2
1996,30,57298.7
1996,31,54055.9
1996,32,101960
1996,33,52072.1
1996,34,49441.1
1996,35,47096.5
1996,36,53339.8
1996,37,124530
1996,38,97916.3
1996,39,53281.4
1996,40,49634.6
1996,41,70939.7
1996,42,91825.4
1996,43,46297.3
1996,44,42522.1
1996,45,39194.7
1996,46,36296
1996,47,46769.2
1996,48,294488
1996,49,93293.5
1996,50,52961
1996,51,49991.5
1996,52,50404
1996,53,76730.1
1996,54,133604
1996,55,104011
1996,56,53323.7
1996,57,261185
1996,58,222042
1996,59,107406
1996,60,74898.4
1996,61,70195.3
1996,62,65563.8
1996,63,58086.5
1996,64,70592.1
1996,65,66126.8
1996,66,144041
1996,67,178207
1996,68,87827.7
1996,69,62956.6
1996,70,57099.4
1996,71,52116.5
1996,72,46471
1996,73,41143.3
1996,74,47321.2
1996,75,34630
1996,76,41629.1
1996,77,44688.7
1996,78,31361.2
1996,79,27751.7
1996,80,26026.8
1996,81,24449.2
1996,82,23023.4
1996,83,21831.2
1996,84,20866.5
1996,85,20090.5
1996,86,19432.9
1996,87,18876.4
1996,88,18394.6
1996,89,17951.9
1996,90,17557.4
1996,91,17196.5
1996,92,17510.8
1996,93,36138.7
1996,94,16681.9
1996,95,16370.8
1996,96,16084.3
1996,97,15813.9
1996,98,15556.8
1996,99,15334.6
1996,100,15081.3
1996,101,17203.5
1996,102,59014.9
1996,103,15166.3
1996,104,15003.5
1996,105,15293.2
1996,106,167174
1996,107,32005.9
1996,108,19367
1996,109,25024.6
1996,110,116429
1996,111,24597.5
1996,112,25565.3
1996,113,26324.5
1996,114,37483.2
1996,115,330881
1996,116,55000.3
1996,117,67712.3
1996,118,91489.7
1996,119,158266
1996,120,77240.5
1996,121,73915.9
1996,122,70689.2
1996,123,67600.5
1996,124,64382.7
1996,125,59757.7
1996,126,65149.9
1996,127,280187
1996,128,871560
1996,129,454200
1996,130,229307
1996,131,200874
1996,132,190108
1996,133,178415
1996,134,164563
1996,135,151540
1996,136,139292
1996,137,676043
1996,138,279046
1996,139,225172
1996,140,214433
1996,141,202679
1996,142,194295
1996,143,390960
1996,144,3245410
1996,145,640050
1996,146,563445
1996,147,568287
1996,148,473728
1996,149,570046
1996,150,579342
1996,151,644855
1996,152,521626
1996,153,402442
1996,154,373169
1996,155,384009
1996,156,517107
1996,157,485117
1996,158,352412
1996,159,301820
1996,160,265291
1996,161,262681
1996,162,222549
1996,163,204643
1996,164,189817
1996,165,833426
1996,166,522098
1996,167,314724
1996,168,415953
1996,169,336524
1996,170,300529
1996,171,280953
1996,172,273458
1996,173,243692
1996,174,225153
1996,175,223346
1996,176,199592
1996,177,188242
1996,178,178229
1996,179,169379
1996,180,157320
1996,181,146099
1996,182,172302
1996,183,132535
1996,184,125212
1996,185,118813
1996,186,113268
1996,187,108421
1996,188,104581
1996,189,100303
1996,190,97747.8
1996,191,93677.9
1996,192,90769.1
1996,193,88062.3
1996,194,85558
1996,195,83242.6
1996,196,81059.9
1996,197,78906.1
1996,198,76820.3
1996,199,74802.7
1996,200,72804.1
1996,201,70914.5
1996,202,69110
1996,203,67382.6
1996,204,65731.1
1996,205,64127.1
1996,206,62534.6
1996,207,60954
1996,208,59402.5
1996,209,57883.5
1996,210,56402.6
1996,211,54964
1996,212,53555.7
1996,213,52176.7
1996,214,50835.7
1996,215,49526.2
1996,216,49007.3
1996,217,47008.9
1996,218,45802
1996,219,44642.2
1996,220,43523.8
1996,221,42443.9
1996,222,41397.2
1996,223,40380.1
1996,224,39394.9
1996,225,38436.4
1996,226,37507.3
1996,227,36601.6
1996,228,35710.9
1996,229,34838
1996,230,33994.4
1996,231,33182.6
1996,232,35724.8
1996,233,130940
1996,234,114282
1996,235,34334.1
1996,236,34040.4
1996,237,33739.5
1996,238,33428.3
1996,239,393788
1996,240,45262.3
1996,241,47179.6
1996,242,415695
1996,243,69134.6
1996,244,74069.9
1996,245,78401
1996,246,82225.9
1996,247,85615.7
1996,248,86576.2
1996,249,86013.1
1996,250,85250
1996,251,84228.7
1996,252,82867.6
1996,253,81159.9
1996,254,76385.9
1996,255,71806.9
1996,256,67634.9
1996,257,69952.5
1996,258,58626.1
1996,259,54862.8
1996,260,51523.1
1996,261,48485.8
1996,262,45792.6
1996,263,43422.5
1996,264,41315.9
1996,265,39409.6
1996,266,192271
1996,267,197252
1996,268,63705.1
1996,269,52595.6
1996,270,335632
1996,271,75870.8
1996,272,68063.7
1996,273,92828.5
1996,274,154856
1996,275,74363.7
1996,276,73956.5
1996,277,73224.8
1996,278,72557.9
1996,279,72453.2
1996,280,72510.3
1996,281,106946
1996,282,74780.2
1996,283,72244.9
1996,284,69434.1
1996,285,65319
1996,286,61506.3
1996,287,57963.9
1996,288,88751.2
1996,289,75088.4
1996,290,305322
1996,291,70423.2
1996,292,67464.9
1996,293,71364
1996,294,290348
1996,295,236222
1996,296,96481.8
1996,297,85974.1
1996,298,83383.7
1996,299,80699.6
1996,300,101497
1996,301,102060
1996,302,79315
1996,303,78082.2
1996,304,120381
1996,305,76681.4
1996,306,72117.8
1996,307,188296
1996,308,145564
1996,309,208395
1996,310,280005
1996,311,376491
1996,312,487724
1996,313,1074790
1996,314,754664
1996,315,1124640
1996,316,1382510
1996,317,1419790
1996,318,2328870
1996,319,2900160
1996,320,2559210
1996,321,3556580
1996,322,4982790
1996,323,3583560
1996,324,3516920
1996,325,3290810
1996,326,1577640
1996,327,1064360
1996,328,841421
1996,329,884670
1996,330,659607
1996,331,557092
1996,332,518062
1996,333,421948
1996,334,380543
1996,335,939967
1996,336,813957
1996,337,475874
1996,338,413011
1996,339,410073
1996,340,375843
1996,341,429953
1996,342,513286
1996,343,344180
1996,344,321704
1996,345,520136
1996,346,1086250
1996,347,1225540
1996,348,642999
1996,349,518500
1996,350,477574
1996,351,434378
1996,352,441677
1996,353,379945
1996,354,353656
1996,355,310813
1996,356,299322
1996,357,482172
1996,358,305473
1996,359,279280
1996,360,251178
1996,361,232543
1996,362,216432
1996,363,221284
1996,364,185309
1996,365,173849
1996,366,162617
1997,1,153417
1997,2,145519
1997,3,138151
1997,4,143210
1997,5,155754
1997,6,132101
1997,7,128634
1997,8,177028
1997,9,141962
1997,10,287013
1997,11,229844
1997,12,265498
1997,13,443891
1997,14,264675
1997,15,185974
1997,16,152321
1997,17,197637
1997,18,217446
1997,19,229264
1997,20,368822
1997,21,213991
1997,22,195731
1997,23,289712
1997,24,186806
1997,25,169394
1997,26,151323
1997,27,135916
1997,28,130663
1997,29,136135
1997,30,227099
1997,31,343967
1997,32,139037
1997,33,150509
1997,34,411874
1997,35,224945
1997,36,144222
1997,37,130808
1997,38,117525
1997,39,185006
1997,40,133120
1997,41,102693
1997,42,106740
1997,43,255119
1997,44,1273890
1997,45,482616
1997,46,841878
1997,47,342259
1997,48,285683
1997,49,273309
1997,50,393585
1997,51,226299
1997,52,203631
1997,53,183529
1997,54,164222
1997,55,171448
1997,56,412088
1997,57,428555
1997,58,218782
1997,59,246804
1997,60,290628
1997,61,212042
1997,62,176893
1997,63,176595
1997,64,127963
1997,65,131862
1997,66,104596
1997,67,94586.9
1997,68,86341.1
1997,69,79500.5
1997,70,75027.6
1997,71,108807
1997,72,69192.1
1997,73,64450.7
1997,74,61071.9
1997,75,66624.5
1997,76,54755.9
1997,77,76367.2
1997,78,89987
1997,79,52053.6
1997,80,52830.1
1997,81,47680.9
1997,82,54132.5
1997,83,51598.4
1997,84,44080.8
1997,85,128565
1997,86,101960
1997,87,47522.7
1997,88,45970.9
1997,89,182358
1997,90,163090
1997,91,58811.7
1997,92,57625
1997,93,55842.8
1997,94,53949.1
1997,95,51949.8
1997,96,49943.1
1997,97,76735.9
1997,98,74172.1
1997,99,107596
1997,100,221714
1997,101,103122
1997,102,88542.4
1997,103,68681.7
1997,104,63987.9
1997,105,72038.7
1997,106,139983
1997,107,64266.2
1997,108,60262.9
1997,109,111738
1997,110,1092450
1997,111,403070
1997,112,197243
1997,113,198374
1997,114,205315
1997,115,556466
1997,116,293499
1997,117,294920
1997,118,232418
1997,119,218451
1997,120,243778
1997,121,607882
1997,122,334645
1997,123,266914
1997,124,245332
1997,125,242358
1997,126,202516
1997,127,173004
1997,128,155761
1997,129,143898
1997,130,167203
1997,131,353513
1997,132,218282
1997,133,235320
1997,134,158720
1997,135,148585
1997,136,165488
1997,137,130050
1997,138,121013
1997,139,113356
1997,140,105891
1997,141,237500
1997,142,1309010
1997,143,590452
1997,144,570419
1997,145,394024
1997,146,603799
1997,147,361610
1997,148,341142
1997,149,320381
1997,150,301661
1997,151,476407
1997,152,308721
1997,153,313687
1997,154,278710
1997,155,263530
1997,156,247340
1997,157,222784
1997,158,219539
1997,159,192480
1997,160,172110
1997,161,207831
1997,162,2209070
1997,163,619318
1997,164,609857
1997,165,456168
1997,166,436702
1997,167,418106
1997,168,399889
1997,169,382658
1997,170,366323
1997,171,350227
1997,172,549147
1997,173,439969
1997,174,371839
1997,175,354148
1997,176,328372
1997,177,281816
1997,178,247495
1997,179,531750
1997,180,412249
1997,181,245983
1997,182,224486
1997,183,206672
1997,184,191532
1997,185,2501820
1997,186,1008440
1997,187,459999
1997,188,474950
1997,189,546662
1997,190,543693
1997,191,403289
1997,192,344775
1997,193,321012
1997,194,295788
1997,195,314268
1997,196,446729
1997,197,1282110
1997,198,585693
1997,199,424306
1997,200,357334
1997,201,362133
1997,202,332803
1997,203,260053
1997,204,237452
1997,205,218814
1997,206,203269
1997,207,193235
1997,208,779658
1997,209,244543
1997,210,232658
1997,211,219558
1997,212,282910
1997,213,597535
1997,214,240910
1997,215,215294
1997,216,203904
1997,217,193346
1997,218,265191
1997,219,292685
1997,220,271606
1997,221,188331
1997,222,180416
1997,223,169412
1997,224,159817
1997,225,151178
1997,226,143529
1997,227,136475
1997,228,128653
1997,229,121710
1997,230,115499
1997,231,109856
1997,232,104868
1997,233,100271
1997,234,95836
1997,235,91556.9
1997,236,87600.2
1997,237,83916.8
1997,238,80512.9
1997,239,77425.1
1997,240,108900
1997,241,73900
1997,242,71406
1997,243,69039.6
1997,244,66828.4
1997,245,64779.5
1997,246,62801.4
1997,247,64801.2
1997,248,59166.5
1997,249,61525
1997,250,55837
1997,251,149411
1997,252,57010
1997,253,55638.4
1997,254,54317.8
1997,255,52933.5
1997,256,51609.2
1997,257,50333.1
1997,258,49076.8
1997,259,47856.5
1997,260,46674.3
1997,261,45496.8
1997,262,44358.1
1997,263,43285.3
1997,264,42215.9
1997,265,59790.6
1997,266,40682
1997,267,65947.1
1997,268,41532.2
1997,269,38350.6
1997,270,37325.7
1997,271,36366.8
1997,272,47690.4
1997,273,39044.4
1997,274,34504.2
1997,275,0
1997,276,44049.5
1997,277,185957
1997,278,56357.6
1997,279,59025.7
1997,280,327030
1997,281,109380
1997,282,56105.4
1997,283,57297.5
1997,284,58187.7
1997,285,62068.2
1997,286,63365.7
1997,287,60819.2
1997,288,61716.5
1997,289,62035.1
1997,290,61653.3
1997,291,61084.4
1997,292,59254.7
1997,293,57230.8
1997,294,55745.1
1997,295,54741.9
1997,296,92259.8
1997,297,49496.7
1997,298,46803.6
1997,299,44444.6
1997,300,55797.5
1997,301,268327
1997,302,54787.7
1997,303,52224.9
1997,304,135823
1997,305,228837
1997,306,712197
1997,307,107539
1997,308,136476
1997,309,120276
1997,310,184207
1997,311,205519
1997,312,234741
1997,313,292783
1997,314,391113
1997,315,205520
1997,316,202333
1997,317,198427
1997,318,703299
1997,319,411612
1997,320,457449
1997,321,515850
1997,322,638216
1997,323,758265
1997,324,895381
1997,325,1083130
1997,326,1231680
1997,327,1646720
1997,328,1996440
1997,329,1884040
1997,330,2029040
1997,331,2277560
1997,332,1044970
1997,333,1501860
1997,334,1396770
1997,335,826560
1997,336,681645
1997,337,768935
1997,338,540146
1997,339,1437200
1997,340,687566
1997,341,575056
1997,342,687521
1997,343,478578
1997,344,433638
1997,345,590873
1997,346,438115
1997,347,360018
1997,348,366322
1997,349,299178
1997,350,273231
1997,351,256333
1997,352,266274
1997,353,257708
1997,354,226028
1997,355,741090
1997,356,275395
1997,357,258222
1997,358,241190
1997,359,227011
1997,360,212269
1997,361,342739
1997,362,209108
1997,363,197026
1997,364,186003
1997,365,176393
1997,366,175619
1998,1,159075
1998,2,151571
1998,3,430496
1998,4,187974
1998,5,167938
1998,6,157322
1998,7,147834
1998,8,139469
1998,9,138458
1998,10,125276
1998,11,118320
1998,12,112140
1998,13,114875
1998,14,143397
1998,15,102889
1998,16,98523.9
1998,17,94555.5
1998,18,142668
1998,19,115848
1998,20,88457.2
1998,21,84373.9
1998,22,80211.9
1998,23,78999
1998,24,73842.7
1998,25,110432
1998,26,147661
1998,27,104151
1998,28,71945.7
1998,29,68376.9
1998,30,65320.6
1998,31,62444.4
1998,32,108350
1998,33,156960
1998,34,68628.8
1998,35,61509.5
1998,36,58834.3
1998,37,56321
1998,38,62664.5
1998,39,75821.4
1998,40,108845
1998,41,53781.1
1998,42,50913.5
1998,43,48281.5
1998,44,45850.1
1998,45,43601.1
1998,46,48208
1998,47,49949.4
1998,48,38773.9
1998,49,39120.1
1998,50,35429.6
1998,51,34066.6
1998,52,63619.7
1998,53,40376.5
1998,54,35245.3
1998,55,46750.7
1998,56,30678.4
1998,57,29516.7
1998,58,107254
1998,59,30612.5
1998,60,29548.5
1998,61,28592.9
1998,62,27641.6
1998,63,26732
1998,64,25860.9
1998,65,31661.3
1998,66,33822.8
1998,67,26994.2
1998,68,23574.1
1998,69,22847.1
1998,70,22130.7
1998,71,21457.7
1998,72,20830.9
1998,73,29268.6
1998,74,23114
1998,75,175691
1998,76,24118.8
1998,77,57303.4
1998,78,79210.6
1998,79,150592
1998,80,81478.8
1998,81,113796
1998,82,351139
1998,83,182878
1998,84,114659
1998,85,91626.8
1998,86,82389.2
1998,87,102729
1998,88,115232
1998,89,266078
1998,90,259738
1998,91,126016
1998,92,113847
1998,93,282226
1998,94,142275
1998,95,126714
1998,96,114703
1998,97,93131.6
1998,98,82034.5
1998,99,85888.6
1998,100,91194.2
1998,101,63260
1998,102,56687.9
1998,103,99753.2
1998,104,880340
1998,105,153665
1998,106,146279
1998,107,133901
1998,108,122303
1998,109,111892
1998,110,139153
1998,111,103307
1998,112,111288
1998,113,135378
1998,114,91732.7
1998,115,86784.9
1998,116,82600.9
1998,117,78940.5
1998,118,77605
1998,119,66195.9
1998,120,59276.7
1998,121,117238
1998,122,186962
1998,123,194570
1998,124,82881.7
1998,125,95100.3
1998,126,93875.3
1998,127,81655.4
1998,128,95757.8
1998,129,69619.2
1998,130,65593.6
1998,131,62171.9
1998,132,58679.2
1998,133,67615
1998,134,55040
1998,135,52937.6
1998,136,50433
1998,137,98472.9
1998,138,90000.8
1998,139,53536.7
1998,140,50605.7
1998,141,48061.6
1998,142,45636.3
1998,143,43867.2
1998,144,42067.3
1998,145,40303.2
1998,146,39168.6
1998,147,92035.2
1998,148,205705
1998,149,149836
1998,150,220522
1998,151,85495.3
1998,152,87486.1
1998,153,88271.5
1998,154,97973
1998,155,486678
1998,156,339248
1998,157,217224
1998,158,218606
1998,159,184879
1998,160,185172
1998,161,238235
1998,162,580008
1998,163,518596
1998,164,293440
1998,165,274683
1998,166,257733
1998,167,242789
1998,168,228467
1998,169,215752
1998,170,198719
1998,171,182386
1998,172,168260
1998,173,155999
1998,174,145389
1998,175,171367
1998,176,370969
1998,177,172545
1998,178,136899
1998,179,124613
1998,180,190735
1998,181,114116
1998,182,116848
1998,183,109001
1998,184,498996
1998,185,129827
1998,186,123850
1998,187,118351
1998,188,234077
1998,189,171453
1998,190,120486
1998,191,114366
1998,192,108639
1998,193,103712
1998,194,133771
1998,195,104311
1998,196,94782
1998,197,91034.9
1998,198,87663.9
1998,199,82923
1998,200,78685.4
1998,201,74856
1998,202,71487.9
1998,203,68123.1
1998,204,64999.9
1998,205,62306.9
1998,206,59951.5
1998,207,57781.8
1998,208,55790.3
1998,209,136200
1998,210,58843.4
1998,211,58180.3
1998,212,54108.8
1998,213,52676.4
1998,214,51325
1998,215,50101.9
1998,216,49007.9
1998,217,47935.7
1998,218,73149.1
1998,219,120091
1998,220,53868.4
1998,221,259265
1998,222,899361
1998,223,1495350
1998,224,776346
1998,225,238652
1998,226,245069
1998,227,252017
1998,228,253026
1998,229,249485
1998,230,247895
1998,231,248771
1998,232,247267
1998,233,243226
1998,234,236213
1998,235,228625
1998,236,216218
1998,237,193466
1998,238,166603
1998,239,144315
1998,240,127237
1998,241,114022
1998,242,103494
1998,243,94937.7
1998,244,87931
1998,245,84354.4
1998,246,77087.7
1998,247,72690.4
1998,248,68825.7
1998,249,65716.3
1998,250,62861.6
1998,251,64331.4
1998,252,57783.9
1998,253,55728.9
1998,254,53878.3
1998,255,52178.1
1998,256,51703.4
1998,257,494791
1998,258,233378
1998,259,77476.4
1998,260,78327.3
1998,261,79135.5
1998,262,79671
1998,263,79844.4
1998,264,394249
1998,265,274530
1998,266,149056
1998,267,120892
1998,268,121045
1998,269,266197
1998,270,370776
1998,271,161879
1998,272,150974
1998,273,195822
1998,274,429554
1998,275,0
1998,276,189186
1998,277,161189
1998,278,146067
1998,279,183256
1998,280,135778
1998,281,122548
1998,282,278332
1998,283,448996
1998,284,1236050
1998,285,263221
1998,286,248920
1998,287,236989
1998,288,226116
1998,289,216028
1998,290,203957
1998,291,192877
1998,292,181476
1998,293,252857
1998,294,387037
1998,295,236160
1998,296,505723
1998,297,213053
1998,298,194869
1998,299,172785
1998,300,155166
1998,301,140295
1998,302,127080
1998,303,115458
1998,304,105788
1998,305,100633
1998,306,188739
1998,307,1224210
1998,308,514471
1998,309,428250
1998,310,475013
1998,311,588010
1998,312,701564
1998,313,870692
1998,314,1390460
1998,315,3336870
1998,316,2280460
1998,317,2294290
1998,318,2456220
1998,319,2618940
1998,320,2839890
1998,321,3186400
1998,322,2268290
1998,323,1383810
1998,324,1110420
1998,325,2167630
1998,326,1283590
1998,327,961007
1998,328,791586
1998,329,662207
1998,330,573008
1998,331,499833
1998,332,660097
1998,333,460992
1998,334,410204
1998,335,368471
1998,336,334150
1998,337,326774
1998,338,340999
1998,339,381342
1998,340,323645
1998,341,353531
1998,342,278209
1998,343,247196
1998,344,308236
1998,345,372669
1998,346,1055730
1998,347,772161
1998,348,359121
1998,349,346670
1998,350,332075
1998,351,314127
1998,352,293203
1998,353,279833
1998,354,253154
1998,355,238284
1998,356,223702
1998,357,202480
1998,358,189795
1998,359,178020
1998,360,166440
1998,361,315234
1998,362,170885
1998,363,156110
1998,364,148068
1998,365,251983
1998,366,140082
1999,1,366443
1999,2,153003
1999,3,748955
1999,4,202042
1999,5,192231
1999,6,187434
1999,7,181793
1999,8,203829
1999,9,173595
1999,10,163319
1999,11,191712
1999,12,176482
1999,13,799130
1999,14,767347
1999,15,415566
1999,16,439558
1999,17,480774
1999,18,463660
1999,19,316013
1999,20,252234
1999,21,221724
1999,22,195513
1999,23,173472
1999,24,227332
1999,25,159578
1999,26,144909
1999,27,134053
1999,28,116182
1999,29,102439
1999,30,98143.3
1999,31,1254180
1999,32,236659
1999,33,200637
1999,34,193851
1999,35,983192
1999,36,265905
1999,37,244055
1999,38,541598
1999,39,1226710
1999,40,417989
1999,41,370760
1999,42,323899
1999,43,296393
1999,44,267873
1999,45,239302
1999,46,199512
1999,47,169876
1999,48,170848
1999,49,145864
1999,50,121368
1999,51,195863
1999,52,208241
1999,53,149379
1999,54,184348
1999,55,108467
1999,56,97003.5
1999,57,88274.8
1999,58,81231.2
1999,59,75482.9
1999,60,94695.8
1999,61,87987.1
1999,62,72669.4
1999,63,64871.5
1999,64,61885.6
1999,65,59177.3
1999,66,56508.1
1999,67,53999.3
1999,68,51786.4
1999,69,49762.5
1999,70,47986.7
1999,71,47717.6
1999,72,120750
1999,73,51583.9
1999,74,45915
1999,75,44374.7
1999,76,44944.5
1999,77,41700.9
1999,78,43141.9
1999,79,76612.8
1999,80,103850
1999,81,41780.2
1999,82,40523.2
1999,83,39534.1
1999,84,38499
1999,85,37449.7
1999,86,39784.6
1999,87,109375
1999,88,40285.7
1999,89,37109.1
1999,90,35894.3
1999,91,34757.3
1999,92,42102.5
1999,93,33515.5
1999,94,32449.7
1999,95,128153
1999,96,35996.7
1999,97,34725.2
1999,98,33564.2
1999,99,34588.2
1999,100,154332
1999,101,49227.8
1999,102,80272.3
1999,103,41268.7
1999,104,39649.8
1999,105,38418.6
1999,106,37117.2
1999,107,37014.3
1999,108,48744.2
1999,109,36222.5
1999,110,32877.9
1999,111,31312.1
1999,112,29960.3
1999,113,31646.8
1999,114,50828
1999,115,136037
1999,116,36167.6
1999,117,34482.5
1999,118,35682.5
1999,119,34975.8
1999,120,161634
1999,121,39574.1
1999,122,38473.3
1999,123,39120.2
1999,124,58861.4
1999,125,38461.4
1999,126,43234.2
1999,127,37322.7
1999,128,36573.7
1999,129,35591.7
1999,130,61483.2
1999,131,933795
1999,132,457839
1999,133,466665
1999,134,192451
1999,135,194973
1999,136,365184
1999,137,371652
1999,138,234236
1999,139,228551
1999,140,220260
1999,141,222109
1999,142,203069
1999,143,190080
1999,144,201489
1999,145,176091
1999,146,155211
1999,147,135585
1999,148,118031
1999,149,104052
1999,150,92842.1
1999,151,146893
1999,152,88135.6
1999,153,79696.6
1999,154,73263.5
1999,155,67918.3
1999,156,63449.7
1999,157,59757.5
1999,158,56988.9
1999,159,54139.2
1999,160,51955.9
1999,161,68074.9
1999,162,50611.5
1999,163,49764.3
1999,164,141167
1999,165,116250
1999,166,61609.5
1999,167,60328.2
1999,168,58971.4
1999,169,57597.8
1999,170,61297.4
1999,171,62974
1999,172,55418.9
1999,173,54604.6
1999,174,120678
1999,175,61396.9
1999,176,60752.2
1999,177,60210
1999,178,60816.1
1999,179,64722.2
1999,180,311816
1999,181,89780.3
1999,182,87350.4
1999,183,86865.6
1999,184,97386.2
1999,185,92436.1
1999,186,86831.7
1999,187,86120
1999,188,87422.9
1999,189,135626
1999,190,97763.2
1999,191,88121.1
1999,192,181469
1999,193,100590
1999,194,99269.9
1999,195,94800.1
1999,196,90690.8
1999,197,86814.5
1999,198,83308
1999,199,80500.6
1999,200,76955.1
1999,201,79913.1
1999,202,72541.7
1999,203,70215
1999,204,77307.5
1999,205,187411
1999,206,103152
1999,207,74092
1999,208,70834
1999,209,67840.6
1999,210,65087.2
1999,211,62495.7
1999,212,59980.5
1999,213,57567.3
1999,214,55425
1999,215,53554.2
1999,216,51807.3
1999,217,50182.5
1999,218,48574.8
1999,219,46955.2
1999,220,45112.1
1999,221,43394.8
1999,222,41820.9
1999,223,40368.7
1999,224,38988.7
1999,225,37718.2
1999,226,36596.3
1999,227,35536.3
1999,228,34515.7
1999,229,33586.4
1999,230,32714.8
1999,231,31873.9
1999,232,31059.9
1999,233,457901
1999,234,50128.8
1999,235,49552.1
1999,236,104341
1999,237,93033.3
1999,238,268196
1999,239,1041240
1999,240,132272
1999,241,140688
1999,242,148212
1999,243,153096
1999,244,150841
1999,245,150177
1999,246,148191
1999,247,144879
1999,248,407436
1999,249,162082
1999,250,149090
1999,251,137842
1999,252,127565
1999,253,116874
1999,254,103447
1999,255,92515.7
1999,256,83511.9
1999,257,76037.7
1999,258,352303
1999,259,93473.5
1999,260,87485.1
1999,261,82333.6
1999,262,77606.2
1999,263,118844
1999,264,72002.2
1999,265,68168.9
1999,266,64955.9
1999,267,62247.6
1999,268,59982.9
1999,269,58011.3
1999,270,56166.1
1999,271,54404.9
1999,272,52735.3
1999,273,50214.7
1999,274,288423
1999,275,0
1999,276,244723
1999,277,73727.4
1999,278,689388
1999,279,466216
1999,280,139601
1999,281,241195
1999,282,149162
1999,283,148851
1999,284,147166
1999,285,144094
1999,286,140179
1999,287,135881
1999,288,131097
1999,289,125810
1999,290,117994
1999,291,109570
1999,292,101819
1999,293,97173.7
1999,294,83785.7
1999,295,76416.6
1999,296,660940
1999,297,403390
1999,298,145112
1999,299,130978
1999,300,123036
1999,301,116329
1999,302,116700
1999,303,172691
1999,304,133019
1999,305,174260
1999,306,189440
1999,307,375556
1999,308,446430
1999,309,559300
1999,310,752082
1999,311,732685
1999,312,911768
1999,313,1027770
1999,314,1244820
1999,315,2536530
1999,316,2061130
1999,317,2918660
1999,318,2735910
1999,319,1167410
1999,320,1004350
1999,321,853560
1999,322,936519
1999,323,819139
1999,324,651910
1999,325,557761
1999,326,567684
1999,327,437472
1999,328,395180
1999,329,661993
1999,330,394901
1999,331,341648
1999,332,297084
1999,333,261751
1999,334,236142
1999,335,216327
1999,336,200452
1999,337,186763
1999,338,175067
1999,339,165344
1999,340,183014
1999,341,152788
1999,342,145328
1999,343,142498
1999,344,387802
1999,345,161389
1999,346,146924
1999,347,140453
1999,348,134406
1999,349,128816
1999,350,123674
1999,351,118802
1999,352,114243
1999,353,109944
1999,354,106405
1999,355,387688
1999,356,130999
1999,357,123630
1999,358,119982
1999,359,261544
1999,360,473020
1999,361,198661
1999,362,155886
1999,363,147112
1999,364,140773
1999,365,133671
1999,366,126251
2000,1,119062
2000,2,112924
2000,3,114731
2000,4,104160
2000,5,94582.8
2000,6,89138.9
2000,7,84241.6
2000,8,114643
2000,9,80398.9
2000,10,73723.5
2000,11,69511.2
2000,12,65953.9
2000,13,62813.8
2000,14,64213.7
2000,15,132063
2000,16,60686.5
2000,17,57638.7
2000,18,203009
2000,19,71530.2
2000,20,60120
2000,21,57797
2000,22,55593.2
2000,23,53190.4
2000,24,50812.3
2000,25,48569.6
2000,26,61112.2
2000,27,45648.3
2000,28,55572.2
2000,29,134452
2000,30,197174
2000,31,65252.5
2000,32,79757.5
2000,33,95944.4
2000,34,61836.5
2000,35,54805.5
2000,36,47052.6
2000,37,95732.3
2000,38,48391.1
2000,39,43437.2
2000,40,214300
2000,41,89209.4
2000,42,56886.3
2000,43,54377.2
2000,44,50741.2
2000,45,46499.8
2000,46,42778.8
2000,47,39386.5
2000,48,65488.7
2000,49,137119
2000,50,85557.2
2000,51,53165.4
2000,52,42560.9
2000,53,48642.7
2000,54,37897
2000,55,67000.2
2000,56,53711.4
2000,57,33967.4
2000,58,31284.3
2000,59,29565.6
2000,60,27557.8
2000,61,61391.7
2000,62,57934.1
2000,63,34545.3
2000,64,27052.4
2000,65,25458.4
2000,66,24539
2000,67,23458.8
2000,68,22392
2000,69,22355.5
2000,70,42201.2
2000,71,20756.7
2000,72,20797.7
2000,73,19436.8
2000,74,18767.8
2000,75,88756.2
2000,76,112989
2000,77,36412.3
2000,78,23608.7
2000,79,32668.9
2000,80,22957.7
2000,81,21772.9
2000,82,65424.7
2000,83,113359
2000,84,28633.4
2000,85,27972.3
2000,86,38518.7
2000,87,27124.4
2000,88,135051
2000,89,53917.7
2000,90,34928.2
2000,91,32337.4
2000,92,30238.2
2000,93,28442.7
2000,94,26689.8
2000,95,25046.8
2000,96,23524.9
2000,97,21951.5
2000,98,56903.4
2000,99,42323.6
2000,100,182807
2000,101,40112.5
2000,102,36390.9
2000,103,30769.8
2000,104,28576
2000,105,26751.8
2000,106,25129.8
2000,107,46674.9
2000,108,130848
2000,109,4666240
2000,110,481901
2000,111,353551
2000,112,393983
2000,113,1021270
2000,114,975274
2000,115,1286600
2000,116,610917
2000,117,564833
2000,118,497167
2000,119,443597
2000,120,393148
2000,121,347645
2000,122,399557
2000,123,898313
2000,124,428457
2000,125,339463
2000,126,281673
2000,127,793081
2000,128,342878
2000,129,289962
2000,130,249959
2000,131,278624
2000,132,302580
2000,133,500910
2000,134,246430
2000,135,229187
2000,136,379653
2000,137,296076
2000,138,229810
2000,139,213967
2000,140,199890
2000,141,187662
2000,142,193985
2000,143,273646
2000,144,178403
2000,145,210808
2000,146,177168
2000,147,165110
2000,148,151785
2000,149,143177
2000,150,135750
2000,151,128497
2000,152,121713
2000,153,115512
2000,154,109945
2000,155,105080
2000,156,443191
2000,157,145255
2000,158,141098
2000,159,137224
2000,160,132986
2000,161,129204
2000,162,125944
2000,163,122698
2000,164,140444
2000,165,119160
2000,166,116542
2000,167,114018
2000,168,118165
2000,169,110836
2000,170,108339
2000,171,103926
2000,172,99847.1
2000,173,95940.1
2000,174,110071
2000,175,91327.4
2000,176,88696.6
2000,177,94364.4
2000,178,86797.1
2000,179,304572
2000,180,1403990
2000,181,230241
2000,182,195499
2000,183,205374
2000,184,208455
2000,185,213283
2000,186,216611
2000,187,217922
2000,188,255597
2000,189,231846
2000,190,394977
2000,191,253230
2000,192,248436
2000,193,237146
2000,194,310479
2000,195,205666
2000,196,182448
2000,197,184569
2000,198,485083
2000,199,217756
2000,200,188347
2000,201,171922
2000,202,162329
2000,203,153548
2000,204,145171
2000,205,135717
2000,206,126056
2000,207,118246
2000,208,111782
2000,209,105972
2000,210,100872
2000,211,96348.6
2000,212,92296.1
2000,213,87422.7
2000,214,82894.9
2000,215,78759.1
2000,216,74991.8
2000,217,106310
2000,218,70688.5
2000,219,403474
2000,220,87357
2000,221,85083.7
2000,222,82939.6
2000,223,80855.8
2000,224,100061
2000,225,664805
2000,226,128731
2000,227,119988
2000,228,120620
2000,229,121400
2000,230,121685
2000,231,121075
2000,232,119508
2000,233,117791
2000,234,112596
2000,235,107507
2000,236,102840
2000,237,98756.3
2000,238,94927.4
2000,239,91016.4
2000,240,84855.5
2000,241,79579.1
2000,242,75054.7
2000,243,71122.5
2000,244,67580.8
2000,245,64323.5
2000,246,61336.9
2000,247,58650.8
2000,248,56285.8
2000,249,54155.4
2000,250,52160.9
2000,251,50301.8
2000,252,48597.5
2000,253,47010.5
2000,254,45562.3
2000,255,44214.2
2000,256,42890.9
2000,257,41623.2
2000,258,40459.2
2000,259,39369.8
2000,260,136699
2000,261,41699.1
2000,262,40809.5
2000,263,39956.6
2000,264,39150
2000,265,38347.8
2000,266,37560.5
2000,267,36795.8
2000,268,36036.1
2000,269,35268
2000,270,34695.6
2000,271,146812
2000,272,38115.5
2000,273,491198
2000,274,218499
2000,275,68637.9
2000,276,192456
2000,277,86657.8
2000,278,80720.7
2000,279,81733.4
2000,280,82776.1
2000,281,84222.2
2000,282,115528
2000,283,91560.2
2000,284,145696
2000,285,100819
2000,286,601912
2000,287,219428
2000,288,181044
2000,289,168854
2000,290,159343
2000,291,643372
2000,292,229688
2000,293,223252
2000,294,216448
2000,295,208861
2000,296,200915
2000,297,191743
2000,298,182580
2000,299,171607
2000,300,545643
2000,301,198189
2000,302,1035680
2000,303,1206310
2000,304,692356
2000,305,660800
2000,306,700401
2000,307,754758
2000,308,871683
2000,309,1273780
2000,310,2840250
2000,311,1871780
2000,312,1988500
2000,313,2132650
2000,314,3146180
2000,315,1325160
2000,316,1157210
2000,317,1003720
2000,318,820579
2000,319,704340
2000,320,608470
2000,321,524845
2000,322,452316
2000,323,830706
2000,324,745478
2000,325,503499
2000,326,453265
2000,327,754811
2000,328,548180
2000,329,469057
2000,330,372666
2000,331,337261
2000,332,309445
2000,333,351501
2000,334,303789
2000,335,267322
2000,336,251462
2000,337,247483
2000,338,249011
2000,339,215384
2000,340,220052
2000,341,194481
2000,342,180857
2000,343,181506
2000,344,164907
2000,345,306557
2000,346,470134
2000,347,201662
2000,348,428253
2000,349,420372
2000,350,215852
2000,351,208128
2000,352,200021
2000,353,190901
2000,354,449045
2000,355,814156
2000,356,479098
2000,357,336458
2000,358,793864
2000,359,870769
2000,360,1031430
2000,361,561221
2000,362,447603
2000,363,397344
2000,364,351769
2000,365,313813
2000,366,281700
2001,1,255185
2001,2,231779
2001,3,304512
2001,4,210953
2001,5,214481
2001,6,280391
2001,7,1216670
2001,8,369758
2001,9,300943
2001,10,264969
2001,11,234230
2001,12,520508
2001,13,470314
2001,14,496730
2001,15,369288
2001,16,275731
2001,17,245934
2001,18,235883
2001,19,404907
2001,20,234512
2001,21,211343
2001,22,529750
2001,23,231185
2001,24,201443
2001,25,178845
2001,26,306090
2001,27,259827
2001,28,257819
2001,29,170242
2001,30,245894
2001,31,148860
2001,32,134922
2001,33,122934
2001,34,220836
2001,35,132548
2001,36,111861
2001,37,102667
2001,38,94487.4
2001,39,87977
2001,40,91193.6
2001,41,80455
2001,42,73627
2001,43,69320.8
2001,44,65656.7
2001,45,62247.1
2001,46,398648
2001,47,168354
2001,48,87938.8
2001,49,81328.9
2001,50,76928.5
2001,51,73093.8
2001,52,99673.6
2001,53,69263.4
2001,54,65562.8
2001,55,62346.2
2001,56,59265.8
2001,57,109088
2001,58,76264
2001,59,108652
2001,60,74192.2
2001,61,626006
2001,62,274947
2001,63,231132
2001,64,131403
2001,65,338206
2001,66,130819
2001,67,123258
2001,68,455968
2001,69,200809
2001,70,152457
2001,71,260046
2001,72,153804
2001,73,148783
2001,74,185141
2001,75,133677
2001,76,230167
2001,77,122145
2001,78,147195
2001,79,102312
2001,80,90849
2001,81,81575.9
2001,82,74169.9
2001,83,66945
2001,84,60841.2
2001,85,260685
2001,86,78143.4
2001,87,71472.5
2001,88,65738.9
2001,89,60449.7
2001,90,56006.9
2001,91,51809.2
2001,92,50648.4
2001,93,45478.9
2001,94,64911
2001,95,65612.6
2001,96,42621
2001,97,68869.5
2001,98,41606.2
2001,99,40069.2
2001,100,37938
2001,101,36052
2001,102,36974.5
2001,103,33466.8
2001,104,31736.1
2001,105,753070
2001,106,85900.4
2001,107,270859
2001,108,204203
2001,109,105427
2001,110,108556
2001,111,110040
2001,112,360582
2001,113,141955
2001,114,141915
2001,115,136160
2001,116,133047
2001,117,139607
2001,118,143965
2001,119,255392
2001,120,141437
2001,121,126897
2001,122,113848
2001,123,102116
2001,124,91877.1
2001,125,82984.8
2001,126,75345.5
2001,127,80222.1
2001,128,441112
2001,129,195591
2001,130,118653
2001,131,113554
2001,132,108849
2001,133,110292
2001,134,100606
2001,135,96622
2001,136,92941.6
2001,137,89369.7
2001,138,85960.5
2001,139,113886
2001,140,372087
2001,141,800741
2001,142,224697
2001,143,214103
2001,144,201575
2001,145,190047
2001,146,180153
2001,147,170383
2001,148,160145
2001,149,149978
2001,150,147401
2001,151,134202
2001,152,127916
2001,153,122374
2001,154,116657
2001,155,108713
2001,156,98440.6
2001,157,90198.4
2001,158,82558.3
2001,159,76631.1
2001,160,71767.2
2001,161,67549.1
2001,162,63901.5
2001,163,176899
2001,164,469218
2001,165,121736
2001,166,115383
2001,167,114537
2001,168,254366
2001,169,131193
2001,170,131549
2001,171,131534
2001,172,131234
2001,173,130761
2001,174,131835
2001,175,129492
2001,176,128755
2001,177,127913
2001,178,124806
2001,179,117579
2001,180,245932
2001,181,162179
2001,182,126424
2001,183,234884
2001,184,123780
2001,185,110374
2001,186,103706
2001,187,97956.2
2001,188,92765.1
2001,189,87995.1
2001,190,83771.6
2001,191,80025.1
2001,192,76572.8
2001,193,73404
2001,194,70481.9
2001,195,67103
2001,196,63959.6
2001,197,61279.4
2001,198,58577.5
2001,199,56129.4
2001,200,53912.6
2001,201,2769450
2001,202,206660
2001,203,220821
2001,204,230184
2001,205,235016
2001,206,235744
2001,207,233147
2001,208,227550
2001,209,219964
2001,210,211432
2001,211,201807
2001,212,191764
2001,213,181902
2001,214,172041
2001,215,162415
2001,216,140750
2001,217,124120
2001,218,111046
2001,219,100508
2001,220,91901.8
2001,221,84799.9
2001,222,78870.8
2001,223,75913.7
2001,224,69864.2
2001,225,66349.4
2001,226,63301.8
2001,227,60637
2001,228,58298
2001,229,56197.1
2001,230,59787.9
2001,231,52838.2
2001,232,51228.6
2001,233,49746.8
2001,234,56989.4
2001,235,47473.7
2001,236,46280.7
2001,237,45166.7
2001,238,44099.4
2001,239,43066.8
2001,240,42077.4
2001,241,41138.9
2001,242,40225.3
2001,243,39338.3
2001,244,38489.5
2001,245,47977.5
2001,246,49437.4
2001,247,36806.3
2001,248,36056.1
2001,249,35335
2001,250,34647.2
2001,251,33966.4
2001,252,33292.5
2001,253,32640.1
2001,254,32010.9
2001,255,117105
2001,256,33632.7
2001,257,32962.5
2001,258,32556
2001,259,32132.5
2001,260,79976.4
2001,261,33530.6
2001,262,32484.5
2001,263,32117
2001,264,31771.5
2001,265,31419.2
2001,266,31022.9
2001,267,30617.4
2001,268,30250.8
2001,269,29884.9
2001,270,29268.4
2001,271,30034.6
2001,272,28081.8
2001,273,27474.9
2001,274,26901.6
2001,275,0
2001,276,26255
2001,277,25623.9
2001,278,25003.5
2001,279,24404
2001,280,23833.6
2001,281,23287.4
2001,282,22764.4
2001,283,22259.9
2001,284,21767
2001,285,21290.3
2001,286,20829.9
2001,287,20387.4
2001,288,64413.2
2001,289,23975.2
2001,290,20470.4
2001,291,30377.5
2001,292,96844.1
2001,293,21892.6
2001,294,21723.1
2001,295,21523.2
2001,296,543055
2001,297,97337.9
2001,298,44259.4
2001,299,57154.4
2001,300,50326
2001,301,52929.5
2001,302,55243.5
2001,303,56436.3
2001,304,164146
2001,305,680837
2001,306,120019
2001,307,211515
2001,308,265054
2001,309,348056
2001,310,448758
2001,311,559351
2001,312,920641
2001,313,1144450
2001,314,1288880
2001,315,2644220
2001,316,1796600
2001,317,1888920
2001,318,1884950
2001,319,1930820
2001,320,2171760
2001,321,2571520
2001,322,2716910
2001,323,1314080
2001,324,997307
2001,325,820827
2001,326,733467
2001,327,841691
2001,328,563740
2001,329,462995
2001,330,385308
2001,331,331524
2001,332,291240
2001,333,258344
2001,334,231885
2001,335,210484
2001,336,191882
2001,337,175747
2001,338,163163
2001,339,153314
2001,340,145396
2001,341,138993
2001,342,133483
2001,343,128697
2001,344,124391
2001,345,124008
2001,346,116938
2001,347,113757
2001,348,120600
2001,349,107647
2001,350,104731
2001,351,101951
2001,352,99292.8
2001,353,98778
2001,354,96545.7
2001,355,92369.2
2001,356,89793.6
2001,357,90242.4
2001,358,282287
2001,359,230057
2001,360,142450
2001,361,92939
2001,362,305305
2001,363,370694
2001,364,174503
2001,365,159140
2001,366,138193
2002,1,130653
2002,2,573933
2002,3,423764
2002,4,610532
2002,5,272458
2002,6,270449
2002,7,251801
2002,8,229545
2002,9,208470
2002,10,189946
2002,11,170874
2002,12,352282
2002,13,204505
2002,14,163357
2002,15,144807
2002,16,129515
2002,17,723023
2002,18,291527
2002,19,190887
2002,20,167170
2002,21,279141
2002,22,158766
2002,23,189385
2002,24,216775
2002,25,135207
2002,26,123848
2002,27,111988
2002,28,101525
2002,29,92771.4
2002,30,85399.5
2002,31,115450
2002,32,308528
2002,33,103960
2002,34,94852.5
2002,35,161148
2002,36,104235
2002,37,83189.8
2002,38,97931.9
2002,39,293236
2002,40,97340.4
2002,41,91843.7
2002,42,173349
2002,43,87096.2
2002,44,82093.1
2002,45,77572.2
2002,46,80740.9
2002,47,68383.4
2002,48,73437.9
2002,49,59521.8
2002,50,55240
2002,51,51586.8
2002,52,48480.6
2002,53,45789.8
2002,54,43062.5
2002,55,40766.1
2002,56,45265
2002,57,62284.6
2002,58,38811.2
2002,59,36365.7
2002,60,35211.3
2002,61,33810.7
2002,62,32737.6
2002,63,31755.6
2002,64,30867.2
2002,65,66283.1
2002,66,30450.2
2002,67,29576.1
2002,68,28777.5
2002,69,51054.6
2002,70,28002.3
2002,71,27266.4
2002,72,60423.4
2002,73,27673.9
2002,74,41041.5
2002,75,26596.1
2002,76,25390.2
2002,77,24782.3
2002,78,28828.7
2002,79,64940.2
2002,80,24663.5
2002,81,49029.2
2002,82,30320
2002,83,24003.3
2002,84,23336.9
2002,85,32345.5
2002,86,22551.8
2002,87,21874
2002,88,21248.8
2002,89,25431.7
2002,90,50444.3
2002,91,21026.5
2002,92,20471.7
2002,93,179979
2002,94,26727.1
2002,95,26405.1
2002,96,25812.8
2002,97,146398
2002,98,31696.3
2002,99,31517.8
2002,100,30993.4
2002,101,30261.3
2002,102,29401.7
2002,103,66542.9
2002,104,31914.8
2002,105,30268.8
2002,106,122122
2002,107,159014
2002,108,49081.5
2002,109,46910.7
2002,110,44718.4
2002,111,42483.9
2002,112,39290.5
2002,113,333425
2002,114,66357.5
2002,115,63647.4
2002,116,60969.1
2002,117,1367250
2002,118,608150
2002,119,244667
2002,120,380956
2002,121,561144
2002,122,298155
2002,123,284166
2002,124,268262
2002,125,250478
2002,126,230946
2002,127,211266
2002,128,190346
2002,129,238219
2002,130,173259
2002,131,159872
2002,132,138530
2002,133,119177
2002,134,103307
2002,135,90231.4
2002,136,78730.8
2002,137,204586
2002,138,87366.6
2002,139,165180
2002,140,90020.6
2002,141,80884.6
2002,142,76305
2002,143,72255.5
2002,144,68145.9
2002,145,69183.2
2002,146,215328
2002,147,97021
2002,148,78480
2002,149,76624
2002,150,79105
2002,151,74512
2002,152,72367.3
2002,153,70373.9
2002,154,67877
2002,155,65439.4
2002,156,73496.8
2002,157,65753.2
2002,158,85751.8
2002,159,71133.5
2002,160,61725.6
2002,161,59118.6
2002,162,56627.6
2002,163,54429.4
2002,164,52484.4
2002,165,50725.7
2002,166,49151.5
2002,167,47672.3
2002,168,46248.1
2002,169,45138.1
2002,170,43498.3
2002,171,42236.6
2002,172,41101.6
2002,173,48727.3
2002,174,63431.3
2002,175,40903.3
2002,176,39977.5
2002,177,39079
2002,178,38207.4
2002,179,237518
2002,180,53603.7
2002,181,53939.1
2002,182,76555.7
2002,183,78033.3
2002,184,234564
2002,185,77644.3
2002,186,79900.9
2002,187,82055.6
2002,188,83806.4
2002,189,84187.5
2002,190,84918.3
2002,191,84427
2002,192,138784
2002,193,94026.5
2002,194,91266.5
2002,195,88519
2002,196,94491.5
2002,197,108891
2002,198,230566
2002,199,105213
2002,200,101037
2002,201,188794
2002,202,193604
2002,203,119079
2002,204,121062
2002,205,112700
2002,206,109071
2002,207,104290
2002,208,99658.3
2002,209,95758.1
2002,210,92330
2002,211,88896.1
2002,212,84908.4
2002,213,79659.1
2002,214,75066.5
2002,215,70951.1
2002,216,66650
2002,217,62402.7
2002,218,58653.8
2002,219,55326.2
2002,220,52346.4
2002,221,99661.2
2002,222,51041.3
2002,223,48836.3
2002,224,46817.4
2002,225,68395.3
2002,226,109004
2002,227,47169
2002,228,45599.3
2002,229,44241
2002,230,52890.4
2002,231,42332.7
2002,232,45776.6
2002,233,40436.8
2002,234,39484.7
2002,235,38584.2
2002,236,37561.1
2002,237,36570.1
2002,238,35596.5
2002,239,161637
2002,240,40980.5
2002,241,39756.5
2002,242,38719.5
2002,243,37660
2002,244,59945.7
2002,245,149894
2002,246,63826.8
2002,247,188347
2002,248,50862.2
2002,249,50901.3
2002,250,50920.5
2002,251,51221.2
2002,252,51664.7
2002,253,52007.7
2002,254,51418.2
2002,255,50814.7
2002,256,364262
2002,257,83426.9
2002,258,83796.8
2002,259,83549.7
2002,260,81822.2
2002,261,79689.9
2002,262,75949.7
2002,263,72508.6
2002,264,69425.7
2002,265,66482.8
2002,266,98964.8
2002,267,130684
2002,268,67260.2
2002,269,64544.9
2002,270,61949.4
2002,271,57414
2002,272,128132
2002,273,62657.4
2002,274,53664.2
2002,275,0
2002,276,50893.8
2002,277,135750
2002,278,139284
2002,279,57206.3
2002,280,55849.2
2002,281,54769.5
2002,282,53230.3
2002,283,50932.8
2002,284,328470
2002,285,69073.9
2002,286,66273.5
2002,287,72956.2
2002,288,67131.9
2002,289,83937.4
2002,290,61090.4
2002,291,289954
2002,292,101240
2002,293,95366.7
2002,294,82454.7
2002,295,275937
2002,296,120479
2002,297,110004
2002,298,110408
2002,299,110507
2002,300,116198
2002,301,549446
2002,302,205491
2002,303,177020
2002,304,172361
2002,305,162727
2002,306,375521
2002,307,287366
2002,308,290897
2002,309,491853
2002,310,497992
2002,311,282678
2002,312,204330
2002,313,193572
2002,314,205980
2002,315,385713
2002,316,310252
2002,317,355164
2002,318,419494
2002,319,837702
2002,320,1727200
2002,321,1566090
2002,322,1367040
2002,323,1508310
2002,324,1685300
2002,325,1038780
2002,326,807959
2002,327,649621
2002,328,634986
2002,329,510036
2002,330,446286
2002,331,675141
2002,332,433704
2002,333,422486
2002,334,1671350
2002,335,669400
2002,336,679314
2002,337,486417
2002,338,828178
2002,339,445010
2002,340,385621
2002,341,339015
2002,342,318326
2002,343,273554
2002,344,279738
2002,345,389275
2002,346,253037
2002,347,235191
2002,348,642303
2002,349,1692580
2002,350,664914
2002,351,454378
2002,352,435199
2002,353,593695
2002,354,1204070
2002,355,492243
2002,356,458436
2002,357,432396
2002,358,398158
2002,359,365166
2002,360,330558
2002,361,304331
2002,362,299832
2002,363,265888
2002,364,342489
2002,365,234508
2002,366,252709
2003,1,336063
2003,2,210425
2003,3,188742
2003,4,173158
2003,5,162247
2003,6,523049
2003,7,1128340
2003,8,347594
2003,9,274268
2003,10,259968
2003,11,244269
2003,12,228107
2003,13,340437
2003,14,218327
2003,15,949110
2003,16,839611
2003,17,494483
2003,18,389113
2003,19,483507
2003,20,344697
2003,21,303556
2003,22,259469
2003,23,340210
2003,24,253445
2003,25,202984
2003,26,238989
2003,27,212284
2003,28,240844
2003,29,171579
2003,30,149010
2003,31,132924
2003,32,120005
2003,33,109598
2003,34,100939
2003,35,94382.4
2003,36,88516.9
2003,37,83932.3
2003,38,79793
2003,39,76112
2003,40,176621
2003,41,77194.6
2003,42,73548.2
2003,43,70202.9
2003,44,70119.1
2003,45,65471.4
2003,46,62943
2003,47,59413.9
2003,48,57192.8
2003,49,55114.4
2003,50,88210.1
2003,51,52928.7
2003,52,51084.9
2003,53,49330.5
2003,54,186579
2003,55,52313.7
2003,56,50307.2
2003,57,60741.1
2003,58,47929.5
2003,59,61044.2
2003,60,44582
2003,61,42894.7
2003,62,41353.3
2003,63,39909.7
2003,64,110692
2003,65,41480.3
2003,66,39914.8
2003,67,84071.9
2003,68,40299.6
2003,69,38401.8
2003,70,36721.4
2003,71,35192.1
2003,72,33738.1
2003,73,32399.1
2003,74,31145
2003,75,30013.5
2003,76,46646.8
2003,77,49876.1
2003,78,34974.7
2003,79,28203.2
2003,80,27147.5
2003,81,58951.3
2003,82,37151.3
2003,83,26219.7
2003,84,93345.7
2003,85,44872.9
2003,86,306315
2003,87,39302.9
2003,88,39603.2
2003,89,39543.2
2003,90,46402.7
2003,91,242222
2003,92,55432.8
2003,93,55106.9
2003,94,102995
2003,95,59260.1
2003,96,90108.7
2003,97,214585
2003,98,77732
2003,99,74023.5
2003,100,69727
2003,101,62295.9
2003,102,55852.8
2003,103,50178.6
2003,104,46130.2
2003,105,42472.3
2003,106,38580.6
2003,107,35121.9
2003,108,216851
2003,109,68975.1
2003,110,49959.2
2003,111,46262
2003,112,42141.1
2003,113,38559.9
2003,114,40296.6
2003,115,696061
2003,116,176802
2003,117,101627
2003,118,102137
2003,119,364805
2003,120,1858310
2003,121,331440
2003,122,332648
2003,123,321922
2003,124,304302
2003,125,316373
2003,126,296273
2003,127,314190
2003,128,249394
2003,129,230955
2003,130,211368
2003,131,180855
2003,132,161419
2003,133,338417
2003,134,2025900
2003,135,1725440
2003,136,734261
2003,137,535492
2003,138,478604
2003,139,2823240
2003,140,867462
2003,141,704871
2003,142,689049
2003,143,579513
2003,144,523475
2003,145,474369
2003,146,432369
2003,147,401644
2003,148,576157
2003,149,529321
2003,150,380138
2003,151,335527
2003,152,301782
2003,153,279422
2003,154,246629
2003,155,235975
2003,156,208532
2003,157,193853
2003,158,181884
2003,159,243650
2003,160,322121
2003,161,190807
2003,162,182825
2003,163,173649
2003,164,163736
2003,165,240070
2003,166,1039690
2003,167,246496
2003,168,222824
2003,169,229620
2003,170,611796
2003,171,372119
2003,172,279030
2003,173,280943
2003,174,273659
2003,175,350631
2003,176,494030
2003,177,313388
2003,178,303039
2003,179,294861
2003,180,302326
2003,181,271263
2003,182,255429
2003,183,241656
2003,184,255623
2003,185,216169
2003,186,201005
2003,187,188544
2003,188,177548
2003,189,167004
2003,190,156777
2003,191,146876
2003,192,138259
2003,193,130789
2003,194,124238
2003,195,118160
2003,196,112554
2003,197,116099
2003,198,217490
2003,199,109922
2003,200,103411
2003,201,99467.1
2003,202,95785.9
2003,203,92261.7
2003,204,383794
2003,205,108056
2003,206,102637
2003,207,100155
2003,208,97748.4
2003,209,95387.5
2003,210,93083.5
2003,211,90888.8
2003,212,88722.9
2003,213,85896
2003,214,83161.8
2003,215,86411.2
2003,216,135211
2003,217,80583.1
2003,218,78367.4
2003,219,74972.3
2003,220,71846.4
2003,221,68959.3
2003,222,66295.4
2003,223,63818.2
2003,224,61445.5
2003,225,59222.9
2003,226,57197.9
2003,227,55327.5
2003,228,53566.8
2003,229,51920.4
2003,230,50362.1
2003,231,48748.2
2003,232,47236.6
2003,233,45826.4
2003,234,44489.9
2003,235,43207.7
2003,236,41992.2
2003,237,40844.7
2003,238,39755.7
2003,239,38710.6
2003,240,37697.4
2003,241,36703.2
2003,242,35757
2003,243,34869.6
2003,244,33994
2003,245,33134.1
2003,246,32298.2
2003,247,32069.1
2003,248,30817.5
2003,249,29915.6
2003,250,92660.3
2003,251,30573.8
2003,252,29975.2
2003,253,29392.8
2003,254,28828.9
2003,255,28281.1
2003,256,27736.3
2003,257,27206.4
2003,258,26704.3
2003,259,26225.8
2003,260,25765.3
2003,261,25321.9
2003,262,24898.5
2003,263,24482.2
2003,264,24062
2003,265,23513.3
2003,266,22981.7
2003,267,22466.5
2003,268,69760.4
2003,269,23012.1
2003,270,22599.6
2003,271,22218
2003,272,21854.9
2003,273,21494.5
2003,274,21127.2
2003,275,0
2003,276,20757.3
2003,277,20384.6
2003,278,20035
2003,279,19713.3
2003,280,19378.8
2003,281,19047.4
2003,282,18742.4
2003,283,18435.1
2003,284,18043.6
2003,285,17683.5
2003,286,17342.6
2003,287,16994.3
2003,288,16646
2003,289,16318.6
2003,290,15993.9
2003,291,15656.9
2003,292,15313.8
2003,293,14979.7
2003,294,14674.3
2003,295,159131
2003,296,36652.3
2003,297,21276.5
2003,298,37998.1
2003,299,71431.5
2003,300,112327
2003,301,130836
2003,302,136000
2003,303,185022
2003,304,549965
2003,305,529606
2003,306,147235
2003,307,169502
2003,308,208325
2003,309,257771
2003,310,407543
2003,311,707325
2003,312,334762
2003,313,333566
2003,314,366627
2003,315,408378
2003,316,443054
2003,317,725343
2003,318,655385
2003,319,884148
2003,320,1016200
2003,321,1022910
2003,322,1077160
2003,323,1284060
2003,324,1765280
2003,325,1733970
2003,326,1878200
2003,327,2417400
2003,328,2959160
2003,329,2939780
2003,330,3142200
2003,331,1859390
2003,332,2455170
2003,333,1194090
2003,334,951792
2003,335,793389
2003,336,661844
2003,337,704209
2003,338,709320
2003,339,518045
2003,340,449506
2003,341,424931
2003,342,361311
2003,343,384655
2003,344,343850
2003,345,287425
2003,346,261245
2003,347,377258
2003,348,264334
2003,349,257892
2003,350,226216
2003,351,213828
2003,352,202991
2003,353,193089
2003,354,184303
2003,355,176292
2003,356,174955
2003,357,182940
2003,358,158805
2003,359,177437
2003,360,200512
2003,361,151918
2003,362,239330
2003,363,147099
2003,364,210330
2003,365,140648
2003,366,135395
2004,1,531557
2004,2,804900
2004,3,227745
2004,4,378493
2004,5,324117
2004,6,263016
2004,7,237152
2004,8,772887
2004,9,313617
2004,10,303738
2004,11,270921
2004,12,505644
2004,13,497882
2004,14,488566
2004,15,440196
2004,16,305164
2004,17,264722
2004,18,243605
2004,19,330530
2004,20,221226
2004,21,1645560
2004,22,1110530
2004,23,762498
2004,24,452054
2004,25,395487
2004,26,345916
2004,27,299312
2004,28,259825
2004,29,228444
2004,30,202387
2004,31,180858
2004,32,163474
2004,33,148781
2004,34,135531
2004,35,131243
2004,36,114974
2004,37,103111
2004,38,115316
2004,39,90752
2004,40,125980
2004,41,175502
2004,42,281192
2004,43,97026.7
2004,44,91251.3
2004,45,86103.1
2004,46,83154.8
2004,47,129125
2004,48,84463.3
2004,49,157816
2004,50,78977.8
2004,51,75613.7
2004,52,234000
2004,53,390831
2004,54,424970
2004,55,168971
2004,56,138704
2004,57,127388
2004,58,246020
2004,59,124937
2004,60,115733
2004,61,107166
2004,62,103915
2004,63,287672
2004,64,129275
2004,65,155747
2004,66,290950
2004,67,394468
2004,68,175940
2004,69,144462
2004,70,254766
2004,71,195955
2004,72,159388
2004,73,498845
2004,74,167312
2004,75,155569
2004,76,134308
2004,77,121779
2004,78,126838
2004,79,113035
2004,80,95060.9
2004,81,85445
2004,82,76421.2
2004,83,69009.5
2004,84,94337.4
2004,85,62754.5
2004,86,58089.5
2004,87,54050.9
2004,88,49817.7
2004,89,47767.1
2004,90,43826.7
2004,91,156491
2004,92,53151.5
2004,93,46737.8
2004,94,760530
2004,95,1450340
2004,96,1998440
2004,97,988588
2004,98,362749
2004,99,379782
2004,100,384156
2004,101,375067
2004,102,358836
2004,103,338593
2004,104,314532
2004,105,289483
2004,106,338891
2004,107,325646
2004,108,1485970
2004,109,548478
2004,110,440543
2004,111,360929
2004,112,553258
2004,113,302426
2004,114,256334
2004,115,402784
2004,116,1494160
2004,117,434702
2004,118,443694
2004,119,367976
2004,120,412330
2004,121,689079
2004,122,439291
2004,123,359433
2004,124,337567
2004,125,318291
2004,126,276421
2004,127,520674
2004,128,299299
2004,129,279039
2004,130,257280
2004,131,229043
2004,132,205883
2004,133,186757
2004,134,171452
2004,135,158665
2004,136,146689
2004,137,803207
2004,138,427594
2004,139,254448
2004,140,243202
2004,141,233061
2004,142,309389
2004,143,224841
2004,144,223829
2004,145,205647
2004,146,198651
2004,147,191511
2004,148,185933
2004,149,355661
2004,150,1352350
2004,151,530564
2004,152,1738620
2004,153,567449
2004,154,530696
2004,155,491902
2004,156,540237
2004,157,435500
2004,158,400566
2004,159,741913
2004,160,451249
2004,161,408210
2004,162,382518
2004,163,360019
2004,164,335804
2004,165,340020
2004,166,363417
2004,167,375223
2004,168,276427
2004,169,254025
2004,170,235641
2004,171,233361
2004,172,217222
2004,173,1526430
2004,174,443343
2004,175,379858
2004,176,348374
2004,177,320044
2004,178,617755
2004,179,328120
2004,180,313432
2004,181,312278
2004,182,886232
2004,183,431425
2004,184,391730
2004,185,383073
2004,186,362433
2004,187,347343
2004,188,316159
2004,189,289839
2004,190,268650
2004,191,251369
2004,192,236854
2004,193,220478
2004,194,226378
2004,195,2016210
2004,196,402655
2004,197,363732
2004,198,330712
2004,199,302631
2004,200,278527
2004,201,367286
2004,202,253702
2004,203,236557
2004,204,221461
2004,205,208016
2004,206,195774
2004,207,184247
2004,208,933447
2004,209,270871
2004,210,240848
2004,211,218607
2004,212,200457
2004,213,186836
2004,214,381198
2004,215,186001
2004,216,174712
2004,217,194004
2004,218,550855
2004,219,1165730
2004,220,360803
2004,221,290807
2004,222,284324
2004,223,264068
2004,224,246099
2004,225,231524
2004,226,220142
2004,227,209715
2004,228,198611
2004,229,186440
2004,230,176027
2004,231,166782
2004,232,158078
2004,233,147810
2004,234,135754
2004,235,125721
2004,236,117243
2004,237,109939
2004,238,103672
2004,239,98289.2
2004,240,93522.7
2004,241,89198
2004,242,85244
2004,243,81644.7
2004,244,78383.2
2004,245,75427.2
2004,246,72675.4
2004,247,70088.3
2004,248,67668.4
2004,249,65369.7
2004,250,63190.2
2004,251,61155.7
2004,252,73234.5
2004,253,58043.2
2004,254,56318.8
2004,255,54687
2004,256,53087.3
2004,257,51549
2004,258,50085.1
2004,259,48669.6
2004,260,47303.8
2004,261,46014.4
2004,262,44801.2
2004,263,43630.3
2004,264,42488.6
2004,265,41380.4
2004,266,40309.5
2004,267,55515.3
2004,268,38767.7
2004,269,37798.8
2004,270,36866.3
2004,271,35972.3
2004,272,35111
2004,273,34273.7
2004,274,33460
2004,275,32661.6
2004,276,31871.9
2004,277,35215.2
2004,278,30453.3
2004,279,131372
2004,280,61741.9
2004,281,159333
2004,282,91432.1
2004,283,55953.5
2004,284,38379.5
2004,285,39556.5
2004,286,39289.2
2004,287,39135.4
2004,288,39531
2004,289,39922.9
2004,290,40264.5
2004,291,40590.8
2004,292,40918.7
2004,293,41228.7
2004,294,40752.2
2004,295,39930.4
2004,296,38500.8
2004,297,37027.3
2004,298,35605.8
2004,299,57036.6
2004,300,73464.9
2004,301,83585.9
2004,302,249160
2004,303,190180
2004,304,270730
2004,305,379545
2004,306,619396
2004,307,1570670
2004,308,1142700
2004,309,1122790
2004,310,1303060
2004,311,505749
2004,312,575264
2004,313,631283
2004,314,694341
2004,315,753617
2004,316,825607
2004,317,901257
2004,318,1928850
2004,319,2695370
2004,320,1871060
2004,321,1847470
2004,322,1005130
2004,323,785740
2004,324,620988
2004,325,493584
2004,326,405324
2004,327,374996
2004,328,380752
2004,329,516864
2004,330,329743
2004,331,589944
2004,332,725213
2004,333,432664
2004,334,345669
2004,335,302858
2004,336,266133
2004,337,238221
2004,338,553557
2004,339,295892
2004,340,252015
2004,341,313564
2004,342,255501
2004,343,343648
2004,344,290342
2004,345,369265
2004,346,662461
2004,347,324454
2004,348,336841
2004,349,283720
2004,350,237328
2004,351,386372
2004,352,233465
2004,353,213662
2004,354,214325
2004,355,191145
2004,356,226219
2004,357,172790
2004,358,163831
2004,359,165498
2004,360,148259
2004,361,131015
2004,362,554756
2004,363,207837
2004,364,191254
2004,365,158804
2004,366,149189
2005,1,288775
2005,2,212452
2005,3,375594
2005,4,175101
2005,5,164849
2005,6,352209
2005,7,241477
2005,8,193918
2005,9,170946
2005,10,244662
2005,11,159766
2005,12,145699
2005,13,134268
2005,14,124426
2005,15,142487
2005,16,117773
2005,17,102941
2005,18,312001
2005,19,141656
2005,20,111736
2005,21,102443
2005,22,94376.6
2005,23,143652
2005,24,87850.8
2005,25,81267.3
2005,26,190584
2005,27,262727
2005,28,98393.3
2005,29,139721
2005,30,95296.4
2005,31,89828.4
2005,32,87137.4
2005,33,76583.9
2005,34,70819
2005,35,65857.5
2005,36,146269
2005,37,67822.7
2005,38,98199.6
2005,39,68284.6
2005,40,60188.7
2005,41,56008.5
2005,42,51931.9
2005,43,235543
2005,44,68769.9
2005,45,370572
2005,46,212088
2005,47,179172
2005,48,109675
2005,49,160930
2005,50,374822
2005,51,119988
2005,52,112472
2005,53,103802
2005,54,297081
2005,55,119363
2005,56,111482
2005,57,220434
2005,58,1179350
2005,59,364221
2005,60,251137
2005,61,283054
2005,62,457137
2005,63,278432
2005,64,226394
2005,65,193457
2005,66,444186
2005,67,206672
2005,68,177013
2005,69,157772
2005,70,141178
2005,71,126366
2005,72,255514
2005,73,143360
2005,74,921374
2005,75,716967
2005,76,269228
2005,77,524866
2005,78,332805
2005,79,254340
2005,80,217046
2005,81,197889
2005,82,446623
2005,83,478413
2005,84,242586
2005,85,296888
2005,86,213606
2005,87,190916
2005,88,171546
2005,89,147937
2005,90,205372
2005,91,127907
2005,92,299222
2005,93,136001
2005,94,121022
2005,95,109986
2005,96,100825
2005,97,91727.9
2005,98,83578.4
2005,99,77202.2
2005,100,71765.4
2005,101,791869
2005,102,718573
2005,103,193466
2005,104,190606
2005,105,184069
2005,106,176566
2005,107,165093
2005,108,155010
2005,109,145645
2005,110,2477050
2005,111,4371670
2005,112,818947
2005,113,797035
2005,114,751653
2005,115,686880
2005,116,583521
2005,117,488887
2005,118,422039
2005,119,362447
2005,120,350377
2005,121,1765960
2005,122,648327
2005,123,696376
2005,124,540351
2005,125,502047
2005,126,385724
2005,127,328757
2005,128,288122
2005,129,258454
2005,130,234952
2005,131,215499
2005,132,199560
2005,133,186831
2005,134,176470
2005,135,167445
2005,136,158246
2005,137,154733
2005,138,452636
2005,139,245663
2005,140,176904
2005,141,287692
2005,142,737790
2005,143,260459
2005,144,345652
2005,145,252461
2005,146,249799
2005,147,246636
2005,148,242227
2005,149,236483
2005,150,230210
2005,151,223700
2005,152,223715
2005,153,302991
2005,154,220584
2005,155,203490
2005,156,251162
2005,157,201064
2005,158,344772
2005,159,229959
2005,160,193401
2005,161,182342
2005,162,174828
2005,163,164982
2005,164,157903
2005,165,151934
2005,166,207266
2005,167,151340
2005,168,145762
2005,169,140600
2005,170,135783
2005,171,130734
2005,172,126350
2005,173,121204
2005,174,180234
2005,175,116091
2005,176,109903
2005,177,104322
2005,178,592976
2005,179,450249
2005,180,174573
2005,181,186157
2005,182,1753840
2005,183,360809
2005,184,393975
2005,185,1385050
2005,186,522380
2005,187,522497
2005,188,514175
2005,189,496495
2005,190,475365
2005,191,723400
2005,192,507278
2005,193,942472
2005,194,1722810
2005,195,900766
2005,196,676996
2005,197,531860
2005,198,422689
2005,199,360207
2005,200,309145
2005,201,271154
2005,202,242648
2005,203,221293
2005,204,204695
2005,205,190460
2005,206,176510
2005,207,1255100
2005,208,283193
2005,209,256076
2005,210,234864
2005,211,218441
2005,212,205661
2005,213,194831
2005,214,185140
2005,215,185840
2005,216,169701
2005,217,176308
2005,218,975785
2005,219,315054
2005,220,243659
2005,221,235642
2005,222,216740
2005,223,200940
2005,224,187601
2005,225,176087
2005,226,165865
2005,227,165759
2005,228,392115
2005,229,949411
2005,230,249199
2005,231,239954
2005,232,230344
2005,233,213510
2005,234,198992
2005,235,186463
2005,236,175846
2005,237,166744
2005,238,158625
2005,239,151344
2005,240,144570
2005,241,138219
2005,242,132594
2005,243,126419
2005,244,118185
2005,245,110982
2005,246,104732
2005,247,99269.5
2005,248,94395.7
2005,249,89998.3
2005,250,85963.8
2005,251,82243.6
2005,252,78789.3
2005,253,75554.2
2005,254,99089.7
2005,255,320092
2005,256,83817.5
2005,257,81624.7
2005,258,79533.3
2005,259,77519.5
2005,260,75573.5
2005,261,82434.3
2005,262,237610
2005,263,81418.8
2005,264,80299
2005,265,79257.4
2005,266,78124.6
2005,267,76861.8
2005,268,75505
2005,269,73941.3
2005,270,71141
2005,271,68552.5
2005,272,66078.1
2005,273,63757.3
2005,274,61575.8
2005,275,0
2005,276,59471.6
2005,277,57476.7
2005,278,55140.3
2005,279,53010.6
2005,280,51011.6
2005,281,49108.7
2005,282,75007.4
2005,283,47174.2
2005,284,45638.6
2005,285,44227.8
2005,286,42861.5
2005,287,41528.1
2005,288,40260.9
2005,289,39077.5
2005,290,37958.3
2005,291,36888.4
2005,292,35861
2005,293,34865.6
2005,294,33898.6
2005,295,74377.6
2005,296,35095.8
2005,297,32957.3
2005,298,439486
2005,299,50253
2005,300,49058.7
2005,301,49569.8
2005,302,143481
2005,303,2512530
2005,304,1214080
2005,305,427694
2005,306,558969
2005,307,699459
2005,308,8146760
2005,309,3198830
2005,310,1885940
2005,311,1849380
2005,312,1723030
2005,313,1816170
2005,314,1790650
2005,315,1932500
2005,316,2090010
2005,317,2275080
2005,318,2142900
2005,319,1256150
2005,320,936478
2005,321,756464
2005,322,628647
2005,323,511899
2005,324,429802
2005,325,371319
2005,326,371134
2005,327,307635
2005,328,320470
2005,329,684949
2005,330,593089
2005,331,364634
2005,332,337587
2005,333,424979
2005,334,316563
2005,335,277823
2005,336,379232
2005,337,269250
2005,338,286406
2005,339,245506
2005,340,235065
2005,341,223441
2005,342,212921
2005,343,202593
2005,344,190065
2005,345,177685
2005,346,166512
2005,347,156473
2005,348,147720
2005,349,140360
2005,350,242399
2005,351,150757
2005,352,136151
2005,353,128323
2005,354,122464
2005,355,117143
2005,356,112265
2005,357,117691
2005,358,115479
2005,359,101835
2005,360,117929
2005,361,108968
2005,362,95223
2005,363,136081
2005,364,189855
2005,365,102374
2005,366,121481
2006,1,90994.3
2006,2,87603.5
2006,3,84295.7
2006,4,116152
2006,5,81956.7
2006,6,77927.3
2006,7,262263
2006,8,87476.9
2006,9,96400.1
2006,10,156573
2006,11,111063
2006,12,150246
2006,13,87658.4
2006,14,78398.6
2006,15,73576.7
2006,16,70772.8
2006,17,183400
2006,18,103366
2006,19,78630.5
2006,20,70534
2006,21,66632.2
2006,22,61712.9
2006,23,67404.5
2006,24,55084.8
2006,25,51539.1
2006,26,48236.8
2006,27,45162.5
2006,28,42559.3
2006,29,59462.2
2006,30,151887
2006,31,48931.7
2006,32,93504.8
2006,33,44449.1
2006,34,41862.4
2006,35,39524.6
2006,36,164449
2006,37,56452
2006,38,99432.7
2006,39,369571
2006,40,148989
2006,41,72342.5
2006,42,70468.2
2006,43,76526.2
2006,44,76080.4
2006,45,60536.9
2006,46,74690.8
2006,47,54394.7
2006,48,102724
2006,49,55857
2006,50,73128.3
2006,51,47043.6
2006,52,42832.2
2006,53,49491.1
2006,54,36274.8
2006,55,35335.4
2006,56,50815.9
2006,57,62609.3
2006,58,75514.8
2006,59,32050.9
2006,60,29885.5
2006,61,27982.3
2006,62,88696
2006,63,29245.1
2006,64,27494.5
2006,65,25769.1
2006,66,24338.1
2006,67,43277.6
2006,68,23442.2
2006,69,22441.6
2006,70,165735
2006,71,30237.6
2006,72,28290.6
2006,73,26616.7
2006,74,147288
2006,75,197740
2006,76,120250
2006,77,45620.6
2006,78,81334.3
2006,79,45316.9
2006,80,43529.4
2006,81,42039.1
2006,82,41595.3
2006,83,37344.5
2006,84,35232
2006,85,32391.5
2006,86,30021.5
2006,87,27978.1
2006,88,26156.2
2006,89,28639.4
2006,90,43408.5
2006,91,39261.9
2006,92,329236
2006,93,228775
2006,94,56370.3
2006,95,53054.5
2006,96,50545.4
2006,97,48279.6
2006,98,46151.7
2006,99,44022.6
2006,100,41893.5
2006,101,39813.6
2006,102,37835
2006,103,36060.9
2006,104,34368.5
2006,105,32469.9
2006,106,30466.4
2006,107,47343.1
2006,108,36484.2
2006,109,47480.1
2006,110,35897.1
2006,111,24379.9
2006,112,22523.6
2006,113,25703.8
2006,114,20055.8
2006,115,18940.8
2006,116,18003.7
2006,117,17239.3
2006,118,23914.6
2006,119,339047
2006,120,36847.2
2006,121,36056
2006,122,172785
2006,123,47174
2006,124,48008.3
2006,125,48094.4
2006,126,47732.5
2006,127,47123.9
2006,128,46195.3
2006,129,45037.1
2006,130,1129850
2006,131,2026170
2006,132,361091
2006,133,400760
2006,134,730038
2006,135,2704740
2006,136,2070890
2006,137,1408040
2006,138,865025
2006,139,776766
2006,140,717137
2006,141,620732
2006,142,527029
2006,143,465789
2006,144,429925
2006,145,1611940
2006,146,725111
2006,147,775443
2006,148,1769140
2006,149,797649
2006,150,630795
2006,151,529410
2006,152,454067
2006,153,398978
2006,154,356968
2006,155,472640
2006,156,335856
2006,157,310476
2006,158,288858
2006,159,269875
2006,160,341462
2006,161,251532
2006,162,233706
2006,163,466452
2006,164,256921
2006,165,236476
2006,166,223177
2006,167,211577
2006,168,201571
2006,169,396527
2006,170,781993
2006,171,299217
2006,172,294038
2006,173,288866
2006,174,283213
2006,175,313136
2006,176,321207
2006,177,277604
2006,178,267127
2006,179,257514
2006,180,248572
2006,181,240222
2006,182,231221
2006,183,1326270
2006,184,432598
2006,185,377591
2006,186,340674
2006,187,311367
2006,188,286596
2006,189,265404
2006,190,246787
2006,191,230349
2006,192,216152
2006,193,203661
2006,194,192950
2006,195,183693
2006,196,174854
2006,197,166551
2006,198,154570
2006,199,144571
2006,200,135869
2006,201,128256
2006,202,121634
2006,203,115794
2006,204,110584
2006,205,105832
2006,206,101428
2006,207,97301.3
2006,208,93401
2006,209,297187
2006,210,103732
2006,211,95652.8
2006,212,92633
2006,213,495210
2006,214,111455
2006,215,110581
2006,216,109500
2006,217,284470
2006,218,153109
2006,219,121775
2006,220,124974
2006,221,119557
2006,222,117923
2006,223,115922
2006,224,111533
2006,225,107171
2006,226,549889
2006,227,146342
2006,228,137529
2006,229,1137790
2006,230,223686
2006,231,216607
2006,232,205832
2006,233,2899750
2006,234,442250
2006,235,415970
2006,236,426553
2006,237,358232
2006,238,327622
2006,239,299792
2006,240,274444
2006,241,246657
2006,242,223826
2006,243,204160
2006,244,344259
2006,245,255586
2006,246,354270
2006,247,193200
2006,248,167328
2006,249,1082520
2006,250,1015000
2006,251,314347
2006,252,273568
2006,253,252901
2006,254,235564
2006,255,220829
2006,256,207885
2006,257,198445
2006,258,192512
2006,259,185172
2006,260,175729
2006,261,164388
2006,262,154215
2006,263,187422
2006,264,139555
2006,265,127585
2006,266,117806
2006,267,109581
2006,268,102549
2006,269,96507.3
2006,270,91358
2006,271,86916
2006,272,82986.6
2006,273,79482.1
2006,274,76283.9
2006,275,0
2006,276,73375.7
2006,277,70724.5
2006,278,68338.2
2006,279,66074.7
2006,280,63959.1
2006,281,61978
2006,282,60123.6
2006,283,58373.5
2006,284,115271
2006,285,60172.6
2006,286,56522.6
2006,287,70153.4
2006,288,719823
2006,289,209354
2006,290,230171
2006,291,312629
2006,292,116604
2006,293,120444
2006,294,123903
2006,295,127680
2006,296,131551
2006,297,134731
2006,298,137100
2006,299,169166
2006,300,175313
2006,301,180884
2006,302,223193
2006,303,274220
2006,304,336206
2006,305,419795
2006,306,549296
2006,307,933741
2006,308,893103
2006,309,1749000
2006,310,1640770
2006,311,1562460
2006,312,1546760
2006,313,1381510
2006,314,748976
2006,315,674381
2006,316,603798
2006,317,534487
2006,318,468219
2006,319,444336
2006,320,585235
2006,321,405063
2006,322,342005
2006,323,298759
2006,324,259226
2006,325,225512
2006,326,197361
2006,327,175202
2006,328,974083
2006,329,704820
2006,330,565224
2006,331,391918
2006,332,311539
2006,333,290358
2006,334,271205
2006,335,251736
2006,336,233866
2006,337,217526
2006,338,202968
2006,339,189805
2006,340,177445
2006,341,166071
2006,342,156334
2006,343,143499
2006,344,131731
2006,345,121375
2006,346,112682
2006,347,318148
2006,348,376548
2006,349,349797
2006,350,186335
2006,351,342582
2006,352,219427
2006,353,210857
2006,354,269589
2006,355,374931
2006,356,200371
2006,357,245751
2006,358,200018
2006,359,184129
2006,360,175863
2006,361,165884
2006,362,232968
2006,363,153338
2006,364,137154
2006,365,123509
2006,366,183976
2007,1,120645
2007,2,171776
2007,3,123198
2007,4,338943
2007,5,172490
2007,6,123034
2007,7,113382
2007,8,260609
2007,9,149582
2007,10,218377
2007,11,122112
2007,12,114149
2007,13,107669
2007,14,101107
2007,15,135176
2007,16,94467.2
2007,17,87984.5
2007,18,82028.1
2007,19,75059.4
2007,20,141554
2007,21,102336
2007,22,72570
2007,23,76399.9
2007,24,105328
2007,25,157889
2007,26,989571
2007,27,2378800
2007,28,7906440
2007,29,2552450
2007,30,860632
2007,31,1097000
2007,32,710468
2007,33,748160
2007,34,586098
2007,35,712913
2007,36,479029
2007,37,409713
2007,38,354694
2007,39,306846
2007,40,264525
2007,41,222952
2007,42,272343
2007,43,348543
2007,44,205859
2007,45,164826
2007,46,180767
2007,47,132164
2007,48,118368
2007,49,113064
2007,50,108173
2007,51,95329
2007,52,310641
2007,53,405459
2007,54,129470
2007,55,122762
2007,56,116844
2007,57,111660
2007,58,128680
2007,59,226664
2007,60,108148
2007,61,114102
2007,62,97138.3
2007,63,92165.6
2007,64,86300.6
2007,65,125411
2007,66,83740.5
2007,67,78330.4
2007,68,73051.5
2007,69,147787
2007,70,73591.4
2007,71,69424.9
2007,72,65839.1
2007,73,62685.4
2007,74,59705.3
2007,75,57149.8
2007,76,68720.9
2007,77,136351
2007,78,57900.5
2007,79,55617.6
2007,80,53397.7
2007,81,216717
2007,82,89301.4
2007,83,61524.5
2007,84,59058.6
2007,85,56746.8
2007,86,55110
2007,87,248528
2007,88,173762
2007,89,621613
2007,90,166369
2007,91,1726210
2007,92,285265
2007,93,277128
2007,94,412164
2007,95,662153
2007,96,429691
2007,97,325051
2007,98,372476
2007,99,295511
2007,100,266275
2007,101,241692
2007,102,274540
2007,103,207563
2007,104,181371
2007,105,160660
2007,106,150399
2007,107,829596
2007,108,790372
2007,109,345209
2007,110,272451
2007,111,238772
2007,112,262335
2007,113,216700
2007,114,187044
2007,115,172834
2007,116,213320
2007,117,177699
2007,118,151115
2007,119,141701
2007,120,133157
2007,121,782656
2007,122,391065
2007,123,296829
2007,124,447124
2007,125,246590
2007,126,225758
2007,127,303306
2007,128,209512
2007,129,196027
2007,130,184567
2007,131,173004
2007,132,161669
2007,133,151397
2007,134,188937
2007,135,225515
2007,136,151398
2007,137,140507
2007,138,129603
2007,139,119742
2007,140,568130
2007,141,178082
2007,142,447247
2007,143,669405
2007,144,255255
2007,145,249663
2007,146,245554
2007,147,238526
2007,148,239304
2007,149,227469
2007,150,424811
2007,151,2172960
2007,152,563289
2007,153,548780
2007,154,523880
2007,155,684492
2007,156,666151
2007,157,478970
2007,158,429095
2007,159,387566
2007,160,352022
2007,161,337669
2007,162,870631
2007,163,423167
2007,164,388627
2007,165,363203
2007,166,472145
2007,167,384249
2007,168,342656
2007,169,291522
2007,170,2105440
2007,171,562713
2007,172,527534
2007,173,496259
2007,174,467717
2007,175,441665
2007,176,418116
2007,177,597034
2007,178,410222
2007,179,383842
2007,180,360388
2007,181,336715
2007,182,314826
2007,183,295238
2007,184,277651
2007,185,738214
2007,186,330367
2007,187,300144
2007,188,277746
2007,189,260120
2007,190,245018
2007,191,231871
2007,192,218953
2007,193,207812
2007,194,197742
2007,195,188604
2007,196,180394
2007,197,244802
2007,198,179150
2007,199,189338
2007,200,161812
2007,201,152208
2007,202,221715
2007,203,144173
2007,204,137158
2007,205,130704
2007,206,265451
2007,207,254068
2007,208,149940
2007,209,333829
2007,210,260056
2007,211,177456
2007,212,174189
2007,213,171398
2007,214,168174
2007,215,165071
2007,216,450266
2007,217,203225
2007,218,193846
2007,219,189295
2007,220,929050
2007,221,1059750
2007,222,962422
2007,223,1192400
2007,224,460590
2007,225,414437
2007,226,373580
2007,227,342460
2007,228,522895
2007,229,551553
2007,230,1120650
2007,231,518602
2007,232,485132
2007,233,446131
2007,234,398883
2007,235,346402
2007,236,301255
2007,237,264603
2007,238,233913
2007,239,210416
2007,240,192167
2007,241,177813
2007,242,165655
2007,243,154044
2007,244,143420
2007,245,132540
2007,246,123396
2007,247,115567
2007,248,108878
2007,249,103198
2007,250,98336.3
2007,251,94083.6
2007,252,90268.2
2007,253,86786.1
2007,254,83593.8
2007,255,80634.9
2007,256,77871.3
2007,257,75291.4
2007,258,72863.3
2007,259,70577.8
2007,260,68432.5
2007,261,66412.3
2007,262,64501.2
2007,263,62677
2007,264,60936.8
2007,265,59280.9
2007,266,57672.1
2007,267,56094.9
2007,268,56697.7
2007,269,53217.6
2007,270,51860.9
2007,271,50552.1
2007,272,49273.7
2007,273,48030.7
2007,274,46832.9
2007,275,0
2007,276,45680.7
2007,277,434478
2007,278,62557.1
2007,279,56738.2
2007,280,57126
2007,281,57568.8
2007,282,58045
2007,283,58450.5
2007,284,58737.9
2007,285,58811.5
2007,286,58654.4
2007,287,58336.3
2007,288,57809.1
2007,289,153551
2007,290,388943
2007,291,89488.6
2007,292,86770.2
2007,293,84055.8
2007,294,81232.5
2007,295,78420.2
2007,296,75706.5
2007,297,258836
2007,298,86648.7
2007,299,267046
2007,300,202613
2007,301,497790
2007,302,399237
2007,303,505207
2007,304,651933
2007,305,805937
2007,306,994141
2007,307,1880910
2007,308,1311240
2007,309,1405460
2007,310,2443010
2007,311,857348
2007,312,793936
2007,313,729267
2007,314,658656
2007,315,647142
2007,316,640657
2007,317,696913
2007,318,1173200
2007,319,773157
2007,320,655539
2007,321,2701170
2007,322,1798290
2007,323,984950
2007,324,879752
2007,325,572644
2007,326,433062
2007,327,352120
2007,328,295466
2007,329,261080
2007,330,229677
2007,331,431970
2007,332,247675
2007,333,258838
2007,334,241382
2007,335,214139
2007,336,202405
2007,337,242786
2007,338,191390
2007,339,163944
2007,340,154117
2007,341,145945
2007,342,139074
2007,343,133123
2007,344,127595
2007,345,122352
2007,346,196753
2007,347,181252
2007,348,127448
2007,349,116896
2007,350,112165
2007,351,107450
2007,352,266709
2007,353,114253
2007,354,111040
2007,355,118166
2007,356,110195
2007,357,99597.3
2007,358,95872.4
2007,359,92194.2
2007,360,88544.7
2007,361,84632.8
2007,362,80965.1
2007,363,133975
2007,364,104710
2007,365,79096.4
2007,366,76002.5
2008,1,79371.1
2008,2,71090.5
2008,3,69503.3
2008,4,110452
2008,5,81615.2
2008,6,67427.5
2008,7,61727.2
2008,8,59513.7
2008,9,270856
2008,10,68960.9
2008,11,67603.4
2008,12,71043.8
2008,13,117006
2008,14,69156.7
2008,15,61458.6
2008,16,59357.5
2008,17,90036.2
2008,18,61060
2008,19,54530.8
2008,20,112178
2008,21,61727.3
2008,22,124265
2008,23,58266.8
2008,24,54291.8
2008,25,50833
2008,26,47557.3
2008,27,44451.3
2008,28,164994
2008,29,144682
2008,30,54908.1
2008,31,57367.6
2008,32,49571.5
2008,33,46977.6
2008,34,44847.4
2008,35,196840
2008,36,454811
2008,37,112400
2008,38,84238.5
2008,39,147965
2008,40,81888.1
2008,41,81612.6
2008,42,155794
2008,43,75975.3
2008,44,68907.6
2008,45,63150.4
2008,46,65785
2008,47,53629
2008,48,49984.4
2008,49,160207
2008,50,224445
2008,51,72954.8
2008,52,64359.5
2008,53,57799.3
2008,54,1158850
2008,55,158407
2008,56,150528
2008,57,138726
2008,58,500063
2008,59,432108
2008,60,215785
2008,61,175197
2008,62,159884
2008,63,145195
2008,64,127899
2008,65,241547
2008,66,127779
2008,67,111367
2008,68,147410
2008,69,270272
2008,70,247763
2008,71,174192
2008,72,550876
2008,73,165680
2008,74,142029
2008,75,122806
2008,76,108241
2008,77,96640.2
2008,78,98954.3
2008,79,88331.2
2008,80,74157.2
2008,81,68212
2008,82,161219
2008,83,331159
2008,84,120085
2008,85,107971
2008,86,104008
2008,87,89962.5
2008,88,84443
2008,89,67889.7
2008,90,61848.9
2008,91,56694
2008,92,52300.1
2008,93,48726.9
2008,94,45904.4
2008,95,43556.9
2008,96,41456.3
2008,97,39284
2008,98,36974.5
2008,99,35033.4
2008,100,33383.2
2008,101,117143
2008,102,42636.7
2008,103,40354
2008,104,370036
2008,105,53825.7
2008,106,53563.5
2008,107,154203
2008,108,261022
2008,109,77837.3
2008,110,79934.9
2008,111,81080.9
2008,112,81346.7
2008,113,80727.4
2008,114,79129
2008,115,77675.9
2008,116,73105.6
2008,117,69633
2008,118,66040.4
2008,119,64535.1
2008,120,271517
2008,121,123271
2008,122,84712.3
2008,123,77163.1
2008,124,70581.4
2008,125,64831.9
2008,126,59691.3
2008,127,55077.4
2008,128,51094.1
2008,129,68672.4
2008,130,47565.8
2008,131,48180.4
2008,132,807500
2008,133,174633
2008,134,1904540
2008,135,360551
2008,136,314192
2008,137,318879
2008,138,317063
2008,139,309864
2008,140,297715
2008,141,282010
2008,142,992201
2008,143,433253
2008,144,386114
2008,145,357555
2008,146,711042
2008,147,762602
2008,148,481900
2008,149,1003870
2008,150,1498600
2008,151,601079
2008,152,522523
2008,153,459429
2008,154,407387
2008,155,365190
2008,156,331728
2008,157,296929
2008,158,269030
2008,159,248331
2008,160,230583
2008,161,211897
2008,162,195611
2008,163,230379
2008,164,180581
2008,165,165496
2008,166,153431
2008,167,183095
2008,168,142181
2008,169,141224
2008,170,177099
2008,171,131376
2008,172,318531
2008,173,185580
2008,174,312681
2008,175,148853
2008,176,250752
2008,177,155775
2008,178,152976
2008,179,150077
2008,180,156533
2008,181,145515
2008,182,142221
2008,183,319220
2008,184,199784
2008,185,161207
2008,186,155830
2008,187,148653
2008,188,142319
2008,189,135931
2008,190,129752
2008,191,123223
2008,192,117159
2008,193,111592
2008,194,106491
2008,195,103353
2008,196,104424
2008,197,94229.2
2008,198,89807.3
2008,199,85819.2
2008,200,82244.5
2008,201,78986.7
2008,202,76054.7
2008,203,73292.5
2008,204,70679.3
2008,205,68240.1
2008,206,65944
2008,207,123500
2008,208,64976.5
2008,209,62988.4
2008,210,67494.3
2008,211,349589
2008,212,73026.4
2008,213,72025.3
2008,214,70965.3
2008,215,69923.7
2008,216,68854.7
2008,217,67836.4
2008,218,66964.4
2008,219,66093.9
2008,220,65075.4
2008,221,63882.2
2008,222,62186.4
2008,223,60359.7
2008,224,134302
2008,225,67321.3
2008,226,1045690
2008,227,127249
2008,228,162427
2008,229,143806
2008,230,129257
2008,231,127527
2008,232,125231
2008,233,122919
2008,234,121615
2008,235,121068
2008,236,120464
2008,237,119405
2008,238,116751
2008,239,112124
2008,240,107672
2008,241,98017.4
2008,242,89799.8
2008,243,82643.8
2008,244,76462.8
2008,245,71123.8
2008,246,66600.8
2008,247,62652
2008,248,59091.9
2008,249,55906.5
2008,250,53025.5
2008,251,300544
2008,252,1249320
2008,253,182434
2008,254,145806
2008,255,162515
2008,256,148235
2008,257,147918
2008,258,146747
2008,259,144203
2008,260,140696
2008,261,136668
2008,262,132303
2008,263,127644
2008,264,399907
2008,265,156050
2008,266,146453
2008,267,130432
2008,268,117179
2008,269,106193
2008,270,97055
2008,271,89365.9
2008,272,82732.6
2008,273,77116.6
2008,274,72501.6
2008,275,68572
2008,276,65022.1
2008,277,61857
2008,278,59173.3
2008,279,864102
2008,280,1186230
2008,281,185346
2008,282,1030880
2008,283,1496820
2008,284,345899
2008,285,342816
2008,286,331218
2008,287,314054
2008,288,294249
2008,289,520030
2008,290,361863
2008,291,307972
2008,292,257890
2008,293,254751
2008,294,2590020
2008,295,628399
2008,296,460046
2008,297,379632
2008,298,314105
2008,299,267140
2008,300,233288
2008,301,232585
2008,302,309544
2008,303,380379
2008,304,214922
2008,305,197233
2008,306,716679
2008,307,560201
2008,308,347467
2008,309,543037
2008,310,1444650
2008,311,800520
2008,312,844717
2008,313,970760
2008,314,975541
2008,315,1098680
2008,316,1374930
2008,317,2291190
2008,318,1774340
2008,319,2059040
2008,320,2251500
2008,321,2467690
2008,322,2669800
2008,323,2879070
2008,324,3089610
2008,325,3280990
2008,326,3473080
2008,327,3701470
2008,328,2015090
2008,329,1378510
2008,330,1099260
2008,331,904302
2008,332,879704
2008,333,696218
2008,334,1170100
2008,335,730655
2008,336,635062
2008,337,684825
2008,338,543809
2008,339,655346
2008,340,496583
2008,341,427301
2008,342,392283
2008,343,358230
2008,344,417399
2008,345,553497
2008,346,340490
2008,347,318418
2008,348,299106
2008,349,278155
2008,350,302685
2008,351,256494
2008,352,688216
2008,353,313927
2008,354,336670
2008,355,289214
2008,356,276422
2008,357,329269
2008,358,294018
2008,359,241435
2008,360,224700
2008,361,209577
2008,362,195439
2008,363,264247
2008,364,186292
2008,365,175408
2008,366,165137
2009,1,245854
2009,2,157497
2009,3,146479
2009,4,202998
2009,5,189179
2009,6,134834
2009,7,126802
2009,8,146887
2009,9,176943
2009,10,113993
2009,11,173714
2009,12,108052
2009,13,101837
2009,14,96169.6
2009,15,208500
2009,16,100358
2009,17,285329
2009,18,139444
2009,19,194777
2009,20,109107
2009,21,147665
2009,22,117055
2009,23,203168
2009,24,124094
2009,25,117148
2009,26,94573.1
2009,27,114684
2009,28,84980.7
2009,29,87101.3
2009,30,230548
2009,31,95600.7
2009,32,428350
2009,33,143021
2009,34,269776
2009,35,122001
2009,36,110189
2009,37,100157
2009,38,89998.2
2009,39,88630.4
2009,40,102947
2009,41,72045
2009,42,66069
2009,43,60777.9
2009,44,519027
2009,45,117036
2009,46,105214
2009,47,535121
2009,48,168588
2009,49,137355
2009,50,114897
2009,51,233923
2009,52,150072
2009,53,104123
2009,54,1142150
2009,55,277220
2009,56,222445
2009,57,307151
2009,58,256760
2009,59,187503
2009,60,162437
2009,61,141482
2009,62,120381
2009,63,103922
2009,64,147425
2009,65,100193
2009,66,84437.7
2009,67,78222.9
2009,68,268193
2009,69,106449
2009,70,182387
2009,71,87892.1
2009,72,150478
2009,73,374663
2009,74,119857
2009,75,108960
2009,76,107698
2009,77,140858
2009,78,90652.4
2009,79,83369.2
2009,80,77195.5
2009,81,79082.5
2009,82,68871.7
2009,83,63467.3
2009,84,58546.4
2009,85,53847.4
2009,86,49868.7
2009,87,335704
2009,88,79298.3
2009,89,72599
2009,90,69880.2
2009,91,110918
2009,92,62603.4
2009,93,58045.1
2009,94,54234.1
2009,95,50885.7
2009,96,47784.2
2009,97,45005.1
2009,98,42539.1
2009,99,244965
2009,100,61887.9
2009,101,59841.3
2009,102,516644
2009,103,100029
2009,104,96460.2
2009,105,312938
2009,106,151001
2009,107,134369
2009,108,108769
2009,109,104232
2009,110,99930.2
2009,111,95865.9
2009,112,92337.8
2009,113,88756.5
2009,114,87479.1
2009,115,77161.9
2009,116,72088.9
2009,117,64967.8
2009,118,73917.1
2009,119,151728
2009,120,467655
2009,121,346666
2009,122,131977
2009,123,305950
2009,124,184998
2009,125,205081
2009,126,170365
2009,127,146328
2009,128,140617
2009,129,135693
2009,130,131248
2009,131,143455
2009,132,124520
2009,133,118405
2009,134,111301
2009,135,100972
2009,136,90701.5
2009,137,82100.1
2009,138,74298.1
2009,139,102007
2009,140,68270.6
2009,141,63225.1
2009,142,58992.6
2009,143,55376.9
2009,144,66158.8
2009,145,51299.7
2009,146,48821.5
2009,147,46650.9
2009,148,910763
2009,149,122989
2009,150,345091
2009,151,759606
2009,152,226638
2009,153,239900
2009,154,250464
2009,155,256891
2009,156,260403
2009,157,282504
2009,158,262687
2009,159,270495
2009,160,252125
2009,161,241473
2009,162,251276
2009,163,212877
2009,164,193561
2009,165,503641
2009,166,237524
2009,167,340979
2009,168,220313
2009,169,531796
2009,170,250604
2009,171,233093
2009,172,218176
2009,173,206094
2009,174,195521
2009,175,186404
2009,176,178627
2009,177,171539
2009,178,165111
2009,179,163066
2009,180,151697
2009,181,143172
2009,182,133768
2009,183,124816
2009,184,116248
2009,185,246769
2009,186,378008
2009,187,135807
2009,188,227747
2009,189,130993
2009,190,124536
2009,191,118773
2009,192,113687
2009,193,108868
2009,194,842220
2009,195,839285
2009,196,225670
2009,197,222107
2009,198,216800
2009,199,483422
2009,200,280002
2009,201,222203
2009,202,208172
2009,203,194379
2009,204,182269
2009,205,171492
2009,206,161894
2009,207,153358
2009,208,145174
2009,209,133397
2009,210,121515
2009,211,116708
2009,212,107710
2009,213,97549.3
2009,214,91184.5
2009,215,85866.5
2009,216,81467.1
2009,217,77634.2
2009,218,74215.3
2009,219,71172.4
2009,220,68416.4
2009,221,65909.1
2009,222,63618.1
2009,223,61513.7
2009,224,59604.7
2009,225,57848.2
2009,226,56203.8
2009,227,54656.8
2009,228,53175.9
2009,229,51769.3
2009,230,50449.6
2009,231,49197.2
2009,232,47999.7
2009,233,46832.6
2009,234,45687.1
2009,235,44583.2
2009,236,43529
2009,237,42511.4
2009,238,41512.3
2009,239,40547.6
2009,240,39633.8
2009,241,38754.2
2009,242,37894.9
2009,243,37050.4
2009,244,36230
2009,245,35436.9
2009,246,34669.3
2009,247,33916.2
2009,248,42970.6
2009,249,32721
2009,250,32045
2009,251,31399.2
2009,252,30770.4
2009,253,30148.7
2009,254,29528.1
2009,255,28918.2
2009,256,28321.3
2009,257,53020.4
2009,258,230430
2009,259,32573.1
2009,260,32634.7
2009,261,32685.2
2009,262,32729.8
2009,263,32712.5
2009,264,32660.1
2009,265,32575.7
2009,266,32497.3
2009,267,32400.6
2009,268,32248.9
2009,269,32106.5
2009,270,31987.1
2009,271,31843.4
2009,272,33467
2009,273,304789
2009,274,44494.6
2009,275,0
2009,276,44011.9
2009,277,43589.5
2009,278,43234.2
2009,279,42823.8
2009,280,42292.4
2009,281,41555.3
2009,282,60581.2
2009,283,702665
2009,284,503964
2009,285,289604
2009,286,133300
2009,287,136367
2009,288,138001
2009,289,132804
2009,290,126594
2009,291,119808
2009,292,112871
2009,293,123586
2009,294,156543
2009,295,112101
2009,296,109067
2009,297,105227
2009,298,96463.8
2009,299,87372.1
2009,300,79540.8
2009,301,149646
2009,302,80952.1
2009,303,75251.4
2009,304,213689
2009,305,141333
2009,306,179917
2009,307,312829
2009,308,338516
2009,309,1910330
2009,310,845322
2009,311,782504
2009,312,1265030
2009,313,1231680
2009,314,1455280
2009,315,1666640
2009,316,2162760
2009,317,2182250
2009,318,2434250
2009,319,2637030
2009,320,2850490
2009,321,2147600
2009,322,1230180
2009,323,981197
2009,324,773793
2009,325,625392
2009,326,885832
2009,327,755041
2009,328,561081
2009,329,466116
2009,330,401033
2009,331,346876
2009,332,302905
2009,333,268126
2009,334,250898
2009,335,222489
2009,336,219234
2009,337,256856
2009,338,211194
2009,339,190775
2009,340,197164
2009,341,234791
2009,342,241135
2009,343,181761
2009,344,214044
2009,345,246199
2009,346,163782
2009,347,157743
2009,348,152037
2009,349,146474
2009,350,487308
2009,351,184070
2009,352,1015790
2009,353,429085
2009,354,272837
2009,355,271049
2009,356,261774
2009,357,247098
2009,358,231425
2009,359,270740
2009,360,270607
2009,361,206389
2009,362,488987
2009,363,310123
2009,364,784214
2009,365,642218
2009,366,349452
2010,1,307191
2010,2,272703
2010,3,279910
2010,4,267583
2010,5,212892
2010,6,197318
2010,7,181149
2010,8,165226
2010,9,227558
2010,10,378650
2010,11,185011
2010,12,391728
2010,13,239795
2010,14,294173
2010,15,231760
2010,16,234844
2010,17,163522
2010,18,468005
2010,19,672342
2010,20,238433
2010,21,676548
2010,22,319078
2010,23,258520
2010,24,235977
2010,25,210532
2010,26,198856
2010,27,374419
2010,28,194407
2010,29,176807
2010,30,171261
2010,31,353769
2010,32,239165
2010,33,350865
2010,34,264273
2010,35,173880
2010,36,152015
2010,37,168757
2010,38,233136
2010,39,131535
2010,40,119812
2010,41,109591
2010,42,309831
2010,43,124620
2010,44,114860
2010,45,106496
2010,46,97593.9
2010,47,216225
2010,48,245818
2010,49,110696
2010,50,101146
2010,51,92946.1
2010,52,102010
2010,53,80972.2
2010,54,75831.4
2010,55,145909
2010,56,88402.6
2010,57,85723.9
2010,58,83540.8
2010,59,64741.1
2010,60,921748
2010,61,265065
2010,62,1803720
2010,63,281514
2010,64,696326
2010,65,304264
2010,66,286657
2010,67,269623
2010,68,247023
2010,69,228462
2010,70,209247
2010,71,442538
2010,72,1422650
2010,73,454635
2010,74,652706
2010,75,468298
2010,76,342887
2010,77,273767
2010,78,229816
2010,79,187322
2010,80,175464
2010,81,211253
2010,82,141334
2010,83,575071
2010,84,493279
2010,85,291816
2010,86,219879
2010,87,189136
2010,88,184273
2010,89,155292
2010,90,450951
2010,91,309824
2010,92,181613
2010,93,168415
2010,94,157614
2010,95,147534
2010,96,137157
2010,97,127820
2010,98,116196
2010,99,105507
2010,100,96722.5
2010,101,89482.6
2010,102,83481
2010,103,78528.3
2010,104,131584
2010,105,133259
2010,106,79810.1
2010,107,74678.9
2010,108,70383.4
2010,109,77324.1
2010,110,192125
2010,111,74646.8
2010,112,71492.8
2010,113,68974.6
2010,114,66547.6
2010,115,64134.8
2010,116,68580.6
2010,117,60332
2010,118,58479.2
2010,119,200715
2010,120,308633
2010,121,130117
2010,122,122854
2010,123,96598.5
2010,124,105837
2010,125,140280
2010,126,111978
2010,127,95447.5
2010,128,92277.8
2010,129,95780.7
2010,130,111588
2010,131,88846.1
2010,132,224068
2010,133,117080
2010,134,104482
2010,135,101124
2010,136,101798
2010,137,92812.7
2010,138,185605
2010,139,126610
2010,140,118475
2010,141,97151.9
2010,142,93990.4
2010,143,90938.9
2010,144,87774.6
2010,145,84434.3
2010,146,229935
2010,147,1097060
2010,148,225053
2010,149,226253
2010,150,384332
2010,151,1493490
2010,152,413384
2010,153,403588
2010,154,485579
2010,155,394904
2010,156,380348
2010,157,346406
2010,158,324725
2010,159,369350
2010,160,303844
2010,161,281067
2010,162,248108
2010,163,220643
2010,164,198057
2010,165,178948
2010,166,158762
2010,167,145651
2010,168,166784
2010,169,126681
2010,170,116698
2010,171,108728
2010,172,102093
2010,173,357298
2010,174,210159
2010,175,136058
2010,176,131536
2010,177,127656
2010,178,124149
2010,179,154766
2010,180,126662
2010,181,123596
2010,182,129235
2010,183,118273
2010,184,172047
2010,185,123482
2010,186,329880
2010,187,354514
2010,188,182713
2010,189,222626
2010,190,179439
2010,191,174854
2010,192,170265
2010,193,293818
2010,194,184575
2010,195,180300
2010,196,176046
2010,197,170960
2010,198,163948
2010,199,166957
2010,200,147294
2010,201,137477
2010,202,127622
2010,203,119028
2010,204,111259
2010,205,104532
2010,206,98618.4
2010,207,93422.8
2010,208,88203.8
2010,209,83472.4
2010,210,195705
2010,211,102699
2010,212,82527.8
2010,213,79072.3
2010,214,76049.9
2010,215,73265.4
2010,216,70657.1
2010,217,68326.5
2010,218,66253.5
2010,219,64311.6
2010,220,62457.7
2010,221,60677.4
2010,222,58952.5
2010,223,57326.8
2010,224,55842.4
2010,225,54118.4
2010,226,52444.5
2010,227,50849.8
2010,228,49324.4
2010,229,47862.4
2010,230,46437.4
2010,231,45064
2010,232,62739.4
2010,233,51290.2
2010,234,46650.4
2010,235,41679.1
2010,236,40633.8
2010,237,39631.7
2010,238,38667.3
2010,239,262035
2010,240,695346
2010,241,74868.4
2010,242,78896.1
2010,243,82636.5
2010,244,86164.7
2010,245,89387.5
2010,246,92037.9
2010,247,93602.8
2010,248,94339.7
2010,249,94418.7
2010,250,93975.2
2010,251,93108.3
2010,252,91944.6
2010,253,90549
2010,254,86661.6
2010,255,79575
2010,256,73381.6
2010,257,68019.3
2010,258,63372.4
2010,259,59312.5
2010,260,55668.7
2010,261,52365.3
2010,262,49440
2010,263,46861.6
2010,264,44542.1
2010,265,42435.9
2010,266,40535.7
2010,267,38851.8
2010,268,37346.8
2010,269,158055
2010,270,48705.5
2010,271,40719.1
2010,272,39637.4
2010,273,39906.2
2010,274,47915.8
2010,275,0
2010,276,37262.3
2010,277,91854.9
2010,278,43700
2010,279,38049.8
2010,280,37347.5
2010,281,36653.9
2010,282,35918.9
2010,283,35151.7
2010,284,34383.8
2010,285,33209.3
2010,286,32043.9
2010,287,152710
2010,288,378356
2010,289,112413
2010,290,101242
2010,291,122443
2010,292,156190
2010,293,158603
2010,294,204908
2010,295,269076
2010,296,354704
2010,297,1748760
2010,298,978761
2010,299,1172260
2010,300,1679500
2010,301,687069
2010,302,670189
2010,303,1451950
2010,304,784841
2010,305,2294960
2010,306,1128770
2010,307,1098170
2010,308,1082930
2010,309,1091980
2010,310,1112700
2010,311,1211890
2010,312,1143950
2010,313,699017
2010,314,887322
2010,315,554087
2010,316,467261
2010,317,402425
2010,318,349338
2010,319,309886
2010,320,274093
2010,321,246497
2010,322,542893
2010,323,288773
2010,324,258932
2010,325,237440
2010,326,217840
2010,327,200346
2010,328,186639
2010,329,174648
2010,330,404561
2010,331,292778
2010,332,645601
2010,333,251018
2010,334,243871
2010,335,235294
2010,336,224674
2010,337,208027
2010,338,208447
2010,339,274236
2010,340,218965
2010,341,192031
2010,342,185644
2010,343,360475
2010,344,278470
2010,345,199501
2010,346,187722
2010,347,440225
2010,348,269831
2010,349,246951
2010,350,290072
2010,351,194891
2010,352,182236
2010,353,170562
2010,354,325858
2010,355,179049
2010,356,166616
2010,357,154579
2010,358,166663
2010,359,135663
2010,360,125696
2010,361,116758
2010,362,107708
2010,363,144809
2010,364,100077
2010,365,95226.2
2010,366,88076
