RES_Ontelaunee, Simulated, -75.90625,40.4745833333333
1995,1,2272.17
1995,2,145990
1995,3,112248
1995,4,19161.9
1995,5,23722.9
1995,6,28324.4
1995,7,32400.8
1995,8,34336.5
1995,9,39320.9
1995,10,42903.5
1995,11,62077.9
1995,12,59499.7
1995,13,363553
1995,14,339840
1995,15,95352.6
1995,16,380446
1995,17,446457
1995,18,122942
1995,19,118468
1995,20,108593
1995,21,104766
1995,22,101652
1995,23,165782
1995,24,160109
1995,25,109451
1995,26,104084
1995,27,110150
1995,28,102179
1995,29,97736.2
1995,30,96551.6
1995,31,95096.2
1995,32,100818
1995,33,99237.4
1995,34,168718
1995,35,173041
1995,36,127578
1995,37,108758
1995,38,124819
1995,39,108184
1995,40,101996
1995,41,101979
1995,42,101865
1995,43,101884
1995,44,102139
1995,45,257988
1995,46,232976
1995,47,113219
1995,48,108869
1995,49,107994
1995,50,108716
1995,51,106415
1995,52,109851
1995,53,107046
1995,54,105456
1995,55,116372
1995,56,125456
1995,57,107747
1995,58,103950
1995,59,103100
1995,60,102334
1995,61,99535
1995,62,97180.7
1995,63,94851.1
1995,64,346033
1995,65,378749
1995,66,123063
1995,67,117321
1995,68,103063
1995,69,91146.2
1995,70,524143
1995,71,1223954
1995,72,558064
1995,73,294057
1995,74,224621
1995,75,188074
1995,76,221879
1995,77,258117
1995,78,208023
1995,79,187005
1995,80,187138
1995,81,254405
1995,82,494786
1995,83,448193
1995,84,254002
1995,85,198224
1995,86,178855
1995,87,174012
1995,88,143846
1995,89,125077
1995,90,113772
1995,91,241330
1995,92,1739531
1995,93,1664564
1995,94,394220
1995,95,362208
1995,96,351005
1995,97,313994
1995,98,287122
1995,99,261759
1995,100,247666
1995,101,407606
1995,102,297555
1995,103,726834
1995,104,697696
1995,105,343973
1995,106,323152
1995,107,315533
1995,108,595406
1995,109,579265
1995,110,330051
1995,111,476585
1995,112,581651
1995,113,377672
1995,114,461761
1995,115,425859
1995,116,292801
1995,117,275719
1995,118,255705
1995,119,254563
1995,120,233702
1995,121,206086
1995,122,193233
1995,123,180490
1995,124,164882
1995,125,152824
1995,126,163451
1995,127,144744
1995,128,391293
1995,129,302195
1995,130,151911
1995,131,144770
1995,132,138437
1995,133,133144
1995,134,126657
1995,135,120965
1995,136,115971
1995,137,140927
1995,138,869867
1995,139,559422
1995,140,199680
1995,141,346654
1995,142,291624
1995,143,238679
1995,144,223392
1995,145,216855
1995,146,213166
1995,147,208726
1995,148,203746
1995,149,278542
1995,150,494788
1995,151,558609
1995,152,1079985
1995,153,753887
1995,154,450647
1995,155,566671
1995,156,2242038
1995,157,1567023
1995,158,1184573
1995,159,1004611
1995,160,806231
1995,161,784510
1995,162,758502
1995,163,729314
1995,164,697974
1995,165,662661
1995,166,623825
1995,167,578465
1995,168,536297
1995,169,499602
1995,170,471192
1995,171,496495
1995,172,622626
1995,173,1589931
1995,174,2617226
1995,175,1878425
1995,176,956626
1995,177,951637
1995,178,966654
1995,179,859018
1995,180,820114
1995,181,1015807
1995,182,1618010
1995,183,1369094
1995,184,990320
1995,185,958297
1995,186,935700
1995,187,889365
1995,188,835984
1995,189,771328
1995,190,711516
1995,191,662369
1995,192,620646
1995,193,644829
1995,194,664390
1995,195,576115
1995,196,517447
1995,197,628684
1995,198,1059416
1995,199,750409
1995,200,510538
1995,201,558648
1995,202,1031140
1995,203,525746
1995,204,470826
1995,205,453498
1995,206,437917
1995,207,423667
1995,208,409891
1995,209,396346
1995,210,384736
1995,211,374072
1995,212,649497
1995,213,4701662
1995,214,3645910
1995,215,877289
1995,216,1483730
1995,217,1394670
1995,218,906803
1995,219,845194
1995,220,858479
1995,221,842570
1995,222,747286
1995,223,719944
1995,224,699298
1995,225,682365
1995,226,662334
1995,227,641660
1995,228,599379
1995,229,554400
1995,230,515370
1995,231,479019
1995,232,446267
1995,233,418574
1995,234,394928
1995,235,374486
1995,236,356583
1995,237,340423
1995,238,325579
1995,239,311987
1995,240,299595
1995,241,288101
1995,242,277375
1995,243,267476
1995,244,258252
1995,245,249559
1995,246,241375
1995,247,233519
1995,248,226033
1995,249,219070
1995,250,212512
1995,251,206226
1995,252,200150
1995,253,835563
1995,254,211631
1995,255,207224
1995,256,273899
1995,257,1010475
1995,258,231839
1995,259,231965
1995,260,231989
1995,261,231475
1995,262,231434
1995,263,236846
1995,264,226792
1995,265,224163
1995,266,221051
1995,267,338821
1995,268,1099698
1995,269,960339
1995,270,327361
1995,271,318180
1995,272,306172
1995,273,307911
1995,274,570176
1995,275,0
1995,276,1277503
1995,277,516416
1995,278,1055082
1995,279,1187154
1995,280,1055448
1995,281,1559299
1995,282,760845
1995,283,766758
1995,284,773339
1995,285,721115
1995,286,751848
1995,287,690779
1995,288,640800
1995,289,669155
1995,290,902410
1995,291,1191795
1995,292,1299478
1995,293,1370110
1995,294,1581002
1995,295,1939276
1995,296,5751296
1995,297,8595846
1995,298,3572200
1995,299,2210305
1995,300,2256026
1995,301,2317840
1995,302,1801732
1995,303,1673672
1995,304,1557091
1995,305,1444077
1995,306,1340084
1995,307,1223570
1995,308,1106082
1995,309,1001668
1995,310,913271
1995,311,822750
1995,312,767206
1995,313,682896
1995,314,623968
1995,315,580131
1995,316,541177
1995,317,559369
1995,318,690337
1995,319,1475068
1995,320,1726871
1995,321,838117
1995,322,639486
1995,323,622500
1995,324,614437
1995,325,858869
1995,326,966085
1995,327,846398
1995,328,718124
1995,329,612415
1995,330,749593
1995,331,824031
1995,332,685746
1995,333,638558
1995,334,585540
1995,335,539907
1995,336,485493
1995,337,447688
1995,338,417801
1995,339,391844
1995,340,368138
1995,341,345382
1995,342,326259
1995,343,322998
1995,344,321270
1995,345,289097
1995,346,282671
1995,347,267840
1995,348,252827
1995,349,242796
1995,350,233765
1995,351,225728
1995,352,217902
1995,353,210974
1995,354,204673
1995,355,202107
1995,356,207948
1995,357,206094
1995,358,400043
1995,359,484550
1995,360,313214
1995,361,188549
1995,362,181108
1995,363,169707
1995,364,172610
1995,365,547559
1995,366,438590
1996,1,186751
1996,2,184720
1996,3,426307
1996,4,577607
1996,5,270880
1996,6,208981
1996,7,196596
1996,8,182569
1996,9,169552
1996,10,163893
1996,11,169283
1996,12,591112
1996,13,631740
1996,14,218593
1996,15,202985
1996,16,183503
1996,17,168760
1996,18,155749
1996,19,142858
1996,20,131570
1996,21,156020
1996,22,180434
1996,23,134132
1996,24,155491
1996,25,148193
1996,26,408439
1996,27,403523
1996,28,247467
1996,29,132342
1996,30,126396
1996,31,177854
1996,32,190765
1996,33,121078
1996,34,102385
1996,35,125436
1996,36,176105
1996,37,1193514
1996,38,1081182
1996,39,231197
1996,40,259740
1996,41,537142
1996,42,1859489
1996,43,358619
1996,44,331629
1996,45,301488
1996,46,282277
1996,47,932823
1996,48,1359126
1996,49,716846
1996,50,423575
1996,51,376286
1996,52,415623
1996,53,281382
1996,54,243180
1996,55,261543
1996,56,190145
1996,57,166204
1996,58,185098
1996,59,393788
1996,60,214600
1996,61,153928
1996,62,132413
1996,63,117964
1996,64,130163
1996,65,102252
1996,66,274932
1996,67,231381
1996,68,200831
1996,69,104713
1996,70,99112.4
1996,71,94562.1
1996,72,90315.9
1996,73,108151
1996,74,210195
1996,75,87649.6
1996,76,112992
1996,77,173996
1996,78,94808
1996,79,79044.1
1996,80,76334.9
1996,81,74202
1996,82,71818
1996,83,69238.8
1996,84,67496.8
1996,85,66076.9
1996,86,64309.2
1996,87,63438.2
1996,88,63153.6
1996,89,85640
1996,90,59852.7
1996,91,58400.8
1996,92,57509
1996,93,63219.5
1996,94,61788.3
1996,95,60847.7
1996,96,59953
1996,97,59092.1
1996,98,58259.6
1996,99,57451.2
1996,100,56668.8
1996,101,82453.7
1996,102,148127
1996,103,55062.1
1996,104,64264.2
1996,105,53650.8
1996,106,96937.3
1996,107,66156
1996,108,64898
1996,109,99385.9
1996,110,502716
1996,111,57642.6
1996,112,58562.6
1996,113,59277.6
1996,114,92096.4
1996,115,423274
1996,116,81809.7
1996,117,165090
1996,118,821121
1996,119,584958
1996,120,171469
1996,121,177874
1996,122,204464
1996,123,187345
1996,124,186824
1996,125,178623
1996,126,180492
1996,127,876668
1996,128,3987670
1996,129,1175428
1996,130,730714
1996,131,668881
1996,132,636643
1996,133,581456
1996,134,522814
1996,135,471741
1996,136,426647
1996,137,2575537
1996,138,1079911
1996,139,765045
1996,140,719831
1996,141,675518
1996,142,639539
1996,143,1777077
1996,144,7414758
1996,145,2388280
1996,146,1529775
1996,147,1381880
1996,148,1252781
1996,149,1144667
1996,150,2324815
1996,151,3077843
1996,152,1665545
1996,153,1365188
1996,154,1398994
1996,155,1668794
1996,156,1922536
1996,157,1262408
1996,158,1137768
1996,159,1002473
1996,160,899490
1996,161,1330970
1996,162,897595
1996,163,822072
1996,164,803445
1996,165,3507355
1996,166,2320139
1996,167,1617496
1996,168,4769458
1996,169,2402522
1996,170,1728032
1996,171,1638376
1996,172,1591643
1996,173,1487894
1996,174,1416723
1996,175,1349969
1996,176,1279010
1996,177,1343113
1996,178,1199595
1996,179,1136325
1996,180,1054533
1996,181,972531
1996,182,1083396
1996,183,920001
1996,184,816144
1996,185,769354
1996,186,718396
1996,187,753531
1996,188,675100
1996,189,729872
1996,190,721569
1996,191,599239
1996,192,597126
1996,193,652476
1996,194,542610
1996,195,524620
1996,196,507992
1996,197,491153
1996,198,496944
1996,199,544835
1996,200,915005
1996,201,497005
1996,202,480684
1996,203,456711
1996,204,443010
1996,205,429389
1996,206,415982
1996,207,402579
1996,208,389021
1996,209,375895
1996,210,363357
1996,211,351501
1996,212,340008
1996,213,328735
1996,214,317520
1996,215,305022
1996,216,296161
1996,217,1050800
1996,218,314508
1996,219,305193
1996,220,296542
1996,221,288384
1996,222,280608
1996,223,273096
1996,224,265932
1996,225,258938
1996,226,252229
1996,227,245619
1996,228,238864
1996,229,232223
1996,230,225930
1996,231,220004
1996,232,212876
1996,233,713370
1996,234,425609
1996,235,226335
1996,236,220019
1996,237,213675
1996,238,336705
1996,239,3295326
1996,240,378472
1996,241,621170
1996,242,5410860
1996,243,786056
1996,244,758397
1996,245,761264
1996,246,749764
1996,247,730703
1996,248,694859
1996,249,656035
1996,250,619918
1996,251,586243
1996,252,554141
1996,253,521842
1996,254,649609
1996,255,535712
1996,256,460076
1996,257,384039
1996,258,347694
1996,259,319516
1996,260,296396
1996,261,280406
1996,262,260460
1996,263,246495
1996,264,234448
1996,265,223794
1996,266,2047225
1996,267,975275
1996,268,347415
1996,269,337187
1996,270,930064
1996,271,361367
1996,272,373881
1996,273,611431
1996,274,979740
1996,275,406966
1996,276,404365
1996,277,416941
1996,278,406652
1996,279,406347
1996,280,1088942
1996,281,1768295
1996,282,1227416
1996,283,742025
1996,284,724537
1996,285,699618
1996,286,664308
1996,287,618370
1996,288,571913
1996,289,791020
1996,290,1174031
1996,291,556438
1996,292,517497
1996,293,840351
1996,294,4459243
1996,295,2016309
1996,296,1378243
1996,297,1571675
1996,298,1596036
1996,299,1675671
1996,300,1892898
1996,301,2213671
1996,302,2677491
1996,303,4317121
1996,304,5416833
1996,305,5251464
1996,306,5838944
1996,307,10887385
1996,308,8749121
1996,309,8832174
1996,310,8826970
1996,311,6877767
1996,312,4018238
1996,313,5083998
1996,314,3629529
1996,315,3198268
1996,316,2663699
1996,317,2317971
1996,318,2085121
1996,319,1939200
1996,320,1759310
1996,321,2868804
1996,322,4788680
1996,323,2208527
1996,324,1943341
1996,325,1720315
1996,326,1536434
1996,327,1391577
1996,328,1305495
1996,329,1304384
1996,330,1112376
1996,331,1063163
1996,332,1087096
1996,333,937863
1996,334,987563
1996,335,2307229
1996,336,2094060
1996,337,1099492
1996,338,1019923
1996,339,1032646
1996,340,903044
1996,341,1076940
1996,342,977021
1996,343,979316
1996,344,993968
1996,345,1266906
1996,346,1817703
1996,347,2756178
1996,348,1272634
1996,349,1110304
1996,350,1032132
1996,351,1047439
1996,352,1094936
1996,353,863658
1996,354,778589
1996,355,711433
1996,356,675122
1996,357,777201
1996,358,643154
1996,359,562708
1996,360,520762
1996,361,485352
1996,362,475201
1996,363,706251
1996,364,472859
1996,365,595782
1996,366,403282
1997,1,379543
1997,2,357755
1997,3,338153
1997,4,395297
1997,5,598904
1997,6,439859
1997,7,307421
1997,8,309866
1997,9,315137
1997,10,710164
1997,11,793896
1997,12,799204
1997,13,737755
1997,14,356361
1997,15,446342
1997,16,411097
1997,17,501008
1997,18,589153
1997,19,779732
1997,20,1276682
1997,21,861871
1997,22,477803
1997,23,446603
1997,24,449438
1997,25,847669
1997,26,572445
1997,27,379460
1997,28,337781
1997,29,302845
1997,30,629317
1997,31,1896456
1997,32,494817
1997,33,508297
1997,34,849964
1997,35,615864
1997,36,408068
1997,37,349646
1997,38,311193
1997,39,1350770
1997,40,461139
1997,41,367531
1997,42,329372
1997,43,833844
1997,44,4817706
1997,45,2971469
1997,46,1722254
1997,47,938058
1997,48,894560
1997,49,807259
1997,50,2111338
1997,51,799629
1997,52,716904
1997,53,807972
1997,54,592366
1997,55,525975
1997,56,673429
1997,57,1395273
1997,58,612048
1997,59,596222
1997,60,1090328
1997,61,1341887
1997,62,898144
1997,63,545868
1997,64,495477
1997,65,691863
1997,66,453100
1997,67,382633
1997,68,347535
1997,69,319098
1997,70,312030
1997,71,758531
1997,72,325614
1997,73,333569
1997,74,804887
1997,75,867996
1997,76,362109
1997,77,437746
1997,78,604578
1997,79,321157
1997,80,299996
1997,81,274627
1997,82,257411
1997,83,340290
1997,84,239177
1997,85,328481
1997,86,387454
1997,87,229126
1997,88,215539
1997,89,291879
1997,90,198438
1997,91,186843
1997,92,206258
1997,93,176245
1997,94,168416
1997,95,161618
1997,96,155620
1997,97,163311
1997,98,179933
1997,99,564465
1997,100,187225
1997,101,165829
1997,102,153873
1997,103,161826
1997,104,161202
1997,105,152373
1997,106,349334
1997,107,141640
1997,108,218726
1997,109,1254285
1997,110,1376275
1997,111,496030
1997,112,316732
1997,113,322554
1997,114,369314
1997,115,1153812
1997,116,400392
1997,117,418846
1997,118,390083
1997,119,402746
1997,120,659022
1997,121,1656159
1997,122,835953
1997,123,605147
1997,124,559792
1997,125,771642
1997,126,490144
1997,127,449150
1997,128,415158
1997,129,384364
1997,130,352684
1997,131,2435426
1997,132,1223651
1997,133,1096765
1997,134,697828
1997,135,734816
1997,136,745688
1997,137,604107
1997,138,548604
1997,139,512333
1997,140,496920
1997,141,1867678
1997,142,15818706
1997,143,3816570
1997,144,2565833
1997,145,2369258
1997,146,2185309
1997,147,1776041
1997,148,1578702
1997,149,1415710
1997,150,1277861
1997,151,1246551
1997,152,1093197
1997,153,1025928
1997,154,945982
1997,155,891197
1997,156,826880
1997,157,737180
1997,158,667351
1997,159,612504
1997,160,593196
1997,161,588580
1997,162,6464985
1997,163,2097686
1997,164,1417749
1997,165,1236411
1997,166,1214380
1997,167,1205200
1997,168,1191634
1997,169,1173867
1997,170,1152116
1997,171,1125944
1997,172,1397645
1997,173,1195725
1997,174,1107992
1997,175,1068516
1997,176,1027820
1997,177,927421
1997,178,832502
1997,179,1560188
1997,180,4569910
1997,181,1175826
1997,182,1079850
1997,183,1017055
1997,184,1088297
1997,185,12429784
1997,186,3299297
1997,187,2291712
1997,188,2201451
1997,189,3996626
1997,190,7232272
1997,191,3572218
1997,192,2370925
1997,193,2246554
1997,194,2045128
1997,195,2412250
1997,196,2994110
1997,197,6707533
1997,198,4747184
1997,199,3030580
1997,200,2728495
1997,201,2571966
1997,202,2067116
1997,203,2409309
1997,204,1769966
1997,205,1604584
1997,206,1474734
1997,207,1373926
1997,208,2136054
1997,209,1403706
1997,210,1334382
1997,211,1241367
1997,212,1427604
1997,213,1507836
1997,214,1062295
1997,215,984623
1997,216,914209
1997,217,938191
1997,218,813698
1997,219,762942
1997,220,884615
1997,221,714116
1997,222,682884
1997,223,649575
1997,224,619032
1997,225,594067
1997,226,565297
1997,227,540437
1997,228,516561
1997,229,494634
1997,230,474292
1997,231,463261
1997,232,437886
1997,233,421166
1997,234,405102
1997,235,388987
1997,236,373553
1997,237,413473
1997,238,414353
1997,239,457489
1997,240,924962
1997,241,348949
1997,242,338575
1997,243,857976
1997,244,346746
1997,245,339000
1997,246,356992
1997,247,330288
1997,248,320743
1997,249,444820
1997,250,1756255
1997,251,1637636
1997,252,499620
1997,253,478676
1997,254,531654
1997,255,467704
1997,256,453094
1997,257,438752
1997,258,482229
1997,259,409754
1997,260,638934
1997,261,465768
1997,262,426116
1997,263,406378
1997,264,390111
1997,265,363364
1997,266,335351
1997,267,311073
1997,268,289621
1997,269,271391
1997,270,255934
1997,271,242463
1997,272,398075
1997,273,230980
1997,274,245874
1997,275,0
1997,276,289449
1997,277,365944
1997,278,457103
1997,279,340253
1997,280,512679
1997,281,480939
1997,282,525091
1997,283,645041
1997,284,852424
1997,285,1603433
1997,286,1524645
1997,287,1996263
1997,288,1691867
1997,289,8440659
1997,290,4697722
1997,291,2125879
1997,292,2057334
1997,293,1936873
1997,294,1801350
1997,295,1631272
1997,296,1450210
1997,297,1293390
1997,298,1181851
1997,299,1182747
1997,300,1258057
1997,301,2196984
1997,302,1089485
1997,303,961198
1997,304,860080
1997,305,1519274
1997,306,2402041
1997,307,1053582
1997,308,930257
1997,309,852785
1997,310,785428
1997,311,728349
1997,312,679397
1997,313,637583
1997,314,630775
1997,315,576972
1997,316,545088
1997,317,515377
1997,318,1771127
1997,319,681838
1997,320,634585
1997,321,589072
1997,322,560310
1997,323,518427
1997,324,485461
1997,325,458755
1997,326,433316
1997,327,411157
1997,328,390944
1997,329,372614
1997,330,355381
1997,331,339750
1997,332,325168
1997,333,764986
1997,334,931340
1997,335,385116
1997,336,435768
1997,337,464035
1997,338,347809
1997,339,1021104
1997,340,405946
1997,341,373157
1997,342,449167
1997,343,356458
1997,344,679466
1997,345,506473
1997,346,375656
1997,347,358356
1997,348,337148
1997,349,323650
1997,350,336515
1997,351,284348
1997,352,266114
1997,353,251651
1997,354,290430
1997,355,503194
1997,356,263945
1997,357,230682
1997,358,218167
1997,359,205892
1997,360,193968
1997,361,1716114
1997,362,362479
1997,363,283062
1997,364,271204
1997,365,278261
1997,366,279693
1998,1,235572
1998,2,357099
1998,3,2408871
1998,4,838318
1998,5,470544
1998,6,455249
1998,7,435733
1998,8,414183
1998,9,388114
1998,10,344812
1998,11,306859
1998,12,274802
1998,13,256200
1998,14,339006
1998,15,225830
1998,16,209219
1998,17,194667
1998,18,199951
1998,19,803609
1998,20,255139
1998,21,201880
1998,22,179962
1998,23,203636
1998,24,155974
1998,25,152674
1998,26,137650
1998,27,160958
1998,28,126644
1998,29,120945
1998,30,115999
1998,31,121848
1998,32,200750
1998,33,801014
1998,34,143852
1998,35,135256
1998,36,126886
1998,37,126004
1998,38,196291
1998,39,161076
1998,40,497433
1998,41,132119
1998,42,124635
1998,43,116971
1998,44,111562
1998,45,106277
1998,46,101097
1998,47,95964.3
1998,48,133101
1998,49,122408
1998,50,87030
1998,51,83572.5
1998,52,532787
1998,53,213764
1998,54,1267178
1998,55,2817268
1998,56,307396
1998,57,311364
1998,58,290408
1998,59,517606
1998,60,285800
1998,61,271905
1998,62,255889
1998,63,238450
1998,64,219854
1998,65,239258
1998,66,507589
1998,67,262516
1998,68,215257
1998,69,188338
1998,70,160248
1998,71,138945
1998,72,123183
1998,73,111308
1998,74,101899
1998,75,273257
1998,76,103424
1998,77,129344
1998,78,384302
1998,79,390257
1998,80,671475
1998,81,362044
1998,82,2982140
1998,83,706119
1998,84,366290
1998,85,360943
1998,86,356606
1998,87,354696
1998,88,329411
1998,89,309292
1998,90,992517
1998,91,424384
1998,92,361419
1998,93,432549
1998,94,467607
1998,95,309256
1998,96,288196
1998,97,238442
1998,98,209261
1998,99,185986
1998,100,177958
1998,101,165172
1998,102,145328
1998,103,293017
1998,104,4231279
1998,105,467708
1998,106,452673
1998,107,436258
1998,108,415388
1998,109,390724
1998,110,367370
1998,111,411360
1998,112,332354
1998,113,393209
1998,114,309901
1998,115,296829
1998,116,288374
1998,117,272443
1998,118,259128
1998,119,229876
1998,120,211235
1998,121,544854
1998,122,419392
1998,123,255902
1998,124,215152
1998,125,201548
1998,126,190456
1998,127,180086
1998,128,171045
1998,129,161472
1998,130,153649
1998,131,146919
1998,132,142117
1998,133,160735
1998,134,133459
1998,135,129507
1998,136,129071
1998,137,174259
1998,138,256274
1998,139,125197
1998,140,184130
1998,141,222482
1998,142,123821
1998,143,120817
1998,144,118192
1998,145,115858
1998,146,114264
1998,147,362609
1998,148,525708
1998,149,968149
1998,150,377623
1998,151,232687
1998,152,243370
1998,153,248572
1998,154,292861
1998,155,1564466
1998,156,769667
1998,157,455183
1998,158,463440
1998,159,478104
1998,160,599940
1998,161,564892
1998,162,1027272
1998,163,1189432
1998,164,640056
1998,165,597832
1998,166,560676
1998,167,712624
1998,168,943189
1998,169,597531
1998,170,549464
1998,171,511803
1998,172,480014
1998,173,452441
1998,174,428366
1998,175,670919
1998,176,967329
1998,177,595112
1998,178,488383
1998,179,456699
1998,180,491620
1998,181,440517
1998,182,471818
1998,183,375495
1998,184,1042159
1998,185,479683
1998,186,439506
1998,187,483766
1998,188,507187
1998,189,483274
1998,190,423779
1998,191,406497
1998,192,390148
1998,193,455496
1998,194,838133
1998,195,502099
1998,196,437765
1998,197,426724
1998,198,416683
1998,199,398409
1998,200,379995
1998,201,362436
1998,202,346455
1998,203,330591
1998,204,314429
1998,205,301071
1998,206,287378
1998,207,892389
1998,208,557954
1998,209,1520245
1998,210,405252
1998,211,645165
1998,212,396133
1998,213,489861
1998,214,680943
1998,215,394976
1998,216,385373
1998,217,377497
1998,218,369713
1998,219,359400
1998,220,347293
1998,221,459412
1998,222,4336378
1998,223,5833068
1998,224,2059394
1998,225,1052902
1998,226,1171396
1998,227,928230
1998,228,901494
1998,229,841056
1998,230,979534
1998,231,1001846
1998,232,1216064
1998,233,910919
1998,234,913799
1998,235,832378
1998,236,800182
1998,237,748322
1998,238,2520475
1998,239,1527426
1998,240,1120660
1998,241,842510
1998,242,1029606
1998,243,1513364
1998,244,768663
1998,245,711457
1998,246,661682
1998,247,616317
1998,248,587566
1998,249,614913
1998,250,2642038
1998,251,1677077
1998,252,817475
1998,253,764389
1998,254,715080
1998,255,674058
1998,256,678144
1998,257,2015933
1998,258,934539
1998,259,813304
1998,260,791107
1998,261,770844
1998,262,772767
1998,263,1620218
1998,264,1973418
1998,265,1092014
1998,266,1037653
1998,267,945198
1998,268,1181868
1998,269,3780139
1998,270,2326613
1998,271,1433846
1998,272,1341379
1998,273,1257723
1998,274,1596190
1998,275,0
1998,276,1371788
1998,277,1292344
1998,278,1942642
1998,279,1236978
1998,280,1150216
1998,281,1075609
1998,282,1159056
1998,283,2512958
1998,284,4278402
1998,285,1697040
1998,286,1567002
1998,287,1461193
1998,288,1370237
1998,289,1293050
1998,290,1212755
1998,291,1143406
1998,292,1120147
1998,293,2442290
1998,294,2079992
1998,295,2159206
1998,296,6410864
1998,297,3587590
1998,298,3455250
1998,299,3498460
1998,300,3550988
1998,301,3754409
1998,302,2943690
1998,303,1928556
1998,304,1729500
1998,305,1557976
1998,306,1708284
1998,307,2515417
1998,308,1525975
1998,309,1373551
1998,310,1250677
1998,311,1128886
1998,312,1028992
1998,313,943963
1998,314,1135967
1998,315,4153773
1998,316,1573318
1998,317,1262740
1998,318,1170068
1998,319,1087826
1998,320,1226817
1998,321,1017798
1998,322,925182
1998,323,1217359
1998,324,856361
1998,325,4278254
1998,326,1348614
1998,327,1252710
1998,328,1182897
1998,329,1107089
1998,330,996462
1998,331,903190
1998,332,2693536
1998,333,1117848
1998,334,1026073
1998,335,949617
1998,336,887531
1998,337,1385171
1998,338,1376756
1998,339,1336863
1998,340,1176675
1998,341,1070961
1998,342,822303
1998,343,829727
1998,344,2483139
1998,345,1689299
1998,346,3013335
1998,347,3581731
1998,348,1483069
1998,349,1287016
1998,350,1176985
1998,351,1070640
1998,352,958566
1998,353,863979
1998,354,769216
1998,355,695254
1998,356,630791
1998,357,578846
1998,358,537597
1998,359,496355
1998,360,459292
1998,361,583760
1998,362,413781
1998,363,382985
1998,364,358976
1998,365,471287
1998,366,353626
1999,1,665024
1999,2,334032
1999,3,471102
1999,4,299105
1999,5,284916
1999,6,272421
1999,7,260885
1999,8,287709
1999,9,242883
1999,10,232607
1999,11,253281
1999,12,604164
1999,13,1976102
1999,14,3030695
1999,15,1395414
1999,16,913578
1999,17,1170050
1999,18,805376
1999,19,591213
1999,20,552780
1999,21,510325
1999,22,805397
1999,23,810720
1999,24,2902290
1999,25,912488
1999,26,996323
1999,27,1075813
1999,28,671322
1999,29,559023
1999,30,515877
1999,31,930022
1999,32,460357
1999,33,403770
1999,34,360805
1999,35,348646
1999,36,301751
1999,37,277700
1999,38,280956
1999,39,1917344
1999,40,471431
1999,41,482865
1999,42,348174
1999,43,320720
1999,44,294639
1999,45,271683
1999,46,251234
1999,47,247836
1999,48,238416
1999,49,206742
1999,50,195301
1999,51,198003
1999,52,219532
1999,53,180557
1999,54,172453
1999,55,155368
1999,56,148398
1999,57,143309
1999,58,137210
1999,59,132529
1999,60,157584
1999,61,189424
1999,62,282911
1999,63,125190
1999,64,120350
1999,65,116777
1999,66,113476
1999,67,110441
1999,68,107590
1999,69,104976
1999,70,102437
1999,71,100190
1999,72,883616
1999,73,115981
1999,74,114930
1999,75,113196
1999,76,338253
1999,77,116129
1999,78,187696
1999,79,1009204
1999,80,558996
1999,81,181080
1999,82,182982
1999,83,180934
1999,84,1306772
1999,85,735323
1999,86,346986
1999,87,583578
1999,88,418676
1999,89,291081
1999,90,266194
1999,91,240246
1999,92,218806
1999,93,202077
1999,94,180972
1999,95,1349984
1999,96,311625
1999,97,281545
1999,98,256400
1999,99,446494
1999,100,1013503
1999,101,319375
1999,102,283000
1999,103,258310
1999,104,238741
1999,105,220441
1999,106,203813
1999,107,189132
1999,108,176017
1999,109,193612
1999,110,218228
1999,111,150949
1999,112,140299
1999,113,131276
1999,114,148951
1999,115,200482
1999,116,118499
1999,117,115711
1999,118,251034
1999,119,112028
1999,120,173720
1999,121,106338
1999,122,102337
1999,123,99634.3
1999,124,97811.5
1999,125,92853.7
1999,126,336769
1999,127,187027
1999,128,104927
1999,129,102746
1999,130,130956
1999,131,3541550
1999,132,4211518
1999,133,1012240
1999,134,640390
1999,135,766647
1999,136,1026504
1999,137,1155499
1999,138,830591
1999,139,819993
1999,140,795712
1999,141,747655
1999,142,695859
1999,143,649796
1999,144,612737
1999,145,575369
1999,146,509135
1999,147,441951
1999,148,387958
1999,149,345698
1999,150,312058
1999,151,406662
1999,152,285811
1999,153,262647
1999,154,245889
1999,155,231879
1999,156,222917
1999,157,210695
1999,158,204836
1999,159,195306
1999,160,199238
1999,161,186526
1999,162,178544
1999,163,198020
1999,164,280175
1999,165,380008
1999,166,185258
1999,167,181452
1999,168,177751
1999,169,174141
1999,170,170747
1999,171,167436
1999,172,164266
1999,173,161319
1999,174,253065
1999,175,163028
1999,176,160626
1999,177,158277
1999,178,155743
1999,179,278728
1999,180,1098846
1999,181,233984
1999,182,236912
1999,183,238947
1999,184,241158
1999,185,241898
1999,186,241943
1999,187,241933
1999,188,240714
1999,189,258354
1999,190,237098
1999,191,291807
1999,192,434040
1999,193,264048
1999,194,260839
1999,195,248913
1999,196,238095
1999,197,228001
1999,198,218831
1999,199,210535
1999,200,202719
1999,201,232316
1999,202,196050
1999,203,188411
1999,204,182570
1999,205,196466
1999,206,312410
1999,207,184172
1999,208,179245
1999,209,174486
1999,210,169961
1999,211,165812
1999,212,165948
1999,213,246928
1999,214,163432
1999,215,160028
1999,216,156082
1999,217,152260
1999,218,715984
1999,219,173880
1999,220,171006
1999,221,167105
1999,222,163103
1999,223,159089
1999,224,1054529
1999,225,204212
1999,226,202701
1999,227,200451
1999,228,371175
1999,229,204370
1999,230,200767
1999,231,197011
1999,232,289325
1999,233,3641018
1999,234,431154
1999,235,430789
1999,236,1061353
1999,237,545505
1999,238,1835056
1999,239,5533954
1999,240,1116703
1999,241,920770
1999,242,857235
1999,243,787231
1999,244,722647
1999,245,679523
1999,246,654639
1999,247,631265
1999,248,2011636
1999,249,852156
1999,250,843607
1999,251,747824
1999,252,700598
1999,253,888656
1999,254,671698
1999,255,550846
1999,256,500334
1999,257,462862
1999,258,1621456
1999,259,541522
1999,260,504720
1999,261,478422
1999,262,457358
1999,263,677832
1999,264,1036991
1999,265,492769
1999,266,472569
1999,267,453909
1999,268,435671
1999,269,421015
1999,270,409135
1999,271,398150
1999,272,387808
1999,273,371985
1999,274,1760114
1999,275,0
1999,276,609566
1999,277,491421
1999,278,2730613
1999,279,1481920
1999,280,1043020
1999,281,3175450
1999,282,885470
1999,283,840330
1999,284,803539
1999,285,779410
1999,286,760008
1999,287,739826
1999,288,718644
1999,289,1703162
1999,290,1347278
1999,291,909109
1999,292,845312
1999,293,760359
1999,294,685552
1999,295,625958
1999,296,7043371
1999,297,2280728
1999,298,1455274
1999,299,1594433
1999,300,1582686
1999,301,1727833
1999,302,2146294
1999,303,2733735
1999,304,2805190
1999,305,3226503
1999,306,3859856
1999,307,4910996
1999,308,3738807
1999,309,2368098
1999,310,2608529
1999,311,1932611
1999,312,1768110
1999,313,1518910
1999,314,1354694
1999,315,3203727
1999,316,1695255
1999,317,2328138
1999,318,1535810
1999,319,1365568
1999,320,1227547
1999,321,1123780
1999,322,1496711
1999,323,1014482
1999,324,927644
1999,325,858829
1999,326,1195218
1999,327,817204
1999,328,1005029
1999,329,1310855
1999,330,795151
1999,331,744590
1999,332,694792
1999,333,649968
1999,334,611267
1999,335,576529
1999,336,545543
1999,337,515533
1999,338,488585
1999,339,466507
1999,340,461146
1999,341,422098
1999,342,405801
1999,343,397267
1999,344,741013
1999,345,380620
1999,346,361897
1999,347,343496
1999,348,333900
1999,349,323247
1999,350,302162
1999,351,290302
1999,352,279239
1999,353,268728
1999,354,266008
1999,355,591831
1999,356,260952
1999,357,251621
1999,358,248285
1999,359,625720
1999,360,861422
1999,361,270913
1999,362,262911
1999,363,254459
1999,364,243345
1999,365,234856
1999,366,223330
2000,1,214730
2000,2,206757
2000,3,325722
2000,4,243986
2000,5,192224
2000,6,183214
2000,7,174875
2000,8,235640
2000,9,161528
2000,10,152842
2000,11,148043
2000,12,139613
2000,13,134007
2000,14,147565
2000,15,429075
2000,16,134216
2000,17,132898
2000,18,637351
2000,19,140877
2000,20,135931
2000,21,130351
2000,22,152279
2000,23,121925
2000,24,116817
2000,25,112007
2000,26,107475
2000,27,103008
2000,28,98786.4
2000,29,177936
2000,30,106146
2000,31,92308.1
2000,32,89949.9
2000,33,88230.8
2000,34,81096.9
2000,35,78058.9
2000,36,75467.9
2000,37,73213.4
2000,38,71332.2
2000,39,69606.3
2000,40,112799
2000,41,140089
2000,42,67448.3
2000,43,64934.9
2000,44,63335.7
2000,45,61837.4
2000,46,60420.2
2000,47,59058.6
2000,48,65834.2
2000,49,56702.5
2000,50,76517.3
2000,51,80808.6
2000,52,73877.6
2000,53,78079.2
2000,54,52189.9
2000,55,51133.5
2000,56,53170.9
2000,57,49284.9
2000,58,48363.5
2000,59,47492.2
2000,60,46672.7
2000,61,46264.6
2000,62,45109.2
2000,63,44897.4
2000,64,43782.1
2000,65,43137.8
2000,66,42399.5
2000,67,41760.1
2000,68,41155.6
2000,69,40546.9
2000,70,164103
2000,71,40718.8
2000,72,39330.6
2000,73,38528.6
2000,74,37906.2
2000,75,1350289
2000,76,734614
2000,77,63228.4
2000,78,71478
2000,79,77721.5
2000,80,81907.2
2000,81,83973.2
2000,82,308853
2000,83,103226
2000,84,103612
2000,85,99344
2000,86,113269
2000,87,281861
2000,88,427838
2000,89,144987
2000,90,122781
2000,91,103697
2000,92,90158.2
2000,93,80843
2000,94,72549.9
2000,95,65710.4
2000,96,60051.7
2000,97,54945.5
2000,98,1259594
2000,99,330899
2000,100,2332025
2000,101,355936
2000,102,1047250
2000,103,335062
2000,104,309788
2000,105,295953
2000,106,280371
2000,107,391592
2000,108,1962300
2000,109,26733852
2000,110,2413038
2000,111,2367734
2000,112,2220153
2000,113,3219160
2000,114,3128132
2000,115,2686790
2000,116,1697835
2000,117,1430816
2000,118,1220792
2000,119,1058596
2000,120,931626
2000,121,1066734
2000,122,2295092
2000,123,3016949
2000,124,1349566
2000,125,1109385
2000,126,943599
2000,127,2997357
2000,128,1134900
2000,129,1016338
2000,130,921906
2000,131,850808
2000,132,988691
2000,133,2425772
2000,134,1018097
2000,135,964706
2000,136,1387864
2000,137,946080
2000,138,873452
2000,139,813328
2000,140,943604
2000,141,752806
2000,142,775754
2000,143,1020068
2000,144,698753
2000,145,864729
2000,146,666241
2000,147,635795
2000,148,599078
2000,149,567387
2000,150,539740
2000,151,513516
2000,152,490191
2000,153,468856
2000,154,449307
2000,155,430807
2000,156,2163465
2000,157,605629
2000,158,593105
2000,159,581078
2000,160,565423
2000,161,550986
2000,162,538630
2000,163,526096
2000,164,511900
2000,165,497886
2000,166,485949
2000,167,474327
2000,168,462108
2000,169,454558
2000,170,441136
2000,171,419394
2000,172,399532
2000,173,380863
2000,174,487354
2000,175,363585
2000,176,346786
2000,177,435960
2000,178,473522
2000,179,606167
2000,180,2756351
2000,181,757803
2000,182,606038
2000,183,618398
2000,184,628121
2000,185,635419
2000,186,639377
2000,187,638424
2000,188,691735
2000,189,629760
2000,190,1753690
2000,191,813661
2000,192,798137
2000,193,774848
2000,194,1261116
2000,195,791991
2000,196,732884
2000,197,1078960
2000,198,3002836
2000,199,1079255
2000,200,1033495
2000,201,970959
2000,202,924490
2000,203,880061
2000,204,1916374
2000,205,999101
2000,206,943270
2000,207,894501
2000,208,851122
2000,209,806413
2000,210,766363
2000,211,729752
2000,212,692573
2000,213,644010
2000,214,600605
2000,215,638153
2000,216,529844
2000,217,494350
2000,218,562913
2000,219,1205042
2000,220,484409
2000,221,454933
2000,222,429173
2000,223,406249
2000,224,385645
2000,225,1872857
2000,226,587119
2000,227,535985
2000,228,530335
2000,229,524587
2000,230,520003
2000,231,514784
2000,232,509938
2000,233,505276
2000,234,493544
2000,235,481870
2000,236,468715
2000,237,453586
2000,238,437867
2000,239,424538
2000,240,395783
2000,241,372854
2000,242,353004
2000,243,335671
2000,244,319947
2000,245,305417
2000,246,291819
2000,247,279255
2000,248,267878
2000,249,257344
2000,250,247718
2000,251,238082
2000,252,229573
2000,253,221675
2000,254,214390
2000,255,207594
2000,256,201020
2000,257,219875
2000,258,189825
2000,259,184224
2000,260,1145029
2000,261,213898
2000,262,209931
2000,263,206620
2000,264,861081
2000,265,392194
2000,266,238073
2000,267,237536
2000,268,236112
2000,269,233852
2000,270,230449
2000,271,262587
2000,272,223839
2000,273,2029466
2000,274,760693
2000,275,379439
2000,276,372361
2000,277,365146
2000,278,361360
2000,279,351819
2000,280,341056
2000,281,330650
2000,282,320550
2000,283,309821
2000,284,380738
2000,285,301965
2000,286,2837299
2000,287,1012343
2000,288,688306
2000,289,665791
2000,290,642199
2000,291,2248290
2000,292,1652272
2000,293,1011704
2000,294,1133896
2000,295,1262598
2000,296,11151398
2000,297,5388980
2000,298,4071085
2000,299,4259256
2000,300,4677928
2000,301,4638812
2000,302,6820008
2000,303,4065644
2000,304,2762964
2000,305,2381209
2000,306,2054238
2000,307,1790177
2000,308,1580623
2000,309,1864186
2000,310,2171654
2000,311,1457574
2000,312,1296654
2000,313,1145710
2000,314,2310734
2000,315,1659884
2000,316,1221983
2000,317,1186880
2000,318,1008479
2000,319,933668
2000,320,871312
2000,321,862395
2000,322,842584
2000,323,1297188
2000,324,801132
2000,325,747915
2000,326,705871
2000,327,1724582
2000,328,1061604
2000,329,788133
2000,330,739759
2000,331,695692
2000,332,786695
2000,333,668834
2000,334,615841
2000,335,578154
2000,336,548183
2000,337,576653
2000,338,601745
2000,339,488621
2000,340,463377
2000,341,446753
2000,342,418130
2000,343,391617
2000,344,371252
2000,345,353394
2000,346,655466
2000,347,374985
2000,348,346881
2000,349,1122837
2000,350,416978
2000,351,354279
2000,352,340630
2000,353,327571
2000,354,726173
2000,355,1452358
2000,356,1427530
2000,357,715808
2000,358,1613267
2000,359,2121132
2000,360,2194374
2000,361,888420
2000,362,842504
2000,363,798448
2000,364,720818
2000,365,654300
2000,366,597063
2001,1,548814
2001,2,504196
2001,3,478151
2001,4,414826
2001,5,376341
2001,6,414420
2001,7,1495492
2001,8,523875
2001,9,425471
2001,10,378754
2001,11,339740
2001,12,888931
2001,13,1416850
2001,14,971260
2001,15,521808
2001,16,588953
2001,17,417377
2001,18,442554
2001,19,735451
2001,20,390567
2001,21,362359
2001,22,1603212
2001,23,475624
2001,24,429353
2001,25,389026
2001,26,2360389
2001,27,896508
2001,28,907119
2001,29,613740
2001,30,863907
2001,31,487869
2001,32,435046
2001,33,390456
2001,34,405316
2001,35,351371
2001,36,301649
2001,37,273131
2001,38,251117
2001,39,233492
2001,40,218866
2001,41,233597
2001,42,193159
2001,43,182177
2001,44,173116
2001,45,181937
2001,46,452856
2001,47,249449
2001,48,165883
2001,49,157640
2001,50,240641
2001,51,150406
2001,52,211714
2001,53,142098
2001,54,137397
2001,55,136635
2001,56,129122
2001,57,256745
2001,58,150230
2001,59,136915
2001,60,223554
2001,61,916261
2001,62,613213
2001,63,3373892
2001,64,409844
2001,65,2619936
2001,66,491016
2001,67,488484
2001,68,901305
2001,69,619537
2001,70,511465
2001,71,549811
2001,72,444058
2001,73,572532
2001,74,842315
2001,75,468225
2001,76,582946
2001,77,396497
2001,78,361924
2001,79,293777
2001,80,297550
2001,81,232709
2001,82,209810
2001,83,191701
2001,84,177200
2001,85,225780
2001,86,270088
2001,87,169180
2001,88,153649
2001,89,348056
2001,90,245718
2001,91,150392
2001,92,183372
2001,93,171675
2001,94,549842
2001,95,215758
2001,96,182894
2001,97,147788
2001,98,142247
2001,99,138091
2001,100,133683
2001,101,128859
2001,102,124168
2001,103,119655
2001,104,114989
2001,105,746256
2001,106,348811
2001,107,1341210
2001,108,354200
2001,109,244022
2001,110,239433
2001,111,233232
2001,112,3029742
2001,113,471004
2001,114,473643
2001,115,472279
2001,116,513165
2001,117,564925
2001,118,1302786
2001,119,1313503
2001,120,686808
2001,121,638487
2001,122,575923
2001,123,522549
2001,124,475198
2001,125,432991
2001,126,395511
2001,127,1299995
2001,128,603689
2001,129,469578
2001,130,414413
2001,131,384389
2001,132,359652
2001,133,333821
2001,134,307796
2001,135,285369
2001,136,266336
2001,137,249577
2001,138,234785
2001,139,235071
2001,140,403742
2001,141,983934
2001,142,304666
2001,143,289253
2001,144,275311
2001,145,263009
2001,146,252650
2001,147,243167
2001,148,233709
2001,149,224584
2001,150,216407
2001,151,209106
2001,152,203398
2001,153,198326
2001,154,193358
2001,155,187334
2001,156,178547
2001,157,170619
2001,158,163411
2001,159,157140
2001,160,151717
2001,161,148893
2001,162,142154
2001,163,646180
2001,164,750356
2001,165,210166
2001,166,210801
2001,167,226463
2001,168,536464
2001,169,243102
2001,170,246461
2001,171,249080
2001,172,251102
2001,173,252904
2001,174,254790
2001,175,255201
2001,176,256012
2001,177,256585
2001,178,250286
2001,179,296740
2001,180,1334331
2001,181,386916
2001,182,375401
2001,183,829494
2001,184,406377
2001,185,385556
2001,186,367570
2001,187,351421
2001,188,336031
2001,189,320935
2001,190,308568
2001,191,299678
2001,192,292083
2001,193,284909
2001,194,276962
2001,195,261439
2001,196,281047
2001,197,232281
2001,198,229555
2001,199,206157
2001,200,645759
2001,201,14813208
2001,202,1005723
2001,203,1070617
2001,204,1044354
2001,205,1020126
2001,206,978406
2001,207,927649
2001,208,871818
2001,209,815744
2001,210,763795
2001,211,714053
2001,212,667964
2001,213,626278
2001,214,587891
2001,215,548887
2001,216,477656
2001,217,424891
2001,218,384565
2001,219,352732
2001,220,326977
2001,221,305699
2001,222,287868
2001,223,340279
2001,224,264404
2001,225,253120
2001,226,243207
2001,227,234363
2001,228,226444
2001,229,228984
2001,230,308523
2001,231,210857
2001,232,205033
2001,233,235077
2001,234,2147524
2001,235,728800
2001,236,290631
2001,237,295683
2001,238,299312
2001,239,301793
2001,240,303097
2001,241,303638
2001,242,305951
2001,243,301730
2001,244,299189
2001,245,2678584
2001,246,654750
2001,247,502584
2001,248,593734
2001,249,478276
2001,250,448922
2001,251,1681724
2001,252,573709
2001,253,495002
2001,254,467577
2001,255,496214
2001,256,513493
2001,257,411860
2001,258,392963
2001,259,374872
2001,260,608812
2001,261,528443
2001,262,1286904
2001,263,417041
2001,264,395749
2001,265,376918
2001,266,354009
2001,267,334947
2001,268,320244
2001,269,308273
2001,270,296858
2001,271,1162374
2001,272,346258
2001,273,335416
2001,274,325564
2001,275,0
2001,276,313777
2001,277,405150
2001,278,294884
2001,279,1099746
2001,280,335358
2001,281,318505
2001,282,307031
2001,283,295842
2001,284,510906
2001,285,293673
2001,286,284287
2001,287,1369809
2001,288,1246888
2001,289,412049
2001,290,446496
2001,291,1393482
2001,292,1423800
2001,293,1160286
2001,294,1449967
2001,295,1580197
2001,296,4527056
2001,297,2648582
2001,298,3123918
2001,299,3682668
2001,300,4338028
2001,301,2114147
2001,302,1973744
2001,303,2046025
2001,304,3398870
2001,305,4994296
2001,306,2610863
2001,307,2469580
2001,308,2489206
2001,309,2688393
2001,310,2680255
2001,311,2916181
2001,312,3671906
2001,313,1992859
2001,314,2049425
2001,315,2050542
2001,316,1496968
2001,317,2098910
2001,318,1396011
2001,319,1242336
2001,320,1117506
2001,321,1563338
2001,322,1444293
2001,323,1769906
2001,324,1173171
2001,325,1043083
2001,326,991811
2001,327,986704
2001,328,841169
2001,329,778182
2001,330,730384
2001,331,681581
2001,332,642035
2001,333,606626
2001,334,575358
2001,335,547654
2001,336,520254
2001,337,493687
2001,338,468105
2001,339,445094
2001,340,424484
2001,341,406252
2001,342,389910
2001,343,374975
2001,344,361085
2001,345,351634
2001,346,335764
2001,347,324104
2001,348,321859
2001,349,303329
2001,350,293672
2001,351,284418
2001,352,275629
2001,353,272200
2001,354,273233
2001,355,251646
2001,356,264545
2001,357,1016788
2001,358,1058588
2001,359,366161
2001,360,257401
2001,361,278266
2001,362,2068709
2001,363,1396357
2001,364,1145304
2001,365,655454
2001,366,498626
2002,1,510639
2002,2,1619828
2002,3,754349
2002,4,854760
2002,5,666866
2002,6,602375
2002,7,532060
2002,8,472857
2002,9,424077
2002,10,384059
2002,11,342089
2002,12,310790
2002,13,526817
2002,14,285542
2002,15,268543
2002,16,260982
2002,17,1718728
2002,18,419599
2002,19,323801
2002,20,293919
2002,21,462907
2002,22,332290
2002,23,1918406
2002,24,723779
2002,25,397257
2002,26,374478
2002,27,348871
2002,28,319104
2002,29,292192
2002,30,267952
2002,31,367976
2002,32,716173
2002,33,280753
2002,34,308799
2002,35,638605
2002,36,889664
2002,37,327705
2002,38,289406
2002,39,709204
2002,40,299432
2002,41,475906
2002,42,287773
2002,43,237419
2002,44,220029
2002,45,204990
2002,46,191242
2002,47,179940
2002,48,400119
2002,49,195027
2002,50,168104
2002,51,155406
2002,52,145225
2002,53,136893
2002,54,129165
2002,55,122657
2002,56,1450022
2002,57,288529
2002,58,183805
2002,59,175189
2002,60,169329
2002,61,158795
2002,62,227618
2002,63,148528
2002,64,140123
2002,65,312476
2002,66,367702
2002,67,153516
2002,68,144581
2002,69,136373
2002,70,128847
2002,71,117758
2002,72,342767
2002,73,781929
2002,74,676974
2002,75,219766
2002,76,278219
2002,77,173589
2002,78,161912
2002,79,173550
2002,80,143209
2002,81,204555
2002,82,154352
2002,83,124117
2002,84,117030
2002,85,234607
2002,86,117576
2002,87,110711
2002,88,102959
2002,89,318422
2002,90,148824
2002,91,102133
2002,92,99642.1
2002,93,380979
2002,94,104300
2002,95,99372.4
2002,96,94770.3
2002,97,420974
2002,98,105332
2002,99,101513
2002,100,97124
2002,101,92970.5
2002,102,89084.8
2002,103,312084
2002,104,102405
2002,105,92642.4
2002,106,350364
2002,107,196848
2002,108,107104
2002,109,102694
2002,110,98391.2
2002,111,94272.7
2002,112,89010.5
2002,113,1747186
2002,114,200488
2002,115,200438
2002,116,198084
2002,117,5620055
2002,118,1473936
2002,119,740241
2002,120,767928
2002,121,758890
2002,122,733134
2002,123,700853
2002,124,662845
2002,125,620856
2002,126,574962
2002,127,529128
2002,128,463109
2002,129,596222
2002,130,423429
2002,131,390306
2002,132,340129
2002,133,298329
2002,134,264415
2002,135,243929
2002,136,216406
2002,137,766313
2002,138,258460
2002,139,494018
2002,140,256058
2002,141,243832
2002,142,233569
2002,143,224267
2002,144,214246
2002,145,204932
2002,146,196378
2002,147,188356
2002,148,181342
2002,149,175818
2002,150,171235
2002,151,167113
2002,152,160766
2002,153,154907
2002,154,148783
2002,155,143193
2002,156,137917
2002,157,151029
2002,158,137748
2002,159,132362
2002,160,124307
2002,161,121241
2002,162,118333
2002,163,115646
2002,164,113167
2002,165,110858
2002,166,108709
2002,167,106642
2002,168,104637
2002,169,102673
2002,170,100755
2002,171,98960.8
2002,172,97248.6
2002,173,95585.8
2002,174,157865
2002,175,94698.7
2002,176,93249.9
2002,177,91824.7
2002,178,167759
2002,179,723740
2002,180,115826
2002,181,117784
2002,182,134984
2002,183,159837
2002,184,493428
2002,185,155642
2002,186,162268
2002,187,168737
2002,188,174689
2002,189,178271
2002,190,259473
2002,191,243506
2002,192,1245102
2002,193,351341
2002,194,343937
2002,195,374375
2002,196,341714
2002,197,477624
2002,198,1297801
2002,199,477851
2002,200,467258
2002,201,1418545
2002,202,1217033
2002,203,683157
2002,204,670052
2002,205,652240
2002,206,632106
2002,207,654770
2002,208,793666
2002,209,581639
2002,210,551344
2002,211,524313
2002,212,498284
2002,213,464233
2002,214,431540
2002,215,402264
2002,216,370335
2002,217,339534
2002,218,313949
2002,219,292505
2002,220,274138
2002,221,1326824
2002,222,402306
2002,223,318691
2002,224,303263
2002,225,288270
2002,226,1057503
2002,227,321723
2002,228,309939
2002,229,298966
2002,230,288489
2002,231,278792
2002,232,269831
2002,233,261508
2002,234,451138
2002,235,262041
2002,236,255790
2002,237,241005
2002,238,231952
2002,239,824164
2002,240,283270
2002,241,273565
2002,242,263626
2002,243,253334
2002,244,242999
2002,245,590711
2002,246,470724
2002,247,825121
2002,248,306944
2002,249,304799
2002,250,315367
2002,251,303451
2002,252,302213
2002,253,300996
2002,254,292560
2002,255,284905
2002,256,651355
2002,257,352821
2002,258,326483
2002,259,321649
2002,260,311827
2002,261,298569
2002,262,282245
2002,263,267540
2002,264,254619
2002,265,242605
2002,266,454302
2002,267,253232
2002,268,229531
2002,269,220631
2002,270,212827
2002,271,203075
2002,272,397810
2002,273,201193
2002,274,194363
2002,275,0
2002,276,188400
2002,277,1066927
2002,278,544220
2002,279,293238
2002,280,296715
2002,281,299418
2002,282,298612
2002,283,296691
2002,284,962593
2002,285,378154
2002,286,381845
2002,287,381760
2002,288,726457
2002,289,400438
2002,290,392427
2002,291,463445
2002,292,591476
2002,293,1110155
2002,294,623202
2002,295,2662395
2002,296,1276477
2002,297,849634
2002,298,831968
2002,299,794193
2002,300,756160
2002,301,2775872
2002,302,1110890
2002,303,1205459
2002,304,1312743
2002,305,1091806
2002,306,1691939
2002,307,1029907
2002,308,930439
2002,309,1065248
2002,310,798355
2002,311,717157
2002,312,651742
2002,313,597579
2002,314,552940
2002,315,861380
2002,316,529970
2002,317,483637
2002,318,449417
2002,319,724421
2002,320,2360513
2002,321,839542
2002,322,616070
2002,323,564425
2002,324,722517
2002,325,706690
2002,326,528719
2002,327,583894
2002,328,656274
2002,329,471690
2002,330,447558
2002,331,801688
2002,332,466693
2002,333,752101
2002,334,2905698
2002,335,771391
2002,336,970622
2002,337,699267
2002,338,1921995
2002,339,774581
2002,340,724912
2002,341,676011
2002,342,624840
2002,343,572882
2002,344,545022
2002,345,1775075
2002,346,692558
2002,347,640784
2002,348,1378835
2002,349,3432102
2002,350,1190159
2002,351,932385
2002,352,843073
2002,353,1542622
2002,354,3932894
2002,355,1203351
2002,356,1113931
2002,357,1031447
2002,358,954010
2002,359,876789
2002,360,783264
2002,361,705668
2002,362,675699
2002,363,586809
2002,364,760746
2002,365,586337
2002,366,486752
2003,1,537581
2003,2,426996
2003,3,390637
2003,4,362903
2003,5,350241
2003,6,573299
2003,7,2511723
2003,8,583263
2003,9,473042
2003,10,447169
2003,11,422496
2003,12,399772
2003,13,859422
2003,14,410861
2003,15,1212154
2003,16,683413
2003,17,475913
2003,18,475789
2003,19,1007354
2003,20,1423309
2003,21,604862
2003,22,521628
2003,23,460940
2003,24,411826
2003,25,417309
2003,26,345355
2003,27,345707
2003,28,1170152
2003,29,437780
2003,30,358055
2003,31,323608
2003,32,295796
2003,33,272616
2003,34,251076
2003,35,232007
2003,36,217810
2003,37,206582
2003,38,196991
2003,39,188591
2003,40,237195
2003,41,177555
2003,42,171394
2003,43,165100
2003,44,159414
2003,45,156999
2003,46,151943
2003,47,145150
2003,48,140982
2003,49,137059
2003,50,179824
2003,51,130466
2003,52,126953
2003,53,123585
2003,54,312123
2003,55,121223
2003,56,116599
2003,57,113498
2003,58,110555
2003,59,127795
2003,60,107013
2003,61,102652
2003,62,100224
2003,63,97843.1
2003,64,106094
2003,65,173400
2003,66,92271.4
2003,67,166206
2003,68,89483.6
2003,69,87295.6
2003,70,85233.3
2003,71,83255.7
2003,72,81346.5
2003,73,79540.8
2003,74,77793.6
2003,75,76107.1
2003,76,74506.6
2003,77,107157
2003,78,71872.6
2003,79,70393.5
2003,80,68944.6
2003,81,70730.4
2003,82,159162
2003,83,65980
2003,84,147516
2003,85,82353.1
2003,86,420753
2003,87,68068.7
2003,88,65908.4
2003,89,64304.8
2003,90,167878
2003,91,721239
2003,92,90698.1
2003,93,88179.9
2003,94,957869
2003,95,147053
2003,96,146141
2003,97,145484
2003,98,143925
2003,99,140132
2003,100,135083
2003,101,125243
2003,102,116212
2003,103,107788
2003,104,100947
2003,105,95130
2003,106,87404.4
2003,107,81391.1
2003,108,1262342
2003,109,266726
2003,110,173625
2003,111,156372
2003,112,144306
2003,113,133455
2003,114,351920
2003,115,382038
2003,116,178139
2003,117,149149
2003,118,142860
2003,119,2261226
2003,120,3469413
2003,121,666598
2003,122,685507
2003,123,636794
2003,124,583528
2003,125,531400
2003,126,727069
2003,127,1063569
2003,128,639262
2003,129,522075
2003,130,478713
2003,131,442302
2003,132,449404
2003,133,2065744
2003,134,7323534
2003,135,1555166
2003,136,1386879
2003,137,1174691
2003,138,1090409
2003,139,7615165
2003,140,1957657
2003,141,1718442
2003,142,1716290
2003,143,1437269
2003,144,1307883
2003,145,1199802
2003,146,1106243
2003,147,1106517
2003,148,2410611
2003,149,1648189
2003,150,1163111
2003,151,1040461
2003,152,1710062
2003,153,1648562
2003,154,1056132
2003,155,996708
2003,156,892426
2003,157,832571
2003,158,795718
2003,159,1543165
2003,160,964363
2003,161,847083
2003,162,812884
2003,163,770171
2003,164,729678
2003,165,986625
2003,166,2223579
2003,167,931725
2003,168,887434
2003,169,847288
2003,170,3541735
2003,171,3542772
2003,172,1599085
2003,173,1478897
2003,174,1417371
2003,175,1963065
2003,176,2167686
2003,177,1527520
2003,178,1423815
2003,179,1357500
2003,180,1576577
2003,181,1331758
2003,182,1207888
2003,183,1139524
2003,184,1077376
2003,185,1000270
2003,186,952379
2003,187,868196
2003,188,814867
2003,189,768699
2003,190,725048
2003,191,683559
2003,192,646200
2003,193,612377
2003,194,581543
2003,195,565869
2003,196,525127
2003,197,1557032
2003,198,1053767
2003,199,568628
2003,200,560542
2003,201,527817
2003,202,508862
2003,203,510115
2003,204,3291908
2003,205,668024
2003,206,657756
2003,207,644186
2003,208,818496
2003,209,3186981
2003,210,848655
2003,211,834583
2003,212,803856
2003,213,764711
2003,214,731724
2003,215,686158
2003,216,3740441
2003,217,1118451
2003,218,1573308
2003,219,1001892
2003,220,913879
2003,221,858623
2003,222,779233
2003,223,723959
2003,224,662887
2003,225,612310
2003,226,570274
2003,227,534534
2003,228,503371
2003,229,476051
2003,230,451899
2003,231,421706
2003,232,395761
2003,233,372671
2003,234,352701
2003,235,334958
2003,236,319082
2003,237,304841
2003,238,291929
2003,239,280052
2003,240,269014
2003,241,258639
2003,242,248982
2003,243,240062
2003,244,231590
2003,245,223525
2003,246,215867
2003,247,282533
2003,248,204269
2003,249,197650
2003,250,1132704
2003,251,220929
2003,252,217788
2003,253,214682
2003,254,211739
2003,255,208904
2003,256,213355
2003,257,202889
2003,258,199842
2003,259,196888
2003,260,193945
2003,261,190960
2003,262,187731
2003,263,184531
2003,264,181195
2003,265,174514
2003,266,168248
2003,267,162409
2003,268,1912948
2003,269,336340
2003,270,244792
2003,271,243326
2003,272,241520
2003,273,239140
2003,274,240612
2003,275,0
2003,276,251049
2003,277,1038888
2003,278,283301
2003,279,281358
2003,280,346179
2003,281,278255
2003,282,273593
2003,283,267881
2003,284,251392
2003,285,236932
2003,286,224316
2003,287,212423
2003,288,1110642
2003,289,264266
2003,290,252807
2003,291,240798
2003,292,226933
2003,293,210545
2003,294,198450
2003,295,6572617
2003,296,854783
2003,297,841883
2003,298,1080394
2003,299,1068415
2003,300,1285664
2003,301,2686475
2003,302,2188654
2003,303,2734908
2003,304,5331264
2003,305,6315965
2003,306,5480738
2003,307,6348677
2003,308,6623476
2003,309,7165519
2003,310,7817724
2003,311,8601182
2003,312,5547177
2003,313,4923344
2003,314,3583897
2003,315,3694423
2003,316,2706924
2003,317,3973118
2003,318,2507724
2003,319,2136570
2003,320,1856949
2003,321,1634046
2003,322,1449740
2003,323,1351400
2003,324,1317554
2003,325,1133724
2003,326,1040375
2003,327,1076572
2003,328,965448
2003,329,868246
2003,330,817096
2003,331,879896
2003,332,1246596
2003,333,755530
2003,334,714939
2003,335,744403
2003,336,652238
2003,337,621808
2003,338,611256
2003,339,568117
2003,340,543882
2003,341,553400
2003,342,502556
2003,343,674595
2003,344,501481
2003,345,510611
2003,346,444718
2003,347,505545
2003,348,428441
2003,349,398032
2003,350,382575
2003,351,368031
2003,352,491287
2003,353,349850
2003,354,351214
2003,355,326080
2003,356,364766
2003,357,401281
2003,358,300244
2003,359,384501
2003,360,473113
2003,361,460911
2003,362,1113460
2003,363,360437
2003,364,539910
2003,365,321629
2003,366,311978
2004,1,1675058
2004,2,2029368
2004,3,539270
2004,4,3049092
2004,5,2145423
2004,6,1014549
2004,7,904180
2004,8,4356376
2004,9,1390092
2004,10,1474330
2004,11,1097316
2004,12,1677390
2004,13,2496024
2004,14,1601771
2004,15,1439825
2004,16,1019496
2004,17,865680
2004,18,1132589
2004,19,1516284
2004,20,1143979
2004,21,11608558
2004,22,2858888
2004,23,3521076
2004,24,1796928
2004,25,1522452
2004,26,1302293
2004,27,1118112
2004,28,962892
2004,29,847011
2004,30,754778
2004,31,679307
2004,32,618092
2004,33,570332
2004,34,520480
2004,35,480377
2004,36,487274
2004,37,416697
2004,38,681700
2004,39,393738
2004,40,380548
2004,41,447217
2004,42,373667
2004,43,317432
2004,44,302335
2004,45,288991
2004,46,276972
2004,47,266232
2004,48,256177
2004,49,570331
2004,50,252739
2004,51,243096
2004,52,3895220
2004,53,2020295
2004,54,3260357
2004,55,614029
2004,56,627568
2004,57,623621
2004,58,1202244
2004,59,646589
2004,60,612598
2004,61,575269
2004,62,538264
2004,63,908788
2004,64,547719
2004,65,972344
2004,66,2697480
2004,67,2503863
2004,68,2279831
2004,69,1046784
2004,70,887688
2004,71,1297824
2004,72,737500
2004,73,2561325
2004,74,876702
2004,75,849249
2004,76,701172
2004,77,626719
2004,78,815753
2004,79,584017
2004,80,515094
2004,81,461400
2004,82,414427
2004,83,374926
2004,84,484659
2004,85,338453
2004,86,315471
2004,87,296060
2004,88,284244
2004,89,294880
2004,90,249521
2004,91,378532
2004,92,422872
2004,93,249719
2004,94,904829
2004,95,760135
2004,96,755793
2004,97,599168
2004,98,310194
2004,99,302774
2004,100,294354
2004,101,284766
2004,102,275415
2004,103,266482
2004,104,256991
2004,105,251939
2004,106,1111900
2004,107,519384
2004,108,5888246
2004,109,899431
2004,110,861571
2004,111,2326920
2004,112,2217224
2004,113,1018385
2004,114,942571
2004,115,2765605
2004,116,9804331
2004,117,2159953
2004,118,2577394
2004,119,2004369
2004,120,3015611
2004,121,2281487
2004,122,1701414
2004,123,1444441
2004,124,1383690
2004,125,1154147
2004,126,1033897
2004,127,1533444
2004,128,1005072
2004,129,917847
2004,130,834145
2004,131,741544
2004,132,669164
2004,133,610927
2004,134,564509
2004,135,524323
2004,136,490362
2004,137,2558875
2004,138,767142
2004,139,760684
2004,140,1094929
2004,141,684557
2004,142,659870
2004,143,634536
2004,144,610647
2004,145,690202
2004,146,585808
2004,147,569443
2004,148,552809
2004,149,1009038
2004,150,5623339
2004,151,1934648
2004,152,5251958
2004,153,1731262
2004,154,1637162
2004,155,1519934
2004,156,1495417
2004,157,1317837
2004,158,1221291
2004,159,1897546
2004,160,1642299
2004,161,1245356
2004,162,1173452
2004,163,1112276
2004,164,1048104
2004,165,1076300
2004,166,1270920
2004,167,939816
2004,168,831375
2004,169,770058
2004,170,718645
2004,171,673830
2004,172,664258
2004,173,3059735
2004,174,982064
2004,175,900027
2004,176,865781
2004,177,833988
2004,178,1517657
2004,179,890993
2004,180,866748
2004,181,842669
2004,182,4426359
2004,183,1346311
2004,184,1325274
2004,185,1294140
2004,186,1257649
2004,187,1217577
2004,188,1131780
2004,189,1207123
2004,190,1021878
2004,191,964469
2004,192,913242
2004,193,859769
2004,194,1653854
2004,195,5693782
2004,196,1732363
2004,197,1542111
2004,198,3382618
2004,199,1438791
2004,200,1347588
2004,201,3987343
2004,202,1417574
2004,203,1289039
2004,204,1177358
2004,205,1082491
2004,206,1000659
2004,207,927778
2004,208,4422454
2004,209,1389176
2004,210,1211261
2004,211,1077401
2004,212,975000
2004,213,885294
2004,214,1099376
2004,215,793164
2004,216,732666
2004,217,757308
2004,218,903161
2004,219,2155183
2004,220,1307629
2004,221,913776
2004,222,897647
2004,223,848216
2004,224,808196
2004,225,776019
2004,226,748590
2004,227,723212
2004,228,699470
2004,229,675476
2004,230,651906
2004,231,626426
2004,232,599109
2004,233,569973
2004,234,533624
2004,235,500460
2004,236,471526
2004,237,445490
2004,238,422196
2004,239,401406
2004,240,382438
2004,241,364978
2004,242,348695
2004,243,333546
2004,244,319576
2004,245,306682
2004,246,294674
2004,247,283425
2004,248,272865
2004,249,357377
2004,250,256236
2004,251,247804
2004,252,3368187
2004,253,429692
2004,254,374482
2004,255,379383
2004,256,381693
2004,257,381907
2004,258,380690
2004,259,377761
2004,260,373160
2004,261,367819
2004,262,362256
2004,263,355712
2004,264,347422
2004,265,338267
2004,266,328450
2004,267,360556
2004,268,289499
2004,269,270951
2004,270,621734
2004,271,269111
2004,272,254745
2004,273,241689
2004,274,229752
2004,275,218746
2004,276,208457
2004,277,238606
2004,278,192921
2004,279,391498
2004,280,392977
2004,281,858285
2004,282,597822
2004,283,478051
2004,284,428992
2004,285,560578
2004,286,674580
2004,287,868893
2004,288,1129371
2004,289,1450209
2004,290,1827999
2004,291,3564589
2004,292,1749450
2004,293,3799216
2004,294,3808716
2004,295,2999593
2004,296,1902127
2004,297,1691460
2004,298,1484018
2004,299,1436544
2004,300,1431317
2004,301,989976
2004,302,1007574
2004,303,766314
2004,304,678391
2004,305,686453
2004,306,623185
2004,307,1114348
2004,308,669330
2004,309,546646
2004,310,648386
2004,311,479301
2004,312,448763
2004,313,421220
2004,314,773788
2004,315,418614
2004,316,399169
2004,317,388980
2004,318,1714294
2004,319,1791785
2004,320,761152
2004,321,629986
2004,322,611628
2004,323,587386
2004,324,556882
2004,325,522243
2004,326,490481
2004,327,540959
2004,328,652536
2004,329,645545
2004,330,456356
2004,331,952311
2004,332,2145654
2004,333,785516
2004,334,654692
2004,335,597237
2004,336,543168
2004,337,494822
2004,338,1738680
2004,339,1035403
2004,340,632995
2004,341,689693
2004,342,574360
2004,343,721635
2004,344,529079
2004,345,713884
2004,346,489488
2004,347,437224
2004,348,397113
2004,349,360693
2004,350,671417
2004,351,991349
2004,352,428757
2004,353,411125
2004,354,365674
2004,355,486214
2004,356,323368
2004,357,326439
2004,358,282239
2004,359,262432
2004,360,279239
2004,361,249819
2004,362,1075993
2004,363,475303
2004,364,322325
2004,365,278269
2004,366,259928
2005,1,728405
2005,2,476860
2005,3,431419
2005,4,287617
2005,5,262087
2005,6,2259999
2005,7,789846
2005,8,461838
2005,9,441312
2005,10,416984
2005,11,740028
2005,12,672042
2005,13,398508
2005,14,367216
2005,15,594982
2005,16,1022136
2005,17,436734
2005,18,1112462
2005,19,448747
2005,20,400280
2005,21,350858
2005,22,311701
2005,23,744829
2005,24,315936
2005,25,283961
2005,26,578913
2005,27,272632
2005,28,247589
2005,29,486394
2005,30,243778
2005,31,241284
2005,32,279990
2005,33,217172
2005,34,185272
2005,35,186463
2005,36,214011
2005,37,159698
2005,38,283573
2005,39,155850
2005,40,144912
2005,41,137922
2005,42,131977
2005,43,5961000
2005,44,388265
2005,45,2558907
2005,46,574548
2005,47,747933
2005,48,539776
2005,49,3431060
2005,50,831950
2005,51,767400
2005,52,706345
2005,53,672731
2005,54,3298145
2005,55,1037572
2005,56,984035
2005,57,849490
2005,58,3336534
2005,59,1428591
2005,60,949854
2005,61,799886
2005,62,1094487
2005,63,1679674
2005,64,748109
2005,65,623572
2005,66,1079460
2005,67,576632
2005,68,519764
2005,69,462565
2005,70,417596
2005,71,380593
2005,72,350352
2005,73,386267
2005,74,4575620
2005,75,2014776
2005,76,839955
2005,77,748480
2005,78,680601
2005,79,616934
2005,80,565529
2005,81,529342
2005,82,2226670
2005,83,2858418
2005,84,941204
2005,85,883917
2005,86,813398
2005,87,747125
2005,88,685496
2005,89,592514
2005,90,559607
2005,91,467107
2005,92,837468
2005,93,458545
2005,94,420621
2005,95,390231
2005,96,364684
2005,97,337427
2005,98,312116
2005,99,292319
2005,100,276111
2005,101,1098873
2005,102,574068
2005,103,327243
2005,104,311927
2005,105,297794
2005,106,284741
2005,107,270843
2005,108,425112
2005,109,272330
2005,110,2370884
2005,111,12773814
2005,112,1176029
2005,113,1302255
2005,114,1364939
2005,115,1365144
2005,116,1272227
2005,117,1165350
2005,118,1066434
2005,119,976204
2005,120,1113447
2005,121,11834535
2005,122,2693828
2005,123,2877265
2005,124,2232712
2005,125,1943365
2005,126,1564534
2005,127,1328488
2005,128,1160315
2005,129,1035860
2005,130,937355
2005,131,856253
2005,132,789197
2005,133,734502
2005,134,689342
2005,135,649841
2005,136,628944
2005,137,988310
2005,138,1380593
2005,139,746475
2005,140,622227
2005,141,1221325
2005,142,1315600
2005,143,745258
2005,144,1190356
2005,145,757930
2005,146,712365
2005,147,697147
2005,148,680443
2005,149,661428
2005,150,641919
2005,151,621972
2005,152,890985
2005,153,1423534
2005,154,724992
2005,155,687884
2005,156,647700
2005,157,609302
2005,158,1514944
2005,159,694173
2005,160,656984
2005,161,623092
2005,162,592760
2005,163,567076
2005,164,544467
2005,165,523126
2005,166,1735882
2005,167,682502
2005,168,654914
2005,169,629697
2005,170,605841
2005,171,583599
2005,172,561953
2005,173,532461
2005,174,898696
2005,175,546345
2005,176,535431
2005,177,503015
2005,178,1352092
2005,179,1045669
2005,180,663611
2005,181,1053782
2005,182,7511507
2005,183,1466269
2005,184,1698768
2005,185,5699360
2005,186,1965725
2005,187,1903900
2005,188,1822409
2005,189,1714042
2005,190,1625246
2005,191,2466974
2005,192,1650195
2005,193,2847149
2005,194,3540146
2005,195,2060970
2005,196,1880032
2005,197,1673665
2005,198,1464630
2005,199,1326989
2005,200,1196755
2005,201,1092264
2005,202,1006325
2005,203,935356
2005,204,876186
2005,205,826220
2005,206,777206
2005,207,6400646
2005,208,1302207
2005,209,1188669
2005,210,1096347
2005,211,1020792
2005,212,957712
2005,213,900743
2005,214,847014
2005,215,797190
2005,216,751389
2005,217,739030
2005,218,1676347
2005,219,820125
2005,220,3364940
2005,221,2940583
2005,222,1213848
2005,223,3223666
2005,224,1150387
2005,225,1061407
2005,226,1752478
2005,227,1128751
2005,228,1600809
2005,229,5847946
2005,230,1834011
2005,231,1796469
2005,232,1743988
2005,233,1657901
2005,234,1558866
2005,235,1432142
2005,236,1324320
2005,237,1237638
2005,238,1147477
2005,239,1067190
2005,240,989280
2005,241,910467
2005,242,844445
2005,243,786361
2005,244,721636
2005,245,666948
2005,246,620327
2005,247,580207
2005,248,545086
2005,249,514104
2005,250,486135
2005,251,460606
2005,252,437187
2005,253,415641
2005,254,395912
2005,255,466490
2005,256,437812
2005,257,353405
2005,258,338790
2005,259,325157
2005,260,2008708
2005,261,373196
2005,262,900774
2005,263,389921
2005,264,389868
2005,265,390598
2005,266,449273
2005,267,447208
2005,268,462807
2005,269,409549
2005,270,409350
2005,271,406828
2005,272,401025
2005,273,392969
2005,274,396525
2005,275,0
2005,276,373298
2005,277,347477
2005,278,329010
2005,279,312297
2005,280,296706
2005,281,282027
2005,282,267814
2005,283,432176
2005,284,254718
2005,285,243590
2005,286,281822
2005,287,226930
2005,288,216590
2005,289,208016
2005,290,200032
2005,291,192552
2005,292,185516
2005,293,178812
2005,294,172395
2005,295,449225
2005,296,204944
2005,297,260966
2005,298,4998542
2005,299,1206845
2005,300,1530790
2005,301,1807931
2005,302,4486256
2005,303,17844176
2005,304,5140048
2005,305,3673680
2005,306,2477896
2005,307,3141735
2005,308,17365284
2005,309,6159008
2005,310,3780174
2005,311,3206590
2005,312,2718645
2005,313,3563213
2005,314,2263944
2005,315,1921585
2005,316,1660980
2005,317,1446282
2005,318,1255235
2005,319,1110842
2005,320,997239
2005,321,908484
2005,322,836059
2005,323,763415
2005,324,703625
2005,325,654526
2005,326,613217
2005,327,578564
2005,328,752820
2005,329,1721371
2005,330,613539
2005,331,583006
2005,332,731346
2005,333,778293
2005,334,546118
2005,335,526610
2005,336,1126333
2005,337,566742
2005,338,601580
2005,339,527233
2005,340,511641
2005,341,494652
2005,342,477623
2005,343,458046
2005,344,431008
2005,345,406329
2005,346,383707
2005,347,362714
2005,348,344031
2005,349,328097
2005,350,668466
2005,351,436883
2005,352,334191
2005,353,309229
2005,354,294504
2005,355,281530
2005,356,686920
2005,357,290187
2005,358,286411
2005,359,268191
2005,360,298030
2005,361,301809
2005,362,246488
2005,363,267307
2005,364,655397
2005,365,311855
2005,366,292635
2006,1,239592
2006,2,228848
2006,3,218731
2006,4,777598
2006,5,331680
2006,6,239710
2006,7,933829
2006,8,270325
2006,9,253596
2006,10,498733
2006,11,306791
2006,12,449472
2006,13,240345
2006,14,219462
2006,15,202258
2006,16,216260
2006,17,310830
2006,18,184395
2006,19,171287
2006,20,160036
2006,21,150330
2006,22,140575
2006,23,133970
2006,24,125926
2006,25,119878
2006,26,114520
2006,27,109708
2006,28,164526
2006,29,105287
2006,30,463252
2006,31,139246
2006,32,245521
2006,33,178997
2006,34,104147
2006,35,100090
2006,36,631636
2006,37,233483
2006,38,273131
2006,39,2084730
2006,40,260331
2006,41,230755
2006,42,229968
2006,43,223273
2006,44,1377169
2006,45,342372
2006,46,427939
2006,47,875724
2006,48,1501164
2006,49,676631
2006,50,432225
2006,51,373917
2006,52,326400
2006,53,284643
2006,54,239707
2006,55,209579
2006,56,642943
2006,57,236776
2006,58,533410
2006,59,220259
2006,60,193665
2006,61,172161
2006,62,153480
2006,63,136981
2006,64,124869
2006,65,114287
2006,66,106527
2006,67,100506
2006,68,95791.1
2006,69,186163
2006,70,531946
2006,71,161003
2006,72,109773
2006,73,113946
2006,74,96527.8
2006,75,101389
2006,76,158821
2006,77,87486.4
2006,78,144362
2006,79,94374.4
2006,80,81658
2006,81,205444
2006,82,82803.5
2006,83,80023.6
2006,84,77423.8
2006,85,74404.7
2006,86,71844.2
2006,87,69616.1
2006,88,67613.2
2006,89,181551
2006,90,368620
2006,91,77299.2
2006,92,75273.2
2006,93,128745
2006,94,72711.3
2006,95,70622.7
2006,96,68342.7
2006,97,66371.3
2006,98,64583.7
2006,99,62953.5
2006,100,61459.5
2006,101,60067.7
2006,102,58762.3
2006,103,57550.1
2006,104,56261.1
2006,105,54818.7
2006,106,53545.3
2006,107,134380
2006,108,107149
2006,109,168777
2006,110,59531.7
2006,111,53340.4
2006,112,52150.8
2006,113,51026.4
2006,114,49976
2006,115,48997.4
2006,116,48063
2006,117,47194
2006,118,46379.5
2006,119,255749
2006,120,50339.3
2006,121,49825.5
2006,122,111728
2006,123,50304.8
2006,124,49159.1
2006,125,48018.5
2006,126,46916.6
2006,127,45873.3
2006,128,44877.1
2006,129,51031.7
2006,130,4202824
2006,131,24074120
2006,132,1027957
2006,133,1170478
2006,134,2587232
2006,135,2644638
2006,136,3759328
2006,137,2183468
2006,138,1823681
2006,139,1689590
2006,140,1558977
2006,141,1413326
2006,142,1280451
2006,143,1169180
2006,144,1482787
2006,145,3998654
2006,146,1687129
2006,147,2756587
2006,148,3927895
2006,149,1798932
2006,150,1467792
2006,151,1265506
2006,152,1116721
2006,153,1005050
2006,154,917170
2006,155,877717
2006,156,796487
2006,157,750336
2006,158,710347
2006,159,671309
2006,160,897348
2006,161,641718
2006,162,601102
2006,163,1044418
2006,164,606166
2006,165,572657
2006,166,544834
2006,167,520310
2006,168,498120
2006,169,551735
2006,170,1841501
2006,171,623407
2006,172,615628
2006,173,608158
2006,174,600104
2006,175,1862577
2006,176,1035078
2006,177,798869
2006,178,796218
2006,179,773256
2006,180,762179
2006,181,748642
2006,182,736811
2006,183,4079760
2006,184,1280658
2006,185,1219627
2006,186,1144916
2006,187,1059558
2006,188,996590
2006,189,929194
2006,190,874300
2006,191,827168
2006,192,785818
2006,193,748329
2006,194,714235
2006,195,683157
2006,196,654383
2006,197,627517
2006,198,584571
2006,199,545434
2006,200,2302568
2006,201,642567
2006,202,607044
2006,203,576288
2006,204,549064
2006,205,524198
2006,206,500893
2006,207,478772
2006,208,457396
2006,209,3224334
2006,210,669969
2006,211,633895
2006,212,614228
2006,213,1759105
2006,214,685108
2006,215,859596
2006,216,630300
2006,217,5005876
2006,218,2673862
2006,219,1111179
2006,220,1152684
2006,221,1073324
2006,222,1051170
2006,223,1024664
2006,224,960261
2006,225,903284
2006,226,1975946
2006,227,1049415
2006,228,1003180
2006,229,2835411
2006,230,1185764
2006,231,1115299
2006,232,1024104
2006,233,5333748
2006,234,1617776
2006,235,1511160
2006,236,1412970
2006,237,1598542
2006,238,2432899
2006,239,1650890
2006,240,1401226
2006,241,1305596
2006,242,1216596
2006,243,1135186
2006,244,1924601
2006,245,1151862
2006,246,1182426
2006,247,1030667
2006,248,1009113
2006,249,4167397
2006,250,4746354
2006,251,1629190
2006,252,1487405
2006,253,1382829
2006,254,1297834
2006,255,1224506
2006,256,1159852
2006,257,1246275
2006,258,1079010
2006,259,1024519
2006,260,975196
2006,261,928133
2006,262,884443
2006,263,1048010
2006,264,821847
2006,265,750578
2006,266,693471
2006,267,645137
2006,268,603202
2006,269,575062
2006,270,534994
2006,271,508567
2006,272,480631
2006,273,457401
2006,274,436075
2006,275,0
2006,276,416403
2006,277,618082
2006,278,395280
2006,279,378698
2006,280,363307
2006,281,348920
2006,282,335457
2006,283,322798
2006,284,310686
2006,285,298910
2006,286,287698
2006,287,1072024
2006,288,757530
2006,289,394086
2006,290,418472
2006,291,532452
2006,292,519299
2006,293,647571
2006,294,813870
2006,295,1057694
2006,296,1275394
2006,297,1740087
2006,298,1826692
2006,299,896491
2006,300,972556
2006,301,919415
2006,302,883025
2006,303,834408
2006,304,776705
2006,305,712680
2006,306,703058
2006,307,700273
2006,308,582893
2006,309,1001273
2006,310,593775
2006,311,631053
2006,312,507400
2006,313,813544
2006,314,1131648
2006,315,538431
2006,316,495429
2006,317,456800
2006,318,422160
2006,319,457413
2006,320,466668
2006,321,362084
2006,322,339033
2006,323,320371
2006,324,300864
2006,325,283172
2006,326,266777
2006,327,459369
2006,328,3267963
2006,329,706272
2006,330,1225527
2006,331,624754
2006,332,553112
2006,333,531989
2006,334,507250
2006,335,481387
2006,336,455817
2006,337,430202
2006,338,405053
2006,339,380378
2006,340,356531
2006,341,333309
2006,342,310960
2006,343,281549
2006,344,257995
2006,345,237555
2006,346,220510
2006,347,1020263
2006,348,277455
2006,349,1059801
2006,350,310382
2006,351,1087998
2006,352,347609
2006,353,333295
2006,354,553890
2006,355,415930
2006,356,316105
2006,357,305557
2006,358,287714
2006,359,275182
2006,360,261778
2006,361,247227
2006,362,415754
2006,363,233849
2006,364,212138
2006,365,194448
2006,366,273514
2007,1,175973
2007,2,783940
2007,3,695983
2007,4,440277
2007,5,507855
2007,6,243045
2007,7,228334
2007,8,425192
2007,9,308846
2007,10,355918
2007,11,217667
2007,12,206356
2007,13,195742
2007,14,185067
2007,15,312362
2007,16,181013
2007,17,167406
2007,18,154374
2007,19,142758
2007,20,324911
2007,21,144459
2007,22,131875
2007,23,407289
2007,24,464926
2007,25,304118
2007,26,5959560
2007,27,15784847
2007,28,22309224
2007,29,5797727
2007,30,2584514
2007,31,2790061
2007,32,1874709
2007,33,2200566
2007,34,1628966
2007,35,1614745
2007,36,5050207
2007,37,2046489
2007,38,1661310
2007,39,1388411
2007,40,1644105
2007,41,1108308
2007,42,890513
2007,43,1269006
2007,44,853699
2007,45,645319
2007,46,1177234
2007,47,609468
2007,48,539098
2007,49,671250
2007,50,471181
2007,51,431237
2007,52,1226779
2007,53,1994513
2007,54,578245
2007,55,537619
2007,56,519363
2007,57,487832
2007,58,1005640
2007,59,1139299
2007,60,523678
2007,61,481378
2007,62,609812
2007,63,435220
2007,64,403493
2007,65,519839
2007,66,375314
2007,67,349375
2007,68,323778
2007,69,429241
2007,70,300974
2007,71,284857
2007,72,272360
2007,73,258593
2007,74,247200
2007,75,237465
2007,76,228786
2007,77,490940
2007,78,229301
2007,79,220370
2007,80,212228
2007,81,249606
2007,82,200647
2007,83,194646
2007,84,188965
2007,85,183682
2007,86,217122
2007,87,379993
2007,88,224054
2007,89,2079778
2007,90,289111
2007,91,2053043
2007,92,411392
2007,93,368855
2007,94,1523890
2007,95,3991796
2007,96,881658
2007,97,800677
2007,98,1070680
2007,99,814759
2007,100,778615
2007,101,730822
2007,102,671368
2007,103,615310
2007,104,543212
2007,105,488178
2007,106,501774
2007,107,3331479
2007,108,4466431
2007,109,1591722
2007,110,1154832
2007,111,988188
2007,112,901135
2007,113,774794
2007,114,702514
2007,115,642871
2007,116,826555
2007,117,633402
2007,118,554337
2007,119,518241
2007,120,485740
2007,121,1987427
2007,122,739054
2007,123,644060
2007,124,768157
2007,125,543210
2007,126,497887
2007,127,1763080
2007,128,671555
2007,129,723843
2007,130,574337
2007,131,542520
2007,132,512082
2007,133,483724
2007,134,744770
2007,135,517006
2007,136,460198
2007,137,433989
2007,138,411030
2007,139,389186
2007,140,1843296
2007,141,570443
2007,142,777888
2007,143,1328103
2007,144,613672
2007,145,709974
2007,146,580940
2007,147,559700
2007,148,540243
2007,149,518346
2007,150,1460180
2007,151,4446884
2007,152,1161268
2007,153,1148814
2007,154,1118208
2007,155,1527559
2007,156,1771081
2007,157,1120696
2007,158,1042030
2007,159,972818
2007,160,908339
2007,161,897160
2007,162,4335216
2007,163,1445084
2007,164,1354386
2007,165,1248115
2007,166,1852795
2007,167,1378082
2007,168,1106049
2007,169,1021538
2007,170,6636273
2007,171,1836814
2007,172,1710837
2007,173,1599680
2007,174,1499206
2007,175,1409344
2007,176,2027021
2007,177,3092024
2007,178,1621905
2007,179,1496480
2007,180,1390456
2007,181,1287752
2007,182,1196241
2007,183,1117575
2007,184,1048346
2007,185,1422761
2007,186,987804
2007,187,918043
2007,188,858501
2007,189,808628
2007,190,764983
2007,191,722474
2007,192,678358
2007,193,640711
2007,194,607227
2007,195,577013
2007,196,549723
2007,197,790485
2007,198,538795
2007,199,517453
2007,200,493636
2007,201,470346
2007,202,457625
2007,203,429502
2007,204,412329
2007,205,397140
2007,206,1481872
2007,207,827768
2007,208,513688
2007,209,1528791
2007,210,717463
2007,211,638178
2007,212,637657
2007,213,634504
2007,214,629017
2007,215,622343
2007,216,2928630
2007,217,962508
2007,218,968422
2007,219,964356
2007,220,1422245
2007,221,1448224
2007,222,2675041
2007,223,3109794
2007,224,1512414
2007,225,1414911
2007,226,1326984
2007,227,1244402
2007,228,1367688
2007,229,1329914
2007,230,1259433
2007,231,1059702
2007,232,976698
2007,233,911549
2007,234,854025
2007,235,800371
2007,236,750493
2007,237,698079
2007,238,647130
2007,239,603077
2007,240,564619
2007,241,532232
2007,242,503428
2007,243,475912
2007,244,448153
2007,245,424077
2007,246,402421
2007,247,382688
2007,248,515252
2007,249,357783
2007,250,342496
2007,251,328657
2007,252,315897
2007,253,303893
2007,254,292648
2007,255,282091
2007,256,272061
2007,257,262606
2007,258,253697
2007,259,245255
2007,260,237309
2007,261,229882
2007,262,222920
2007,263,215991
2007,264,209380
2007,265,203117
2007,266,240815
2007,267,192632
2007,268,296396
2007,269,185429
2007,270,180462
2007,271,201917
2007,272,195070
2007,273,167751
2007,274,163364
2007,275,0
2007,276,704320
2007,277,5247838
2007,278,347031
2007,279,381320
2007,280,412261
2007,281,438923
2007,282,459940
2007,283,474319
2007,284,479726
2007,285,916296
2007,286,543641
2007,287,548818
2007,288,543986
2007,289,720603
2007,290,1936382
2007,291,3641603
2007,292,938492
2007,293,818875
2007,294,728918
2007,295,645213
2007,296,585041
2007,297,924379
2007,298,1357531
2007,299,1036143
2007,300,949242
2007,301,1081659
2007,302,1313957
2007,303,1592453
2007,304,2098709
2007,305,2395606
2007,306,2639463
2007,307,4831482
2007,308,4093333
2007,309,2122312
2007,310,2982754
2007,311,1841703
2007,312,1674803
2007,313,1509749
2007,314,1364659
2007,315,1236434
2007,316,1120342
2007,317,1200459
2007,318,2064972
2007,319,1156336
2007,320,1291265
2007,321,8655479
2007,322,4712680
2007,323,2209406
2007,324,1932616
2007,325,1698113
2007,326,1510936
2007,327,1356372
2007,328,1225418
2007,329,1112033
2007,330,1016446
2007,331,1579875
2007,332,2262283
2007,333,2315287
2007,334,1339808
2007,335,1214904
2007,336,1098966
2007,337,1712092
2007,338,997837
2007,339,901935
2007,340,825940
2007,341,761322
2007,342,707780
2007,343,662918
2007,344,622869
2007,345,585899
2007,346,578501
2007,347,517924
2007,348,550701
2007,349,466019
2007,350,442181
2007,351,420396
2007,352,530698
2007,353,439834
2007,354,416962
2007,355,363287
2007,356,404108
2007,357,336950
2007,358,323457
2007,359,312108
2007,360,300301
2007,361,288241
2007,362,342308
2007,363,347841
2007,364,263566
2007,365,254451
2007,366,245902
2008,1,540895
2008,2,558909
2008,3,243055
2008,4,834376
2008,5,656415
2008,6,263255
2008,7,257723
2008,8,251212
2008,9,327844
2008,10,239965
2008,11,690749
2008,12,331205
2008,13,609512
2008,14,452122
2008,15,288664
2008,16,272847
2008,17,460501
2008,18,301581
2008,19,244824
2008,20,1974595
2008,21,663137
2008,22,582793
2008,23,383659
2008,24,355005
2008,25,329472
2008,26,366754
2008,27,276756
2008,28,976163
2008,29,864995
2008,30,389211
2008,31,328294
2008,32,297648
2008,33,272938
2008,34,251733
2008,35,1299387
2008,36,1273796
2008,37,396469
2008,38,351753
2008,39,313298
2008,40,279016
2008,41,273642
2008,42,473147
2008,43,238091
2008,44,214386
2008,45,195070
2008,46,179251
2008,47,210986
2008,48,159032
2008,49,384816
2008,50,410720
2008,51,171396
2008,52,156171
2008,53,144492
2008,54,428941
2008,55,150861
2008,56,190469
2008,57,134992
2008,58,641717
2008,59,168153
2008,60,382580
2008,61,649882
2008,62,190338
2008,63,175804
2008,64,163166
2008,65,158012
2008,66,139935
2008,67,148085
2008,68,195046
2008,69,435701
2008,70,357431
2008,71,314995
2008,72,357865
2008,73,162236
2008,74,149211
2008,75,136975
2008,76,125294
2008,77,115998
2008,78,123075
2008,79,228350
2008,80,107720
2008,81,325547
2008,82,820518
2008,83,2184192
2008,84,344430
2008,85,301068
2008,86,284703
2008,87,1866414
2008,88,1447077
2008,89,475907
2008,90,450790
2008,91,421152
2008,92,389439
2008,93,360164
2008,94,331149
2008,95,306148
2008,96,278987
2008,97,248379
2008,98,215887
2008,99,190652
2008,100,170562
2008,101,268413
2008,102,155591
2008,103,219232
2008,104,508202
2008,105,158496
2008,106,146087
2008,107,141636
2008,108,159925
2008,109,124318
2008,110,118743
2008,111,113807
2008,112,109432
2008,113,105448
2008,114,102696
2008,115,126243
2008,116,96754.2
2008,117,93859.1
2008,118,91043.2
2008,119,336026
2008,120,140428
2008,121,102123
2008,122,92457.4
2008,123,89711.3
2008,124,87161.8
2008,125,84796.5
2008,126,82528.6
2008,127,80353.2
2008,128,78333.6
2008,129,76469.5
2008,130,74691.9
2008,131,73032.1
2008,132,475786
2008,133,170154
2008,134,1771042
2008,135,282195
2008,136,182964
2008,137,195402
2008,138,205414
2008,139,212656
2008,140,216924
2008,141,218514
2008,142,1025691
2008,143,320301
2008,144,324883
2008,145,325404
2008,146,570931
2008,147,1134341
2008,148,787875
2008,149,2316908
2008,150,6153506
2008,151,1317760
2008,152,1244986
2008,153,1166528
2008,154,1084752
2008,155,1005302
2008,156,934660
2008,157,854994
2008,158,786424
2008,159,728060
2008,160,678510
2008,161,633593
2008,162,587447
2008,163,753128
2008,164,748738
2008,165,534977
2008,166,484288
2008,167,496694
2008,168,418038
2008,169,390994
2008,170,663560
2008,171,392686
2008,172,1356106
2008,173,1464074
2008,174,1091398
2008,175,702005
2008,176,3006890
2008,177,1200286
2008,178,994877
2008,179,983298
2008,180,1005292
2008,181,950983
2008,182,924362
2008,183,2500152
2008,184,1308725
2008,185,1177551
2008,186,1120120
2008,187,1111236
2008,188,986400
2008,189,947830
2008,190,862139
2008,191,793722
2008,192,752019
2008,193,740787
2008,194,652593
2008,195,705269
2008,196,630603
2008,197,609896
2008,198,531072
2008,199,489171
2008,200,526659
2008,201,444232
2008,202,423131
2008,203,1511952
2008,204,648211
2008,205,456040
2008,206,439028
2008,207,422498
2008,208,406209
2008,209,405796
2008,210,479178
2008,211,3311870
2008,212,657613
2008,213,566460
2008,214,900138
2008,215,616373
2008,216,797305
2008,217,594371
2008,218,584121
2008,219,573506
2008,220,562884
2008,221,549897
2008,222,536768
2008,223,522493
2008,224,598861
2008,225,734175
2008,226,1426539
2008,227,555320
2008,228,768666
2008,229,613485
2008,230,487460
2008,231,458638
2008,232,580418
2008,233,441896
2008,234,419179
2008,235,404342
2008,236,390900
2008,237,378372
2008,238,366469
2008,239,354820
2008,240,343023
2008,241,327732
2008,242,312960
2008,243,298708
2008,244,413879
2008,245,367896
2008,246,277092
2008,247,2356421
2008,248,390842
2008,249,382896
2008,250,430846
2008,251,565905
2008,252,1723655
2008,253,463243
2008,254,453357
2008,255,628227
2008,256,448442
2008,257,438204
2008,258,427712
2008,259,1911757
2008,260,618048
2008,261,618786
2008,262,592764
2008,263,811762
2008,264,2032137
2008,265,763124
2008,266,712314
2008,267,654410
2008,268,605179
2008,269,562329
2008,270,524186
2008,271,490818
2008,272,2319304
2008,273,647479
2008,274,596135
2008,275,552293
2008,276,618729
2008,277,489997
2008,278,456163
2008,279,5012493
2008,280,8086910
2008,281,1330988
2008,282,4638625
2008,283,7561896
2008,284,1834839
2008,285,1648650
2008,286,1473575
2008,287,1296452
2008,288,1176648
2008,289,1406966
2008,290,1320817
2008,291,1339838
2008,292,1217433
2008,293,1387113
2008,294,4821127
2008,295,2492564
2008,296,2628333
2008,297,2842926
2008,298,3080131
2008,299,3433036
2008,300,3909074
2008,301,4431442
2008,302,5265690
2008,303,6005044
2008,304,6685972
2008,305,6920746
2008,306,9674192
2008,307,6703928
2008,308,3987481
2008,309,4156010
2008,310,4036426
2008,311,2951522
2008,312,2527760
2008,313,2223582
2008,314,1978069
2008,315,1771055
2008,316,1593329
2008,317,1900960
2008,318,1474331
2008,319,1329826
2008,320,1198837
2008,321,1098915
2008,322,1013789
2008,323,941784
2008,324,878023
2008,325,820878
2008,326,827462
2008,327,732159
2008,328,692238
2008,329,655741
2008,330,622260
2008,331,594621
2008,332,800627
2008,333,565367
2008,334,1762876
2008,335,644361
2008,336,563661
2008,337,544700
2008,338,524815
2008,339,815116
2008,340,530598
2008,341,495695
2008,342,476898
2008,343,456886
2008,344,498968
2008,345,1377939
2008,346,524435
2008,347,585158
2008,348,705787
2008,349,491277
2008,350,462633
2008,351,448399
2008,352,1777723
2008,353,721132
2008,354,1146802
2008,355,578773
2008,356,1404443
2008,357,696563
2008,358,736396
2008,359,598406
2008,360,549246
2008,361,504194
2008,362,462616
2008,363,647866
2008,364,424378
2008,365,394117
2008,366,366414
2009,1,543610
2009,2,339768
2009,3,307988
2009,4,808960
2009,5,1422532
2009,6,584386
2009,7,388253
2009,8,351958
2009,9,330182
2009,10,291890
2009,11,378640
2009,12,258155
2009,13,239517
2009,14,223219
2009,15,317105
2009,16,211797
2009,17,318101
2009,18,196047
2009,19,217556
2009,20,174047
2009,21,165183
2009,22,153171
2009,23,169725
2009,24,248822
2009,25,141126
2009,26,132516
2009,27,135686
2009,28,125163
2009,29,187881
2009,30,174732
2009,31,115566
2009,32,112149
2009,33,111891
2009,34,183432
2009,35,237787
2009,36,182227
2009,37,115116
2009,38,182777
2009,39,111045
2009,40,204729
2009,41,94811
2009,42,91655.3
2009,43,88640.6
2009,44,483395
2009,45,365785
2009,46,107781
2009,47,123006
2009,48,385551
2009,49,113486
2009,50,106706
2009,51,228623
2009,52,103414
2009,53,155043
2009,54,1208239
2009,55,274006
2009,56,170763
2009,57,220886
2009,58,680929
2009,59,195104
2009,60,175176
2009,61,280104
2009,62,154885
2009,63,138624
2009,64,430271
2009,65,173420
2009,66,139420
2009,67,128147
2009,68,195755
2009,69,152728
2009,70,151790
2009,71,100479
2009,72,390924
2009,73,805478
2009,74,158237
2009,75,276208
2009,76,450649
2009,77,221224
2009,78,152466
2009,79,139430
2009,80,127985
2009,81,118238
2009,82,110528
2009,83,103389
2009,84,96676
2009,85,90457.4
2009,86,84938.3
2009,87,91129.9
2009,88,74929
2009,89,70358.5
2009,90,66868.5
2009,91,208005
2009,92,68113.5
2009,93,64283.6
2009,94,61410
2009,95,59026.3
2009,96,56978.3
2009,97,55204.4
2009,98,91961.9
2009,99,1962680
2009,100,111391
2009,101,117180
2009,102,1415859
2009,103,193394
2009,104,206488
2009,105,1712416
2009,106,473611
2009,107,351163
2009,108,347397
2009,109,341839
2009,110,333423
2009,111,322399
2009,112,311047
2009,113,297735
2009,114,260860
2009,115,230180
2009,116,205430
2009,117,180615
2009,118,344634
2009,119,414494
2009,120,257751
2009,121,3110558
2009,122,472477
2009,123,914220
2009,124,650457
2009,125,462388
2009,126,441914
2009,127,522144
2009,128,521153
2009,129,414524
2009,130,396978
2009,131,384693
2009,132,385562
2009,133,343131
2009,134,319663
2009,135,298275
2009,136,262838
2009,137,234666
2009,138,210782
2009,139,191176
2009,140,176022
2009,141,164172
2009,142,154205
2009,143,145707
2009,144,138432
2009,145,132209
2009,146,126855
2009,147,127662
2009,148,2963804
2009,149,350170
2009,150,1398734
2009,151,3524650
2009,152,821672
2009,153,750919
2009,154,799344
2009,155,826175
2009,156,836845
2009,157,835338
2009,158,820718
2009,159,1036814
2009,160,900832
2009,161,795167
2009,162,834138
2009,163,690321
2009,164,623237
2009,165,586790
2009,166,531527
2009,167,931538
2009,168,576696
2009,169,1350003
2009,170,587980
2009,171,546921
2009,172,514457
2009,173,488129
2009,174,474081
2009,175,445638
2009,176,429804
2009,177,415744
2009,178,450088
2009,179,544555
2009,180,410075
2009,181,400422
2009,182,387575
2009,183,374604
2009,184,2219008
2009,185,1083658
2009,186,601603
2009,187,506895
2009,188,567504
2009,189,471561
2009,190,452377
2009,191,434446
2009,192,419364
2009,193,406254
2009,194,2350544
2009,195,12848543
2009,196,2285373
2009,197,1666786
2009,198,1555973
2009,199,1841229
2009,200,2928627
2009,201,1536732
2009,202,1221486
2009,203,1203543
2009,204,1005448
2009,205,922588
2009,206,862917
2009,207,823448
2009,208,2827589
2009,209,1268501
2009,210,1078169
2009,211,942133
2009,212,812128
2009,213,731104
2009,214,671138
2009,215,620010
2009,216,579351
2009,217,545567
2009,218,516304
2009,219,490963
2009,220,468276
2009,221,447914
2009,222,755164
2009,223,439619
2009,224,416515
2009,225,396489
2009,226,378926
2009,227,363410
2009,228,349327
2009,229,336311
2009,230,324568
2009,231,313798
2009,232,303816
2009,233,294284
2009,234,285097
2009,235,276436
2009,236,268292
2009,237,259646
2009,238,251375
2009,239,243552
2009,240,236256
2009,241,229354
2009,242,222725
2009,243,216341
2009,244,210235
2009,245,204403
2009,246,198808
2009,247,193367
2009,248,261931
2009,249,214783
2009,250,181482
2009,251,176960
2009,252,172615
2009,253,168368
2009,254,164143
2009,255,160009
2009,256,155985
2009,257,249553
2009,258,152940
2009,259,146991
2009,260,143347
2009,261,139792
2009,262,136328
2009,263,132842
2009,264,334256
2009,265,142684
2009,266,129303
2009,267,126646
2009,268,135539
2009,269,122124
2009,270,119777
2009,271,117494
2009,272,114947
2009,273,672268
2009,274,127790
2009,275,0
2009,276,321288
2009,277,132868
2009,278,132993
2009,279,133044
2009,280,131770
2009,281,129997
2009,282,127597
2009,283,240966
2009,284,451453
2009,285,143076
2009,286,141148
2009,287,139062
2009,288,137220
2009,289,132567
2009,290,127907
2009,291,157473
2009,292,122470
2009,293,125784
2009,294,303617
2009,295,260165
2009,296,345463
2009,297,463309
2009,298,652905
2009,299,898889
2009,300,1218512
2009,301,2640411
2009,302,2547684
2009,303,3676684
2009,304,8165424
2009,305,3508517
2009,306,1956308
2009,307,3278562
2009,308,1930866
2009,309,5627857
2009,310,2263032
2009,311,1958625
2009,312,1991356
2009,313,1539256
2009,314,1339114
2009,315,1165644
2009,316,1007187
2009,317,1109670
2009,318,836002
2009,319,770419
2009,320,1036079
2009,321,945902
2009,322,664788
2009,323,604363
2009,324,546708
2009,325,502205
2009,326,1395976
2009,327,1012579
2009,328,622514
2009,329,554418
2009,330,526569
2009,331,498535
2009,332,468774
2009,333,440512
2009,334,415563
2009,335,395440
2009,336,374661
2009,337,619820
2009,338,540916
2009,339,578912
2009,340,1033308
2009,341,785952
2009,342,2447412
2009,343,1190508
2009,344,706806
2009,345,607280
2009,346,571507
2009,347,544810
2009,348,518997
2009,349,492652
2009,350,1644936
2009,351,626473
2009,352,2062707
2009,353,823023
2009,354,738747
2009,355,681191
2009,356,621957
2009,357,552781
2009,358,493520
2009,359,939544
2009,360,657365
2009,361,468485
2009,362,769740
2009,363,454654
2009,364,886773
2009,365,873289
2009,366,474068
2010,1,428410
2010,2,393636
2010,3,379805
2010,4,1469992
2010,5,612193
2010,6,1073073
2010,7,490667
2010,8,457060
2010,9,556948
2010,10,1053553
2010,11,1927978
2010,12,1516091
2010,13,691778
2010,14,2618644
2010,15,819671
2010,16,1243134
2010,17,766888
2010,18,1839423
2010,19,2989792
2010,20,1067577
2010,21,3420233
2010,22,1420484
2010,23,1098463
2010,24,962636
2010,25,836440
2010,26,719014
2010,27,861529
2010,28,600680
2010,29,562367
2010,30,478000
2010,31,704986
2010,32,895762
2010,33,840335
2010,34,578515
2010,35,446413
2010,36,399125
2010,37,362772
2010,38,350558
2010,39,312446
2010,40,293513
2010,41,277413
2010,42,2682264
2010,43,456817
2010,44,432620
2010,45,413929
2010,46,390783
2010,47,396913
2010,48,575790
2010,49,338001
2010,50,315051
2010,51,294582
2010,52,325528
2010,53,353007
2010,54,766419
2010,55,321102
2010,56,497251
2010,57,898028
2010,58,479875
2010,59,357166
2010,60,1819904
2010,61,425723
2010,62,925150
2010,63,439461
2010,64,4868474
2010,65,814558
2010,66,790246
2010,67,719133
2010,68,662241
2010,69,599571
2010,70,671672
2010,71,3777649
2010,72,990134
2010,73,1053792
2010,74,2641059
2010,75,1868847
2010,76,1038163
2010,77,886524
2010,78,768821
2010,79,644078
2010,80,923898
2010,81,1115126
2010,82,608135
2010,83,2000658
2010,84,1443734
2010,85,837526
2010,86,683635
2010,87,602869
2010,88,537568
2010,89,644998
2010,90,2645084
2010,91,1508332
2010,92,921324
2010,93,720996
2010,94,672466
2010,95,632619
2010,96,576135
2010,97,528712
2010,98,480184
2010,99,437162
2010,100,402609
2010,101,380968
2010,102,396527
2010,103,352236
2010,104,1668382
2010,105,883088
2010,106,481557
2010,107,440746
2010,108,406700
2010,109,537173
2010,110,576402
2010,111,378172
2010,112,367396
2010,113,342991
2010,114,327413
2010,115,312284
2010,116,692288
2010,117,333306
2010,118,319008
2010,119,1229048
2010,120,1047763
2010,121,548016
2010,122,437437
2010,123,421931
2010,124,398882
2010,125,446576
2010,126,377424
2010,127,350364
2010,128,333789
2010,129,328634
2010,130,517817
2010,131,324724
2010,132,865548
2010,133,509105
2010,134,375828
2010,135,351202
2010,136,329268
2010,137,310238
2010,138,1164879
2010,139,732807
2010,140,1143320
2010,141,593837
2010,142,500223
2010,143,489748
2010,144,475628
2010,145,455540
2010,146,1419046
2010,147,3054328
2010,148,890802
2010,149,863474
2010,150,3221545
2010,151,3634320
2010,152,1488135
2010,153,1413700
2010,154,1367584
2010,155,1503234
2010,156,1150221
2010,157,1044898
2010,158,966218
2010,159,943277
2010,160,853923
2010,161,791469
2010,162,719793
2010,163,659346
2010,164,608269
2010,165,563058
2010,166,519628
2010,167,479745
2010,168,495643
2010,169,425520
2010,170,397599
2010,171,376436
2010,172,358046
2010,173,1162671
2010,174,690993
2010,175,432836
2010,176,421137
2010,177,445589
2010,178,494768
2010,179,649194
2010,180,532268
2010,181,515682
2010,182,438028
2010,183,432369
2010,184,685699
2010,185,458415
2010,186,2206280
2010,187,2828566
2010,188,972944
2010,189,1817216
2010,190,1064841
2010,191,1045785
2010,192,1147114
2010,193,4593515
2010,194,1568013
2010,195,1508112
2010,196,1440205
2010,197,1462812
2010,198,1304895
2010,199,1227049
2010,200,1156332
2010,201,1068409
2010,202,961564
2010,203,862081
2010,204,779508
2010,205,713604
2010,206,659152
2010,207,613273
2010,208,564714
2010,209,542952
2010,210,2485302
2010,211,648118
2010,212,605848
2010,213,570934
2010,214,541298
2010,215,514810
2010,216,490541
2010,217,469586
2010,218,451298
2010,219,434525
2010,220,418906
2010,221,404192
2010,222,390310
2010,223,377463
2010,224,365570
2010,225,348042
2010,226,332216
2010,227,317741
2010,228,304399
2010,229,292008
2010,230,280381
2010,231,269494
2010,232,2176334
2010,233,353899
2010,234,348506
2010,235,343091
2010,236,337479
2010,237,331580
2010,238,325371
2010,239,5119800
2010,240,4680618
2010,241,918670
2010,242,943879
2010,243,951404
2010,244,944260
2010,245,919448
2010,246,883205
2010,247,821146
2010,248,768478
2010,249,715242
2010,250,663997
2010,251,617791
2010,252,578059
2010,253,543327
2010,254,494170
2010,255,446736
2010,256,408906
2010,257,378027
2010,258,352212
2010,259,330291
2010,260,311462
2010,261,295016
2010,262,282595
2010,263,267299
2010,264,255394
2010,265,244593
2010,266,234796
2010,267,225834
2010,268,372419
2010,269,893164
2010,270,358212
2010,271,238234
2010,272,265827
2010,273,232087
2010,274,224728
2010,275,0
2010,276,219818
2010,277,333766
2010,278,219929
2010,279,212866
2010,280,208497
2010,281,204001
2010,282,199365
2010,283,194641
2010,284,189275
2010,285,182002
2010,286,175143
2010,287,772029
2010,288,2357458
2010,289,1162345
2010,290,754729
2010,291,784858
2010,292,985086
2010,293,1220912
2010,294,1507494
2010,295,1863194
2010,296,2276922
2010,297,8874751
2010,298,4777638
2010,299,5167224
2010,300,6519100
2010,301,3688222
2010,302,2870204
2010,303,6390050
2010,304,3224264
2010,305,6664247
2010,306,3029515
2010,307,2515942
2010,308,2124171
2010,309,1823413
2010,310,1585294
2010,311,1390451
2010,312,1212392
2010,313,1070594
2010,314,1631916
2010,315,1029172
2010,316,934374
2010,317,857289
2010,318,785990
2010,319,733009
2010,320,677201
2010,321,640257
2010,322,1458444
2010,323,660702
2010,324,626584
2010,325,595899
2010,326,567708
2010,327,553190
2010,328,518989
2010,329,493689
2010,330,1098433
2010,331,2397499
2010,332,1714085
2010,333,766297
2010,334,760365
2010,335,744670
2010,336,718800
2010,337,667178
2010,338,4433638
2010,339,1413213
2010,340,1246934
2010,341,1021525
2010,342,952395
2010,343,887305
2010,344,862022
2010,345,773088
2010,346,703852
2010,347,1960234
2010,348,847022
2010,349,770412
2010,350,833970
2010,351,665188
2010,352,612460
2010,353,712115
2010,354,968866
2010,355,553821
2010,356,505898
2010,357,464816
2010,358,449435
2010,359,478752
2010,360,393736
2010,361,365094
2010,362,339765
2010,363,977619
2010,364,359428
2010,365,544474
2010,366,331078
