RES_Wallenpaupack, Simulated, -75.2029166666667,41.43375
1995,1,10957
1995,2,239183
1995,3,122325
1995,4,60852.7
1995,5,53181.7
1995,6,50680.1
1995,7,56102.3
1995,8,61466.8
1995,9,66949.5
1995,10,71873.7
1995,11,274949
1995,12,171668
1995,13,1625660
1995,14,1070710
1995,15,231548
1995,16,253456
1995,17,213962
1995,18,188544
1995,19,180262
1995,20,173118
1995,21,166749
1995,22,160943
1995,23,375572
1995,24,341874
1995,25,203538
1995,26,170485
1995,27,169742
1995,28,231865
1995,29,300185
1995,30,205147
1995,31,157132
1995,32,158912
1995,33,164183
1995,34,602197
1995,35,714787
1995,36,578022
1995,37,311481
1995,38,641408
1995,39,399814
1995,40,219549
1995,41,215469
1995,42,211399
1995,43,206722
1995,44,202931
1995,45,746689
1995,46,470525
1995,47,232802
1995,48,227790
1995,49,224962
1995,50,212004
1995,51,201214
1995,52,193212
1995,53,186126
1995,54,180445
1995,55,193157
1995,56,184121
1995,57,171695
1995,58,167532
1995,59,206667
1995,60,180537
1995,61,159278
1995,62,166251
1995,63,159068
1995,64,275965
1995,65,455143
1995,66,260527
1995,67,263628
1995,68,191163
1995,69,139286
1995,70,141541
1995,71,404400
1995,72,318439
1995,73,346953
1995,74,213264
1995,75,137195
1995,76,241185
1995,77,183651
1995,78,147774
1995,79,134535
1995,80,129291
1995,81,829430
1995,82,559379
1995,83,192348
1995,84,156497
1995,85,149013
1995,86,394665
1995,87,276621
1995,88,206631
1995,89,161944
1995,90,139621
1995,91,488902
1995,92,3148650
1995,93,5259360
1995,94,2006690
1995,95,979592
1995,96,886361
1995,97,791903
1995,98,752797
1995,99,704148
1995,100,722984
1995,101,712216
1995,102,597292
1995,103,1293060
1995,104,1099620
1995,105,719811
1995,106,619463
1995,107,655913
1995,108,1904910
1995,109,1865810
1995,110,1005270
1995,111,1039280
1995,112,1345230
1995,113,877178
1995,114,1247080
1995,115,906436
1995,116,628237
1995,117,580447
1995,118,532690
1995,119,1026010
1995,120,743101
1995,121,510409
1995,122,467811
1995,123,490920
1995,124,411410
1995,125,340624
1995,126,320173
1995,127,292117
1995,128,444082
1995,129,334272
1995,130,239097
1995,131,219869
1995,132,205255
1995,133,238723
1995,134,200009
1995,135,170398
1995,136,159267
1995,137,182338
1995,138,1531500
1995,139,968743
1995,140,273277
1995,141,1051630
1995,142,725750
1995,143,505316
1995,144,424112
1995,145,382135
1995,146,381478
1995,147,378050
1995,148,372508
1995,149,621308
1995,150,588985
1995,151,505953
1995,152,1350110
1995,153,1125830
1995,154,655885
1995,155,746766
1995,156,3388380
1995,157,5536860
1995,158,3134070
1995,159,1908520
1995,160,1636530
1995,161,1590370
1995,162,1531460
1995,163,1463500
1995,164,1387100
1995,165,1308560
1995,166,1229370
1995,167,1133530
1995,168,1028590
1995,169,930374
1995,170,847854
1995,171,850238
1995,172,836200
1995,173,1881560
1995,174,6534150
1995,175,7654430
1995,176,3303960
1995,177,1951950
1995,178,2021040
1995,179,1804310
1995,180,1634910
1995,181,1623350
1995,182,2867580
1995,183,2405470
1995,184,1772300
1995,185,1631640
1995,186,1533830
1995,187,1447860
1995,188,1349480
1995,189,1209190
1995,190,1056990
1995,191,930716
1995,192,831685
1995,193,761275
1995,194,744654
1995,195,620525
1995,196,568408
1995,197,521822
1995,198,1333130
1995,199,2292490
1995,200,795760
1995,201,616925
1995,202,2019400
1995,203,970217
1995,204,665468
1995,205,640618
1995,206,618203
1995,207,596404
1995,208,583660
1995,209,554195
1995,210,534935
1995,211,518061
1995,212,1236670
1995,213,6435850
1995,214,3115920
1995,215,1203980
1995,216,1320260
1995,217,1392480
1995,218,1029200
1995,219,951979
1995,220,884896
1995,221,825935
1995,222,772348
1995,223,724635
1995,224,685051
1995,225,654412
1995,226,628982
1995,227,597146
1995,228,542206
1995,229,492337
1995,230,451748
1995,231,417684
1995,232,388854
1995,233,364834
1995,234,344376
1995,235,326749
1995,236,311408
1995,237,297649
1995,238,285139
1995,239,273847
1995,240,263570
1995,241,254037
1995,242,245207
1995,243,237156
1995,244,229762
1995,245,222803
1995,246,216220
1995,247,209869
1995,248,203789
1995,249,198137
1995,250,192813
1995,251,187624
1995,252,182495
1995,253,447685
1995,254,180809
1995,255,176364
1995,256,178748
1995,257,1838890
1995,258,218552
1995,259,219874
1995,260,221172
1995,261,222018
1995,262,222282
1995,263,222008
1995,264,221028
1995,265,219534
1995,266,217874
1995,267,347225
1995,268,1137600
1995,269,677609
1995,270,297008
1995,271,295584
1995,272,289834
1995,273,488853
1995,274,1044530
1995,275,0
1995,276,1250830
1995,277,607159
1995,278,2198490
1995,279,1892710
1995,280,841885
1995,281,748591
1995,282,621232
1995,283,615443
1995,284,634709
1995,285,588992
1995,286,572777
1995,287,545459
1995,288,547745
1995,289,718385
1995,290,1788310
1995,291,2626690
1995,292,834840
1995,293,706120
1995,294,640423
1995,295,636471
1995,296,1736540
1995,297,2733270
1995,298,1613750
1995,299,1060460
1995,300,1436120
1995,301,1597000
1995,302,1010250
1995,303,928686
1995,304,850594
1995,305,767102
1995,306,680385
1995,307,606227
1995,308,568276
1995,309,1329380
1995,310,1432370
1995,311,1736760
1995,312,2523840
1995,313,3026840
1995,314,3241490
1995,315,3249680
1995,316,3673330
1995,317,4493950
1995,318,6773830
1995,319,5406700
1995,320,4427370
1995,321,3502600
1995,322,2581670
1995,323,2341850
1995,324,2035670
1995,325,2165200
1995,326,1968310
1995,327,1949950
1995,328,1573600
1995,329,1227490
1995,330,2354450
1995,331,2228820
1995,332,1519070
1995,333,1139660
1995,334,1296100
1995,335,1062580
1995,336,795379
1995,337,679519
1995,338,605297
1995,339,557907
1995,340,504585
1995,341,455828
1995,342,419188
1995,343,470198
1995,344,434792
1995,345,369122
1995,346,345252
1995,347,323820
1995,348,305658
1995,349,291262
1995,350,278572
1995,351,267687
1995,352,295333
1995,353,265767
1995,354,244174
1995,355,240995
1995,356,232188
1995,357,224927
1995,358,238076
1995,359,426405
1995,360,304279
1995,361,262675
1995,362,225950
1995,363,200261
1995,364,195409
1995,365,998358
1995,366,808537
1996,1,212613
1996,2,212650
1996,3,962578
1996,4,531157
1996,5,260211
1996,6,233888
1996,7,229371
1996,8,240866
1996,9,216826
1996,10,207538
1996,11,201323
1996,12,529216
1996,13,1165160
1996,14,265539
1996,15,308280
1996,16,237075
1996,17,222651
1996,18,205802
1996,19,191625
1996,20,176172
1996,21,163922
1996,22,204839
1996,23,172496
1996,24,201480
1996,25,148712
1996,26,215200
1996,27,637393
1996,28,286587
1996,29,142946
1996,30,133700
1996,31,200823
1996,32,509367
1996,33,132229
1996,34,124592
1996,35,133374
1996,36,129077
1996,37,699651
1996,38,856629
1996,39,154882
1996,40,217925
1996,41,322984
1996,42,677854
1996,43,168244
1996,44,157527
1996,45,146628
1996,46,135496
1996,47,182195
1996,48,1270210
1996,49,397449
1996,50,186672
1996,51,175310
1996,52,162713
1996,53,193432
1996,54,446949
1996,55,691546
1996,56,167022
1996,57,376098
1996,58,519586
1996,59,297909
1996,60,173548
1996,61,143909
1996,62,132973
1996,63,119265
1996,64,242168
1996,65,111198
1996,66,585320
1996,67,333591
1996,68,201890
1996,69,116955
1996,70,107119
1996,71,98994.9
1996,72,91464.5
1996,73,108973
1996,74,379479
1996,75,87420.1
1996,76,124997
1996,77,132533
1996,78,76043.6
1996,79,71630.4
1996,80,67968.2
1996,81,64376.1
1996,82,61285.7
1996,83,58611.1
1996,84,56389.3
1996,85,54572.4
1996,86,53004.2
1996,87,51662.2
1996,88,50483.3
1996,89,49289.6
1996,90,48249.6
1996,91,47322.2
1996,92,46484.1
1996,93,113607
1996,94,45551.7
1996,95,44841.5
1996,96,44189.8
1996,97,43577.2
1996,98,42996.4
1996,99,42446.1
1996,100,41921.9
1996,101,43658.1
1996,102,386423
1996,103,42117.9
1996,104,41731.2
1996,105,41333.4
1996,106,483203
1996,107,114868
1996,108,45585.4
1996,109,117183
1996,110,1209660
1996,111,69967.1
1996,112,75281
1996,113,79974.7
1996,114,84784.9
1996,115,1362970
1996,116,157552
1996,117,203709
1996,118,555532
1996,119,815858
1996,120,261635
1996,121,259694
1996,122,305108
1996,123,271219
1996,124,252607
1996,125,232553
1996,126,231345
1996,127,961886
1996,128,5963070
1996,129,2535840
1996,130,1176390
1996,131,980804
1996,132,941468
1996,133,887119
1996,134,821135
1996,135,753923
1996,136,685993
1996,137,4849790
1996,138,1678780
1996,139,1265550
1996,140,1193350
1996,141,1116610
1996,142,1018510
1996,143,2556090
1996,144,16301000
1996,145,3070740
1996,146,2728730
1996,147,2530780
1996,148,2146270
1996,149,1908040
1996,150,3051700
1996,151,3822690
1996,152,2232050
1996,153,1767170
1996,154,1656250
1996,155,2009850
1996,156,2739070
1996,157,1779210
1996,158,1424640
1996,159,1191600
1996,160,1050810
1996,161,1082780
1996,162,856361
1996,163,770772
1996,164,725148
1996,165,4805660
1996,166,2665540
1996,167,1374240
1996,168,2270220
1996,169,1744710
1996,170,1372160
1996,171,1269790
1996,172,1238050
1996,173,1083710
1996,174,972501
1996,175,926318
1996,176,829587
1996,177,785628
1996,178,720920
1996,179,676149
1996,180,614629
1996,181,566083
1996,182,926344
1996,183,516470
1996,184,479227
1996,185,447713
1996,186,421353
1996,187,422166
1996,188,389273
1996,189,371745
1996,190,379672
1996,191,341360
1996,192,330255
1996,193,320223
1996,194,311246
1996,195,303209
1996,196,295749
1996,197,287916
1996,198,280381
1996,199,281610
1996,200,273022
1996,201,259712
1996,202,253287
1996,203,247176
1996,204,241388
1996,205,235769
1996,206,230168
1996,207,224579
1996,208,219095
1996,209,213721
1996,210,208492
1996,211,203434
1996,212,198471
1996,213,193594
1996,214,188843
1996,215,184185
1996,216,184011
1996,217,175178
1996,218,170846
1996,219,166708
1996,220,162730
1996,221,158893
1996,222,155168
1996,223,151537
1996,224,148016
1996,225,144574
1996,226,141233
1996,227,137968
1996,228,134729
1996,229,131539
1996,230,128463
1996,231,125509
1996,232,153467
1996,233,727458
1996,234,127777
1996,235,125778
1996,236,123844
1996,237,121894
1996,238,119934
1996,239,2192440
1996,240,169675
1996,241,176595
1996,242,3633630
1996,243,329564
1996,244,364780
1996,245,396072
1996,246,423594
1996,247,447519
1996,248,456313
1996,249,461269
1996,250,463366
1996,251,462362
1996,252,457815
1996,253,449801
1996,254,420243
1996,255,393306
1996,256,365527
1996,257,335781
1996,258,296513
1996,259,270839
1996,260,248720
1996,261,229123
1996,262,212162
1996,263,197623
1996,264,185020
1996,265,173928
1996,266,1077150
1996,267,1246000
1996,268,339191
1996,269,250331
1996,270,1513190
1996,271,385106
1996,272,309026
1996,273,438728
1996,274,784298
1996,275,335301
1996,276,331469
1996,277,326330
1996,278,322248
1996,279,321055
1996,280,356399
1996,281,1034550
1996,282,395052
1996,283,382433
1996,284,367624
1996,285,344452
1996,286,322632
1996,287,304209
1996,288,370439
1996,289,396689
1996,290,1034280
1996,291,319376
1996,292,288933
1996,293,276233
1996,294,2826270
1996,295,1883860
1996,296,1104900
1996,297,554293
1996,298,530733
1996,299,507046
1996,300,521453
1996,301,545616
1996,302,473998
1996,303,464727
1996,304,636990
1996,305,454992
1996,306,426666
1996,307,1743970
1996,308,1026550
1996,309,1272450
1996,310,1731920
1996,311,2372190
1996,312,2734120
1996,313,6115110
1996,314,4043110
1996,315,5428130
1996,316,6325300
1996,317,6412330
1996,318,8931860
1996,319,11222300
1996,320,10905000
1996,321,15508900
1996,322,25549900
1996,323,16865500
1996,324,15922000
1996,325,15216600
1996,326,14121300
1996,327,6290590
1996,328,4637750
1996,329,5221670
1996,330,3302100
1996,331,2706890
1996,332,2430170
1996,333,1937960
1996,334,1745300
1996,335,4619270
1996,336,4327250
1996,337,2149010
1996,338,1859780
1996,339,1804470
1996,340,2483340
1996,341,2435530
1996,342,2515090
1996,343,1747880
1996,344,1611540
1996,345,2281920
1996,346,2928050
1996,347,4767110
1996,348,2321370
1996,349,1854090
1996,350,1693800
1996,351,1613180
1996,352,1999260
1996,353,1380670
1996,354,1243350
1996,355,1112460
1996,356,1307650
1996,357,1689270
1996,358,1075420
1996,359,945124
1996,360,840850
1996,361,784493
1996,362,753081
1996,363,928606
1996,364,656562
1996,365,671844
1996,366,575172
1997,1,541781
1997,2,545351
1997,3,493530
1997,4,655999
1997,5,743116
1997,6,537140
1997,7,441203
1997,8,487661
1997,9,461597
1997,10,1714100
1997,11,950913
1997,12,924726
1997,13,944470
1997,14,549983
1997,15,508940
1997,16,450462
1997,17,644546
1997,18,1018220
1997,19,892040
1997,20,1571350
1997,21,652139
1997,22,544545
1997,23,1625540
1997,24,679503
1997,25,706034
1997,26,598848
1997,27,470668
1997,28,430522
1997,29,410633
1997,30,885809
1997,31,1768370
1997,32,502276
1997,33,546819
1997,34,1762250
1997,35,1069940
1997,36,528480
1997,37,476072
1997,38,419875
1997,39,1296330
1997,40,582838
1997,41,402330
1997,42,365740
1997,43,1009240
1997,44,8293280
1997,45,2035970
1997,46,3253320
1997,47,1291030
1997,48,1330230
1997,49,1268690
1997,50,1822910
1997,51,934779
1997,52,830618
1997,53,865706
1997,54,663460
1997,55,675076
1997,56,3066470
1997,57,3173840
1997,58,1181550
1997,59,1075510
1997,60,1634830
1997,61,1079680
1997,62,1206360
1997,63,1054710
1997,64,646401
1997,65,666166
1997,66,733500
1997,67,496853
1997,68,417765
1997,69,385905
1997,70,341248
1997,71,531603
1997,72,288262
1997,73,258387
1997,74,494909
1997,75,680303
1997,76,255219
1997,77,346879
1997,78,530074
1997,79,224854
1997,80,234782
1997,81,195283
1997,82,233069
1997,83,354110
1997,84,214737
1997,85,422765
1997,86,494453
1997,87,187080
1997,88,175682
1997,89,380476
1997,90,615233
1997,91,185877
1997,92,176736
1997,93,167629
1997,94,159403
1997,95,151877
1997,96,145067
1997,97,204659
1997,98,204690
1997,99,457343
1997,100,639250
1997,101,400545
1997,102,217493
1997,103,163302
1997,104,155638
1997,105,184078
1997,106,526713
1997,107,157672
1997,108,151856
1997,109,1187210
1997,110,4834410
1997,111,1738730
1997,112,625961
1997,113,661807
1997,114,672630
1997,115,2845550
1997,116,1011050
1997,117,1084800
1997,118,895521
1997,119,863035
1997,120,990099
1997,121,2902330
1997,122,1512820
1997,123,1120400
1997,124,1014740
1997,125,1071900
1997,126,827200
1997,127,696792
1997,128,618459
1997,129,907472
1997,130,567478
1997,131,3839790
1997,132,1400760
1997,133,1618190
1997,134,944980
1997,135,881379
1997,136,951667
1997,137,744869
1997,138,683447
1997,139,631410
1997,140,586701
1997,141,1700110
1997,142,10975000
1997,143,2982230
1997,144,2962470
1997,145,2274480
1997,146,2916670
1997,147,1880340
1997,148,1699170
1997,149,1514880
1997,150,1360260
1997,151,2266430
1997,152,1338110
1997,153,1302230
1997,154,1141930
1997,155,1111650
1997,156,987500
1997,157,861250
1997,158,790729
1997,159,682515
1997,160,614718
1997,161,739326
1997,162,11060300
1997,163,2412150
1997,164,2082110
1997,165,1773740
1997,166,1699090
1997,167,1631430
1997,168,1564890
1997,169,1500400
1997,170,1436860
1997,171,1402660
1997,172,2089980
1997,173,1721270
1997,174,1407660
1997,175,1341470
1997,176,1242620
1997,177,1051120
1997,178,908996
1997,179,2104350
1997,180,2946060
1997,181,1038780
1997,182,933623
1997,183,847102
1997,184,774497
1997,185,12259300
1997,186,4268890
1997,187,1865490
1997,188,1937090
1997,189,2013790
1997,190,2422970
1997,191,1475380
1997,192,1354400
1997,193,1247240
1997,194,1138180
1997,195,1200190
1997,196,2356930
1997,197,6432970
1997,198,3138910
1997,199,2079560
1997,200,1608040
1997,201,1570380
1997,202,1440040
1997,203,1083940
1997,204,963995
1997,205,876481
1997,206,805523
1997,207,751556
1997,208,3215650
1997,209,948900
1997,210,899716
1997,211,841107
1997,212,854636
1997,213,1884210
1997,214,842888
1997,215,717376
1997,216,672081
1997,217,631943
1997,218,864264
1997,219,790286
1997,220,940457
1997,221,579667
1997,222,554330
1997,223,521483
1997,224,492913
1997,225,467119
1997,226,444404
1997,227,424413
1997,228,402911
1997,229,383483
1997,230,365867
1997,231,349615
1997,232,335152
1997,233,321887
1997,234,309416
1997,235,296997
1997,236,285320
1997,237,274287
1997,238,263972
1997,239,254568
1997,240,687047
1997,241,256993
1997,242,249348
1997,243,242000
1997,244,235111
1997,245,228746
1997,246,222512
1997,247,265519
1997,248,212028
1997,249,342748
1997,250,205863
1997,251,1127950
1997,252,234074
1997,253,230973
1997,254,227872
1997,255,223001
1997,256,218295
1997,257,213705
1997,258,209029
1997,259,204395
1997,260,199847
1997,261,204747
1997,262,190908
1997,263,186557
1997,264,181733
1997,265,214756
1997,266,170951
1997,267,212485
1997,268,201523
1997,269,155063
1997,270,149634
1997,271,144683
1997,272,191959
1997,273,138490
1997,274,187145
1997,275,0
1997,276,204512
1997,277,1090670
1997,278,299317
1997,279,278536
1997,280,1331220
1997,281,372308
1997,282,228317
1997,283,233234
1997,284,236977
1997,285,286012
1997,286,292093
1997,287,254037
1997,288,257730
1997,289,259837
1997,290,258391
1997,291,255159
1997,292,245909
1997,293,235701
1997,294,251608
1997,295,237977
1997,296,286778
1997,297,337697
1997,298,191707
1997,299,181341
1997,300,283642
1997,301,1307840
1997,302,312732
1997,303,559675
1997,304,1263370
1997,305,1797550
1997,306,6231690
1997,307,737017
1997,308,895317
1997,309,1193170
1997,310,1518340
1997,311,1606060
1997,312,2014950
1997,313,2393410
1997,314,3209880
1997,315,1578780
1997,316,1516940
1997,317,1769830
1997,318,4977920
1997,319,3017840
1997,320,3239020
1997,321,3497920
1997,322,4520890
1997,323,5168860
1997,324,5590560
1997,325,6416180
1997,326,7046740
1997,327,8117930
1997,328,9479270
1997,329,5857240
1997,330,3524940
1997,331,3051190
1997,332,2680000
1997,333,4085470
1997,334,3612070
1997,335,2179390
1997,336,2003430
1997,337,1957750
1997,338,1410360
1997,339,3470360
1997,340,1587690
1997,341,1342320
1997,342,1556900
1997,343,1175710
1997,344,1078340
1997,345,1346510
1997,346,929552
1997,347,810580
1997,348,771748
1997,349,721498
1997,350,648627
1997,351,667106
1997,352,615607
1997,353,600252
1997,354,536527
1997,355,1904510
1997,356,665765
1997,357,558100
1997,358,527716
1997,359,517032
1997,360,473106
1997,361,1614440
1997,362,525861
1997,363,499442
1997,364,475632
1997,365,454227
1997,366,488933
1998,1,435459
1998,2,466530
1998,3,1914140
1998,4,887234
1998,5,508684
1998,6,481137
1998,7,455002
1998,8,430811
1998,9,409072
1998,10,381123
1998,11,356372
1998,12,359975
1998,13,540837
1998,14,552547
1998,15,319692
1998,16,304494
1998,17,289565
1998,18,596354
1998,19,605972
1998,20,281284
1998,21,263413
1998,22,247449
1998,23,503757
1998,24,235311
1998,25,545116
1998,26,317042
1998,27,449626
1998,28,221422
1998,29,209074
1998,30,198331
1998,31,188576
1998,32,214891
1998,33,647270
1998,34,238693
1998,35,177480
1998,36,169033
1998,37,161470
1998,38,221412
1998,39,187753
1998,40,702849
1998,41,159284
1998,42,151655
1998,43,143848
1998,44,137150
1998,45,130950
1998,46,139880
1998,47,155188
1998,48,125806
1998,49,206135
1998,50,110284
1998,51,106454
1998,52,430516
1998,53,373518
1998,54,195134
1998,55,735622
1998,56,123937
1998,57,137304
1998,58,378912
1998,59,121164
1998,60,113902
1998,61,110040
1998,62,106098
1998,63,102125
1998,64,97970.4
1998,65,170636
1998,66,311859
1998,67,120844
1998,68,95101.8
1998,69,90583.2
1998,70,89432.7
1998,71,81226.2
1998,72,77683.6
1998,73,169706
1998,74,75379.9
1998,75,972310
1998,76,95099
1998,77,416591
1998,78,898225
1998,79,1999480
1998,80,910848
1998,81,1268930
1998,82,4990500
1998,83,1096190
1998,84,813011
1998,85,892606
1998,86,755289
1998,87,765881
1998,88,830485
1998,89,781140
1998,90,1908440
1998,91,825329
1998,92,716123
1998,93,1379050
1998,94,853387
1998,95,656423
1998,96,514683
1998,97,424867
1998,98,356384
1998,99,311731
1998,100,347285
1998,101,232627
1998,102,310868
1998,103,540967
1998,104,8208290
1998,105,906247
1998,106,874372
1998,107,822669
1998,108,766469
1998,109,709614
1998,110,706527
1998,111,669951
1998,112,572170
1998,113,763847
1998,114,538599
1998,115,513057
1998,116,477198
1998,117,445442
1998,118,415668
1998,119,352793
1998,120,369551
1998,121,573893
1998,122,694835
1998,123,515089
1998,124,290735
1998,125,273696
1998,126,289475
1998,127,232991
1998,128,303356
1998,129,206541
1998,130,192344
1998,131,180508
1998,132,169998
1998,133,216581
1998,134,157799
1998,135,151325
1998,136,160076
1998,137,246957
1998,138,398021
1998,139,154506
1998,140,143080
1998,141,159289
1998,142,134147
1998,143,130092
1998,144,125796
1998,145,122460
1998,146,119476
1998,147,368641
1998,148,933953
1998,149,550324
1998,150,800299
1998,151,233870
1998,152,242286
1998,153,267599
1998,154,360695
1998,155,2823020
1998,156,2274040
1998,157,1031750
1998,158,845704
1998,159,805506
1998,160,859855
1998,161,1200430
1998,162,2646050
1998,163,2101830
1998,164,1294200
1998,165,1190410
1998,166,1155010
1998,167,1083520
1998,168,1014090
1998,169,957706
1998,170,872803
1998,171,786091
1998,172,711334
1998,173,647557
1998,174,647568
1998,175,682271
1998,176,1875830
1998,177,661349
1998,178,547079
1998,179,491442
1998,180,664945
1998,181,443284
1998,182,506895
1998,183,373885
1998,184,2119200
1998,185,476699
1998,186,450833
1998,187,442688
1998,188,606869
1998,189,709605
1998,190,409766
1998,191,385078
1998,192,363521
1998,193,344832
1998,194,409538
1998,195,318690
1998,196,304136
1998,197,290910
1998,198,279301
1998,199,263200
1998,200,248800
1998,201,250837
1998,202,225237
1998,203,214502
1998,204,204540
1998,205,195431
1998,206,187744
1998,207,180670
1998,208,174184
1998,209,753742
1998,210,291283
1998,211,224362
1998,212,184867
1998,213,180438
1998,214,176209
1998,215,172426
1998,216,169131
1998,217,165875
1998,218,388447
1998,219,278097
1998,220,169539
1998,221,830319
1998,222,2036400
1998,223,3544970
1998,224,2291150
1998,225,655432
1998,226,600457
1998,227,614154
1998,228,620063
1998,229,619667
1998,230,623287
1998,231,631055
1998,232,634558
1998,233,631495
1998,234,624627
1998,235,616093
1998,236,598009
1998,237,555938
1998,238,494255
1998,239,478833
1998,240,393653
1998,241,354677
1998,242,322209
1998,243,294802
1998,244,271608
1998,245,257579
1998,246,234239
1998,247,218962
1998,248,205379
1998,249,262467
1998,250,277041
1998,251,250787
1998,252,176882
1998,253,169191
1998,254,162356
1998,255,156206
1998,256,286261
1998,257,2331690
1998,258,958918
1998,259,279153
1998,260,282230
1998,261,284999
1998,262,286540
1998,263,286561
1998,264,2466640
1998,265,1145240
1998,266,678928
1998,267,501773
1998,268,507393
1998,269,2130510
1998,270,2105390
1998,271,778759
1998,272,726896
1998,273,816360
1998,274,2036270
1998,275,0
1998,276,1248780
1998,277,764024
1998,278,858581
1998,279,822641
1998,280,627098
1998,281,563834
1998,282,1723610
1998,283,2150140
1998,284,6933520
1998,285,1489590
1998,286,1412010
1998,287,1347060
1998,288,1286320
1998,289,1226080
1998,290,1152270
1998,291,1080560
1998,292,1012870
1998,293,1540030
1998,294,2581890
1998,295,1373760
1998,296,2813420
1998,297,1140070
1998,298,1004870
1998,299,853037
1998,300,736189
1998,301,641859
1998,302,561718
1998,303,506513
1998,304,678079
1998,305,884448
1998,306,1761430
1998,307,6637140
1998,308,2964410
1998,309,2722860
1998,310,3202020
1998,311,3867440
1998,312,4644950
1998,313,5771380
1998,314,9095110
1998,315,18776000
1998,316,12154200
1998,317,12489200
1998,318,13492200
1998,319,13902500
1998,320,13055900
1998,321,6734640
1998,322,5044160
1998,323,4333730
1998,324,3300590
1998,325,8884790
1998,326,4201590
1998,327,3216120
1998,328,2616500
1998,329,2145670
1998,330,1839090
1998,331,1526370
1998,332,3216510
1998,333,1579880
1998,334,1378190
1998,335,1216530
1998,336,1220160
1998,337,1187500
1998,338,1641590
1998,339,1153270
1998,340,990039
1998,341,1261900
1998,342,1114190
1998,343,824381
1998,344,1813330
1998,345,2034570
1998,346,4641930
1998,347,3525130
1998,348,1429780
1998,349,1361690
1998,350,1287580
1998,351,1200570
1998,352,1104120
1998,353,1028130
1998,354,924442
1998,355,882024
1998,356,803301
1998,357,720724
1998,358,671523
1998,359,623752
1998,360,576931
1998,361,998045
1998,362,539962
1998,363,494721
1998,364,464368
1998,365,932205
1998,366,467518
1999,1,2489020
1999,2,579113
1999,3,2554320
1999,4,632018
1999,5,613170
1999,6,599798
1999,7,576108
1999,8,953970
1999,9,576561
1999,10,547421
1999,11,988653
1999,12,809672
1999,13,7498250
1999,14,5571880
1999,15,4117380
1999,16,3363040
1999,17,3851220
1999,18,3166490
1999,19,1887620
1999,20,1562550
1999,21,1340540
1999,22,1224770
1999,23,1031320
1999,24,1669830
1999,25,932435
1999,26,875787
1999,27,792138
1999,28,624760
1999,29,523520
1999,30,514770
1999,31,4291780
1999,32,832357
1999,33,766206
1999,34,659613
1999,35,1747910
1999,36,708833
1999,37,729499
1999,38,735419
1999,39,2134960
1999,40,639394
1999,41,601310
1999,42,540832
1999,43,498832
1999,44,458016
1999,45,418233
1999,46,364673
1999,47,360386
1999,48,397825
1999,49,278851
1999,50,270320
1999,51,502999
1999,52,1366790
1999,53,361097
1999,54,614162
1999,55,279508
1999,56,254737
1999,57,235398
1999,58,224912
1999,59,205095
1999,60,375776
1999,61,313727
1999,62,416548
1999,63,213843
1999,64,186504
1999,65,177857
1999,66,169094
1999,67,159190
1999,68,151280
1999,69,143652
1999,70,137506
1999,71,132219
1999,72,582002
1999,73,139827
1999,74,132709
1999,75,131224
1999,76,201133
1999,77,123937
1999,78,190234
1999,79,1292470
1999,80,438141
1999,81,151211
1999,82,148914
1999,83,150108
1999,84,149023
1999,85,147949
1999,86,140415
1999,87,716961
1999,88,178982
1999,89,145729
1999,90,139357
1999,91,133079
1999,92,212325
1999,93,126909
1999,94,118343
1999,95,901383
1999,96,147468
1999,97,138271
1999,98,130246
1999,99,239567
1999,100,1204250
1999,101,265744
1999,102,344442
1999,103,181650
1999,104,174854
1999,105,167110
1999,106,159129
1999,107,155046
1999,108,276153
1999,109,145279
1999,110,146536
1999,111,126911
1999,112,119277
1999,113,140485
1999,114,137867
1999,115,557901
1999,116,122443
1999,117,238558
1999,118,539232
1999,119,138595
1999,120,388111
1999,121,178160
1999,122,129159
1999,123,135183
1999,124,168368
1999,125,177189
1999,126,401665
1999,127,145013
1999,128,131513
1999,129,128426
1999,130,146179
1999,131,3736080
1999,132,2334730
1999,133,1589990
1999,134,633930
1999,135,740696
1999,136,991350
1999,137,1668370
1999,138,811449
1999,139,803951
1999,140,784453
1999,141,746925
1999,142,707731
1999,143,669837
1999,144,728349
1999,145,623007
1999,146,554068
1999,147,482794
1999,148,418301
1999,149,366188
1999,150,324314
1999,151,718660
1999,152,313374
1999,153,282225
1999,154,256449
1999,155,234905
1999,156,217041
1999,157,202335
1999,158,190179
1999,159,179521
1999,160,170188
1999,161,264415
1999,162,162814
1999,163,220730
1999,164,659035
1999,165,658371
1999,166,217642
1999,167,212281
1999,168,206559
1999,169,201600
1999,170,195477
1999,171,213012
1999,172,188392
1999,173,185085
1999,174,521182
1999,175,214539
1999,176,208763
1999,177,204159
1999,178,301431
1999,179,286787
1999,180,1873570
1999,181,349779
1999,182,349070
1999,183,346961
1999,184,345381
1999,185,340925
1999,186,337535
1999,187,342519
1999,188,345634
1999,189,646099
1999,190,390084
1999,191,427342
1999,192,784360
1999,193,397287
1999,194,390013
1999,195,368152
1999,196,351060
1999,197,330700
1999,198,314789
1999,199,305802
1999,200,301419
1999,201,288137
1999,202,267390
1999,203,257469
1999,204,301321
1999,205,526830
1999,206,592605
1999,207,262522
1999,208,249438
1999,209,237524
1999,210,226677
1999,211,216563
1999,212,206768
1999,213,197360
1999,214,189023
1999,215,181753
1999,216,175113
1999,217,168988
1999,218,162952
1999,219,156873
1999,220,150678
1999,221,144391
1999,222,138656
1999,223,133380
1999,224,128359
1999,225,123773
1999,226,119788
1999,227,116019
1999,228,112368
1999,229,109072
1999,230,106021
1999,231,103095
1999,232,100263
1999,233,2339520
1999,234,185967
1999,235,180295
1999,236,406346
1999,237,484134
1999,238,868178
1999,239,4996760
1999,240,530978
1999,241,558145
1999,242,604407
1999,243,599226
1999,244,604177
1999,245,602802
1999,246,595998
1999,247,583869
1999,248,1755060
1999,249,683076
1999,250,626498
1999,251,553594
1999,252,509801
1999,253,466254
1999,254,408130
1999,255,360571
1999,256,321266
1999,257,288540
1999,258,1884960
1999,259,378772
1999,260,351635
1999,261,328150
1999,262,306484
1999,263,490775
1999,264,473027
1999,265,275754
1999,266,260766
1999,267,248159
1999,268,237688
1999,269,228686
1999,270,220303
1999,271,212255
1999,272,204600
1999,273,192331
1999,274,1810860
1999,275,0
1999,276,1876030
1999,277,368564
1999,278,4647800
1999,279,3174760
1999,280,824923
1999,281,1758250
1999,282,894484
1999,283,878954
1999,284,853004
1999,285,817613
1999,286,777162
1999,287,735565
1999,288,692619
1999,289,648772
1999,290,591679
1999,291,531733
1999,292,479372
1999,293,418000
1999,294,363815
1999,295,321647
1999,296,3220930
1999,297,2473870
1999,298,640718
1999,299,586223
1999,300,540686
1999,301,503403
1999,302,601571
1999,303,1296230
1999,304,890477
1999,305,1049290
1999,306,1153250
1999,307,2167520
1999,308,2653920
1999,309,3094290
1999,310,3844550
1999,311,3993550
1999,312,5099610
1999,313,5838580
1999,314,6908060
1999,315,13002600
1999,316,10605300
1999,317,12324500
1999,318,5490620
1999,319,4274950
1999,320,3589080
1999,321,2993680
1999,322,3274630
1999,323,2557320
1999,324,2050480
1999,325,1700390
1999,326,2149340
1999,327,1434660
1999,328,1346320
1999,329,2973530
1999,330,1322520
1999,331,1119880
1999,332,954125
1999,333,834479
1999,334,747627
1999,335,680448
1999,336,627043
1999,337,581121
1999,338,542795
1999,339,511696
1999,340,637773
1999,341,473627
1999,342,449063
1999,343,444445
1999,344,1139510
1999,345,440249
1999,346,417834
1999,347,398625
1999,348,381197
1999,349,365518
1999,350,351599
1999,351,338840
1999,352,327127
1999,353,316271
1999,354,320248
1999,355,2050260
1999,356,369438
1999,357,360142
1999,358,349429
1999,359,1027490
1999,360,1824590
1999,361,515472
1999,362,481078
1999,363,426587
1999,364,412935
1999,365,396131
1999,366,377583
2000,1,358738
2000,2,343651
2000,3,374789
2000,4,325812
2000,5,288165
2000,6,271541
2000,7,256733
2000,8,596502
2000,9,250461
2000,10,233133
2000,11,219446
2000,12,207605
2000,13,197423
2000,14,240570
2000,15,543893
2000,16,203159
2000,17,180215
2000,18,903591
2000,19,261603
2000,20,187467
2000,21,186109
2000,22,176200
2000,23,165895
2000,24,158414
2000,25,151456
2000,26,150063
2000,27,139324
2000,28,137371
2000,29,725965
2000,30,760294
2000,31,196956
2000,32,174048
2000,33,255426
2000,34,143592
2000,35,152244
2000,36,126857
2000,37,133360
2000,38,138863
2000,39,110318
2000,40,495910
2000,41,319392
2000,42,124970
2000,43,116219
2000,44,110151
2000,45,103714
2000,46,98145.9
2000,47,93270.8
2000,48,90238
2000,49,169193
2000,50,472062
2000,51,111830
2000,52,95432.1
2000,53,161008
2000,54,86806.3
2000,55,95599.2
2000,56,84578
2000,57,74406.8
2000,58,71799
2000,59,274879
2000,60,73744
2000,61,218101
2000,62,113767
2000,63,132289
2000,64,68061.7
2000,65,65715.2
2000,66,82129.9
2000,67,93763.4
2000,68,65378
2000,69,67907.3
2000,70,213735
2000,71,58991.6
2000,72,60903.5
2000,73,56359
2000,74,54903.8
2000,75,1182230
2000,76,443564
2000,77,207109
2000,78,81597.5
2000,79,80218.6
2000,80,78431.7
2000,81,77957.2
2000,82,384437
2000,83,633497
2000,84,143867
2000,85,109057
2000,86,106242
2000,87,124421
2000,88,1012120
2000,89,203841
2000,90,147389
2000,91,133676
2000,92,122566
2000,93,113358
2000,94,104902
2000,95,97015.6
2000,96,89764.5
2000,97,82326.1
2000,98,375569
2000,99,239633
2000,100,1001310
2000,101,375992
2000,102,627322
2000,103,192807
2000,104,148648
2000,105,138446
2000,106,129211
2000,107,419988
2000,108,973836
2000,109,31861800
2000,110,1872700
2000,111,2171520
2000,112,2357750
2000,113,4562180
2000,114,4338500
2000,115,5591340
2000,116,2937590
2000,117,2597220
2000,118,2217020
2000,119,1907340
2000,120,1762850
2000,121,1552330
2000,122,2351050
2000,123,4855240
2000,124,1943400
2000,125,1500410
2000,126,1210070
2000,127,3646580
2000,128,1339800
2000,129,1170820
2000,130,970034
2000,131,951108
2000,132,1167340
2000,133,2728440
2000,134,1053910
2000,135,920625
2000,136,1851530
2000,137,1077870
2000,138,889601
2000,139,816973
2000,140,830657
2000,141,710780
2000,142,776680
2000,143,1126740
2000,144,655292
2000,145,983855
2000,146,647901
2000,147,598993
2000,148,555864
2000,149,518387
2000,150,486465
2000,151,455318
2000,152,427574
2000,153,402550
2000,154,380413
2000,155,361048
2000,156,2674230
2000,157,569856
2000,158,553774
2000,159,538723
2000,160,520394
2000,161,504512
2000,162,491443
2000,163,478450
2000,164,482564
2000,165,452325
2000,166,441611
2000,167,431428
2000,168,459864
2000,169,415686
2000,170,407696
2000,171,386894
2000,172,368028
2000,173,350206
2000,174,444595
2000,175,329149
2000,176,314258
2000,177,378570
2000,178,396774
2000,179,1598550
2000,180,6563020
2000,181,1152630
2000,182,832869
2000,183,889014
2000,184,896689
2000,185,920392
2000,186,936799
2000,187,943287
2000,188,1162290
2000,189,990176
2000,190,1876770
2000,191,1094550
2000,192,1066980
2000,193,1015090
2000,194,1481940
2000,195,875398
2000,196,761656
2000,197,784258
2000,198,2088460
2000,199,1027410
2000,200,750211
2000,201,697903
2000,202,652933
2000,203,612225
2000,204,574273
2000,205,530344
2000,206,488431
2000,207,453851
2000,208,425430
2000,209,400034
2000,210,378174
2000,211,359038
2000,212,341958
2000,213,321882
2000,214,302981
2000,215,286008
2000,216,270666
2000,217,487476
2000,218,256641
2000,219,1591040
2000,220,308061
2000,221,298178
2000,222,289135
2000,223,280586
2000,224,361527
2000,225,4031000
2000,226,498584
2000,227,528669
2000,228,509500
2000,229,520383
2000,230,529178
2000,231,533765
2000,232,532280
2000,233,527116
2000,234,504976
2000,235,482455
2000,236,461355
2000,237,442547
2000,238,424530
2000,239,405741
2000,240,371607
2000,241,342958
2000,242,318559
2000,243,297633
2000,244,279028
2000,245,262164
2000,246,246885
2000,247,233300
2000,248,221610
2000,249,211330
2000,250,201898
2000,251,193264
2000,252,185533
2000,253,178501
2000,254,172218
2000,255,166503
2000,256,160949
2000,257,155652
2000,258,150857
2000,259,146441
2000,260,1215010
2000,261,178633
2000,262,175994
2000,263,173069
2000,264,170481
2000,265,167791
2000,266,165082
2000,267,162383
2000,268,159546
2000,269,156509
2000,270,153112
2000,271,627865
2000,272,168151
2000,273,2684650
2000,274,1484570
2000,275,359312
2000,276,687720
2000,277,473870
2000,278,386464
2000,279,385668
2000,280,386814
2000,281,388906
2000,282,453432
2000,283,396948
2000,284,673185
2000,285,425819
2000,286,4031990
2000,287,1235790
2000,288,925552
2000,289,866129
2000,290,816212
2000,291,3530520
2000,292,1141050
2000,293,1102960
2000,294,1062400
2000,295,1018660
2000,296,1138810
2000,297,968621
2000,298,903973
2000,299,849336
2000,300,997781
2000,301,748320
2000,302,3645530
2000,303,4548460
2000,304,2586070
2000,305,2605020
2000,306,2805080
2000,307,3175510
2000,308,3696270
2000,309,5082350
2000,310,9533170
2000,311,7409250
2000,312,8150310
2000,313,6843600
2000,314,9270300
2000,315,4677090
2000,316,4078470
2000,317,3493420
2000,318,2872770
2000,319,2451760
2000,320,2106660
2000,321,1796680
2000,322,1523660
2000,323,2853810
2000,324,2381710
2000,325,1483870
2000,326,1252660
2000,327,3651480
2000,328,2155280
2000,329,1765260
2000,330,1240310
2000,331,1100530
2000,332,992528
2000,333,972400
2000,334,909559
2000,335,790368
2000,336,736478
2000,337,734715
2000,338,806787
2000,339,627904
2000,340,613711
2000,341,594372
2000,342,515993
2000,343,673200
2000,344,465460
2000,345,464878
2000,346,2139090
2000,347,529253
2000,348,1107600
2000,349,1741780
2000,350,590642
2000,351,567180
2000,352,543745
2000,353,518139
2000,354,1618360
2000,355,2274480
2000,356,1673940
2000,357,872007
2000,358,2058630
2000,359,2463170
2000,360,2534480
2000,361,1331860
2000,362,1092700
2000,363,990733
2000,364,917983
2000,365,801874
2000,366,724867
2001,1,660524
2001,2,601895
2001,3,1008270
2001,4,554488
2001,5,729149
2001,6,1063820
2001,7,8059270
2001,8,1926030
2001,9,1244600
2001,10,1106870
2001,11,977237
2001,12,3963140
2001,13,3540510
2001,14,2404110
2001,15,1605660
2001,16,1393930
2001,17,1169560
2001,18,1099760
2001,19,2225360
2001,20,1116240
2001,21,959544
2001,22,2572600
2001,23,1092880
2001,24,836958
2001,25,712893
2001,26,1392420
2001,27,875106
2001,28,1377120
2001,29,728757
2001,30,1146980
2001,31,549154
2001,32,486943
2001,33,435100
2001,34,574785
2001,35,439773
2001,36,343867
2001,37,312837
2001,38,287533
2001,39,267305
2001,40,259034
2001,41,308232
2001,42,225681
2001,43,212722
2001,44,201723
2001,45,191862
2001,46,2458870
2001,47,600716
2001,48,285837
2001,49,265823
2001,50,287595
2001,51,243836
2001,52,322014
2001,53,227385
2001,54,216781
2001,55,207137
2001,56,197244
2001,57,734155
2001,58,633093
2001,59,344666
2001,60,283642
2001,61,1896900
2001,62,1315580
2001,63,1601960
2001,64,756030
2001,65,995015
2001,66,489980
2001,67,424012
2001,68,2878620
2001,69,962649
2001,70,646816
2001,71,1249970
2001,72,616605
2001,73,672370
2001,74,1108460
2001,75,617516
2001,76,832952
2001,77,486771
2001,78,620644
2001,79,394100
2001,80,356504
2001,81,309254
2001,82,278167
2001,83,245840
2001,84,218977
2001,85,941604
2001,86,346405
2001,87,253446
2001,88,210652
2001,89,190727
2001,90,202673
2001,91,170821
2001,92,242428
2001,93,146632
2001,94,282511
2001,95,637859
2001,96,326647
2001,97,176538
2001,98,151208
2001,99,145412
2001,100,137606
2001,101,130287
2001,102,123720
2001,103,118925
2001,104,122775
2001,105,2298250
2001,106,438190
2001,107,741002
2001,108,675723
2001,109,288790
2001,110,282374
2001,111,274875
2001,112,1200000
2001,113,338036
2001,114,328364
2001,115,320449
2001,116,357854
2001,117,337441
2001,118,409118
2001,119,1032070
2001,120,374533
2001,121,344555
2001,122,316518
2001,123,289728
2001,124,265251
2001,125,242912
2001,126,222734
2001,127,211061
2001,128,799794
2001,129,351559
2001,130,227498
2001,131,213698
2001,132,204500
2001,133,254974
2001,134,190313
2001,135,180885
2001,136,172369
2001,137,164377
2001,138,156974
2001,139,188452
2001,140,1225060
2001,141,2137230
2001,142,421917
2001,143,379412
2001,144,374030
2001,145,367997
2001,146,363015
2001,147,356334
2001,148,345658
2001,149,333190
2001,150,320654
2001,151,309938
2001,152,301861
2001,153,294503
2001,154,286318
2001,155,269767
2001,156,245809
2001,157,224523
2001,158,205768
2001,159,190180
2001,160,177240
2001,161,165794
2001,162,155385
2001,163,661382
2001,164,2145020
2001,165,394303
2001,166,332409
2001,167,331731
2001,168,1053420
2001,169,399100
2001,170,403069
2001,171,405584
2001,172,407026
2001,173,407891
2001,174,412130
2001,175,407750
2001,176,407597
2001,177,406992
2001,178,399332
2001,179,375008
2001,180,1727040
2001,181,591375
2001,182,472062
2001,183,1015300
2001,184,480314
2001,185,420061
2001,186,391179
2001,187,366170
2001,188,343446
2001,189,322325
2001,190,303498
2001,191,286836
2001,192,271505
2001,193,257445
2001,194,244538
2001,195,236924
2001,196,211846
2001,197,198866
2001,198,186333
2001,199,175253
2001,200,165506
2001,201,17311900
2001,202,1075690
2001,203,1155500
2001,204,1199980
2001,205,1212570
2001,206,1198120
2001,207,1163470
2001,208,1112720
2001,209,1052750
2001,210,989948
2001,211,924455
2001,212,859759
2001,213,798652
2001,214,740302
2001,215,685712
2001,216,569405
2001,217,483028
2001,218,417287
2001,219,366007
2001,220,325497
2001,221,293056
2001,222,266783
2001,223,245414
2001,224,228137
2001,225,214161
2001,226,202467
2001,227,192590
2001,228,184230
2001,229,176971
2001,230,192377
2001,231,165720
2001,232,160551
2001,233,155911
2001,234,151664
2001,235,147761
2001,236,144268
2001,237,141085
2001,238,138076
2001,239,135167
2001,240,132384
2001,241,129772
2001,242,127227
2001,243,124753
2001,244,122393
2001,245,151881
2001,246,242171
2001,247,119199
2001,248,117096
2001,249,115139
2001,250,113280
2001,251,111420
2001,252,109561
2001,253,107755
2001,254,106007
2001,255,327434
2001,256,129073
2001,257,106350
2001,258,105034
2001,259,103671
2001,260,262343
2001,261,108189
2001,262,120800
2001,263,101891
2001,264,100583
2001,265,99264.1
2001,266,97839
2001,267,96403.4
2001,268,95075.3
2001,269,93762
2001,270,92109.7
2001,271,90420
2001,272,102923
2001,273,87319.4
2001,274,85703.9
2001,275,0
2001,276,83954.7
2001,277,82233.2
2001,278,80505.8
2001,279,78831.2
2001,280,77235.9
2001,281,75697.2
2001,282,74205.9
2001,283,72753.4
2001,284,72325.6
2001,285,69960.5
2001,286,68610
2001,287,67305.4
2001,288,469646
2001,289,99608.7
2001,290,70747.2
2001,291,162418
2001,292,569061
2001,293,79486
2001,294,79687.6
2001,295,79724.1
2001,296,2500920
2001,297,419502
2001,298,168716
2001,299,250273
2001,300,195744
2001,301,207257
2001,302,217644
2001,303,221904
2001,304,679696
2001,305,4767990
2001,306,605418
2001,307,1064000
2001,308,1364490
2001,309,1789380
2001,310,2285700
2001,311,2818150
2001,312,4547610
2001,313,4764180
2001,314,5751980
2001,315,11993400
2001,316,8364570
2001,317,8452240
2001,318,8499290
2001,319,9338520
2001,320,10321700
2001,321,12459200
2001,322,8288300
2001,323,5611670
2001,324,3890380
2001,325,3160040
2001,326,2861640
2001,327,3235060
2001,328,2037980
2001,329,1635840
2001,330,1356910
2001,331,1113710
2001,332,949486
2001,333,816512
2001,334,711505
2001,335,628659
2001,336,557964
2001,337,501057
2001,338,457556
2001,339,424945
2001,340,401200
2001,341,381183
2001,342,366064
2001,343,353749
2001,344,343160
2001,345,338363
2001,346,325111
2001,347,317140
2001,348,377490
2001,349,304934
2001,350,302470
2001,351,292719
2001,352,286981
2001,353,296542
2001,354,295694
2001,355,278969
2001,356,266538
2001,357,444908
2001,358,1468530
2001,359,1022040
2001,360,327032
2001,361,284818
2001,362,1543190
2001,363,1496700
2001,364,1027570
2001,365,610856
2001,366,436271
2002,1,446092
2002,2,2766390
2002,3,1657150
2002,4,2320370
2002,5,1011320
2002,6,950431
2002,7,882543
2002,8,801980
2002,9,728255
2002,10,662778
2002,11,592018
2002,12,1595320
2002,13,875022
2002,14,580904
2002,15,507486
2002,16,448544
2002,17,4533250
2002,18,1188650
2002,19,772509
2002,20,669139
2002,21,1243650
2002,22,641274
2002,23,783104
2002,24,921203
2002,25,505847
2002,26,458163
2002,27,408115
2002,28,363648
2002,29,326895
2002,30,296387
2002,31,349191
2002,32,1001430
2002,33,298635
2002,34,269541
2002,35,665498
2002,36,349364
2002,37,242006
2002,38,293061
2002,39,1930250
2002,40,412995
2002,41,438176
2002,42,1051250
2002,43,318993
2002,44,302826
2002,45,286751
2002,46,316762
2002,47,280932
2002,48,437246
2002,49,239085
2002,50,217552
2002,51,200025
2002,52,185633
2002,53,173079
2002,54,158486
2002,55,146305
2002,56,205035
2002,57,410995
2002,58,137791
2002,59,129646
2002,60,122750
2002,61,116935
2002,62,111950
2002,63,107461
2002,64,103618
2002,65,350623
2002,66,174372
2002,67,101182
2002,68,97864.8
2002,69,291268
2002,70,96266.8
2002,71,93274.9
2002,72,267700
2002,73,306296
2002,74,458443
2002,75,212078
2002,76,99082.5
2002,77,96461.1
2002,78,122639
2002,79,232411
2002,80,93363.9
2002,81,129067
2002,82,97592.6
2002,83,111835
2002,84,83597.9
2002,85,356884
2002,86,93556
2002,87,84602.4
2002,88,81283.6
2002,89,153700
2002,90,341263
2002,91,81591.2
2002,92,78297.6
2002,93,1153760
2002,94,132860
2002,95,107267
2002,96,105117
2002,97,621761
2002,98,123598
2002,99,122110
2002,100,117991
2002,101,113412
2002,102,108706
2002,103,421529
2002,104,142133
2002,105,115469
2002,106,814629
2002,107,590788
2002,108,219164
2002,109,171033
2002,110,161543
2002,111,152257
2002,112,140742
2002,113,2794540
2002,114,363217
2002,115,318208
2002,116,310259
2002,117,7091590
2002,118,2848600
2002,119,1125810
2002,120,1250190
2002,121,1704910
2002,122,1347520
2002,123,1138030
2002,124,1070200
2002,125,995800
2002,126,914802
2002,127,833390
2002,128,721974
2002,129,1145420
2002,130,676145
2002,131,614987
2002,132,524756
2002,133,444616
2002,134,378730
2002,135,324952
2002,136,280632
2002,137,974572
2002,138,345018
2002,139,682214
2002,140,316330
2002,141,277275
2002,142,259816
2002,143,244470
2002,144,228198
2002,145,265484
2002,146,525618
2002,147,281607
2002,148,216267
2002,149,207903
2002,150,201492
2002,151,195946
2002,152,187467
2002,153,179515
2002,154,170918
2002,155,162773
2002,156,193376
2002,157,171422
2002,158,224221
2002,159,204854
2002,160,145544
2002,161,140269
2002,162,135229
2002,163,130750
2002,164,126759
2002,165,123196
2002,166,120039
2002,167,117067
2002,168,114195
2002,169,111331
2002,170,108505
2002,171,105938
2002,172,103636
2002,173,106166
2002,174,234805
2002,175,102757
2002,176,100850
2002,177,98980.1
2002,178,111561
2002,179,980991
2002,180,131496
2002,181,132357
2002,182,196478
2002,183,207071
2002,184,1217400
2002,185,207030
2002,186,215227
2002,187,224188
2002,188,232292
2002,189,237266
2002,190,240903
2002,191,251120
2002,192,688205
2002,193,299559
2002,194,296112
2002,195,293176
2002,196,310559
2002,197,508796
2002,198,1147630
2002,199,395740
2002,200,377263
2002,201,732041
2002,202,1149890
2002,203,478411
2002,204,472798
2002,205,461940
2002,206,451078
2002,207,432332
2002,208,455078
2002,209,402354
2002,210,388152
2002,211,373771
2002,212,355024
2002,213,329246
2002,214,306730
2002,215,286707
2002,216,266686
2002,217,245655
2002,218,227227
2002,219,211014
2002,220,196567
2002,221,477604
2002,222,191251
2002,223,180564
2002,224,170922
2002,225,178550
2002,226,641823
2002,227,178163
2002,228,166458
2002,229,160169
2002,230,176269
2002,231,149971
2002,232,147448
2002,233,140581
2002,234,136503
2002,235,132733
2002,236,128445
2002,237,124345
2002,238,120350
2002,239,534782
2002,240,131541
2002,241,127046
2002,242,122630
2002,243,118285
2002,244,137656
2002,245,511688
2002,246,194039
2002,247,982485
2002,248,158528
2002,249,158058
2002,250,157486
2002,251,157826
2002,252,158799
2002,253,159571
2002,254,158321
2002,255,157070
2002,256,862107
2002,257,209946
2002,258,210215
2002,259,209533
2002,260,206153
2002,261,201874
2002,262,192938
2002,263,184569
2002,264,177109
2002,265,170059
2002,266,345259
2002,267,521678
2002,268,181196
2002,269,174819
2002,270,168676
2002,271,159139
2002,272,553341
2002,273,191166
2002,274,159481
2002,275,0
2002,276,153179
2002,277,624123
2002,278,1182150
2002,279,221909
2002,280,222026
2002,281,222567
2002,282,220172
2002,283,212748
2002,284,2082150
2002,285,322363
2002,286,319285
2002,287,315574
2002,288,383173
2002,289,301275
2002,290,288159
2002,291,888260
2002,292,472274
2002,293,450423
2002,294,397212
2002,295,1756410
2002,296,611495
2002,297,509478
2002,298,505821
2002,299,483564
2002,300,543059
2002,301,3218510
2002,302,814642
2002,303,900797
2002,304,1196060
2002,305,1668180
2002,306,3612830
2002,307,3054330
2002,308,3460960
2002,309,5505310
2002,310,5259290
2002,311,3349870
2002,312,1799280
2002,313,1673020
2002,314,1725960
2002,315,3131100
2002,316,2329490
2002,317,2548700
2002,318,2854710
2002,319,5575630
2002,320,5956450
2002,321,2978360
2002,322,2095330
2002,323,1742380
2002,324,1389150
2002,325,1807990
2002,326,1422050
2002,327,1211340
2002,328,1273010
2002,329,891340
2002,330,788269
2002,331,1621700
2002,332,795108
2002,333,905674
2002,334,5264800
2002,335,1528120
2002,336,1658170
2002,337,1085180
2002,338,3563270
2002,339,1255810
2002,340,1157530
2002,341,1056680
2002,342,957976
2002,343,860103
2002,344,907650
2002,345,1641250
2002,346,822965
2002,347,751145
2002,348,3107410
2002,349,5823510
2002,350,2220210
2002,351,1484490
2002,352,1340550
2002,353,1907750
2002,354,4464650
2002,355,1529730
2002,356,1398110
2002,357,1321330
2002,358,1175210
2002,359,1064310
2002,360,947321
2002,361,848040
2002,362,1146570
2002,363,787102
2002,364,3385780
2002,365,1015350
2002,366,864855
2003,1,1419040
2003,2,761350
2003,3,671791
2003,4,594484
2003,5,557059
2003,6,1118230
2003,7,5240080
2003,8,1746850
2003,9,1011750
2003,10,942673
2003,11,864541
2003,12,788725
2003,13,1345680
2003,14,729575
2003,15,4298720
2003,16,2574930
2003,17,1644350
2003,18,1344330
2003,19,1419240
2003,20,1221290
2003,21,944646
2003,22,798501
2003,23,772801
2003,24,628348
2003,25,528635
2003,26,517884
2003,27,1204740
2003,28,1418530
2003,29,574351
2003,30,490022
2003,31,426232
2003,32,376112
2003,33,336210
2003,34,303810
2003,35,290843
2003,36,260207
2003,37,245315
2003,38,232667
2003,39,221709
2003,40,424192
2003,41,213598
2003,42,204395
2003,43,195636
2003,44,187917
2003,45,181065
2003,46,174933
2003,47,169414
2003,48,164389
2003,49,163520
2003,50,432783
2003,51,155131
2003,52,150694
2003,53,146511
2003,54,991839
2003,55,151912
2003,56,147918
2003,57,144033
2003,58,140163
2003,59,221085
2003,60,134956
2003,61,130260
2003,62,126614
2003,63,218444
2003,64,615278
2003,65,131918
2003,66,127612
2003,67,293146
2003,68,125620
2003,69,120296
2003,70,115597
2003,71,111314
2003,72,107325
2003,73,103625
2003,74,100141
2003,75,96975.9
2003,76,130339
2003,77,186135
2003,78,118740
2003,79,95761.8
2003,80,86483.2
2003,81,217242
2003,82,171419
2003,83,82781.4
2003,84,455566
2003,85,145208
2003,86,841879
2003,87,96318.6
2003,88,95026.4
2003,89,93433
2003,90,118469
2003,91,2261210
2003,92,170411
2003,93,177651
2003,94,705442
2003,95,219223
2003,96,261176
2003,97,437390
2003,98,233048
2003,99,224024
2003,100,213332
2003,101,195780
2003,102,179692
2003,103,164635
2003,104,152563
2003,105,143418
2003,106,128196
2003,107,114902
2003,108,3953290
2003,109,638872
2003,110,401837
2003,111,361531
2003,112,339874
2003,113,318018
2003,114,417250
2003,115,872680
2003,116,461468
2003,117,330401
2003,118,316395
2003,119,1324030
2003,120,6776460
2003,121,1170500
2003,122,1178990
2003,123,1061480
2003,124,947483
2003,125,842005
2003,126,1006680
2003,127,1139030
2003,128,791710
2003,129,667065
2003,130,607484
2003,131,553671
2003,132,519879
2003,133,1954710
2003,134,13680500
2003,135,4863940
2003,136,2700050
2003,137,2144930
2003,138,1950440
2003,139,13113900
2003,140,3217220
2003,141,2935150
2003,142,2758400
2003,143,2379740
2003,144,2108590
2003,145,1886530
2003,146,1695560
2003,147,1571890
2003,148,2709310
2003,149,2475040
2003,150,1507390
2003,151,1299120
2003,152,1210750
2003,153,1099590
2003,154,910299
2003,155,902300
2003,156,739944
2003,157,675298
2003,158,623873
2003,159,1225920
2003,160,1272810
2003,161,688759
2003,162,657573
2003,163,619801
2003,164,663204
2003,165,1243720
2003,166,5707840
2003,167,1100710
2003,168,944375
2003,169,902981
2003,170,4208470
2003,171,3064620
2003,172,1566480
2003,173,1574870
2003,174,1496360
2003,175,1876070
2003,176,2632060
2003,177,1656310
2003,178,1538250
2003,179,1466380
2003,180,1460160
2003,181,1282640
2003,182,1182100
2003,183,1097600
2003,184,1084580
2003,185,938761
2003,186,852202
2003,187,782515
2003,188,723245
2003,189,667983
2003,190,616423
2003,191,569667
2003,192,530398
2003,193,497506
2003,194,469653
2003,195,444689
2003,196,460880
2003,197,595927
2003,198,1140910
2003,199,427843
2003,200,410438
2003,201,394904
2003,202,380572
2003,203,366921
2003,204,3146120
2003,205,505035
2003,206,498919
2003,207,491931
2003,208,484857
2003,209,475774
2003,210,466877
2003,211,457720
2003,212,447040
2003,213,431104
2003,214,415654
2003,215,404380
2003,216,1377970
2003,217,456722
2003,218,443508
2003,219,416060
2003,220,391777
2003,221,370082
2003,222,350733
2003,223,333327
2003,224,319018
2003,225,302417
2003,226,289322
2003,227,277589
2003,228,266805
2003,229,256966
2003,230,247970
2003,231,237204
2003,232,227476
2003,233,218690
2003,234,210613
2003,235,203053
2003,236,196053
2003,237,189604
2003,238,183619
2003,239,177966
2003,240,172555
2003,241,167290
2003,242,162345
2003,243,157788
2003,244,153323
2003,245,148963
2003,246,144751
2003,247,143512
2003,248,137228
2003,249,132855
2003,250,993324
2003,251,152354
2003,252,150231
2003,253,148131
2003,254,146082
2003,255,144064
2003,256,141952
2003,257,139836
2003,258,137846
2003,259,135971
2003,260,134149
2003,261,132368
2003,262,130677
2003,263,128979
2003,264,127161
2003,265,123203
2003,266,119425
2003,267,115820
2003,268,481566
2003,269,122316
2003,270,119384
2003,271,116723
2003,272,114237
2003,273,111786
2003,274,109285
2003,275,0
2003,276,106775
2003,277,149948
2003,278,103503
2003,279,101454
2003,280,99319.5
2003,281,97206.3
2003,282,95303.1
2003,283,93383.9
2003,284,90779.1
2003,285,88431.8
2003,286,86254
2003,287,84021.6
2003,288,81781.8
2003,289,79702.1
2003,290,77664.1
2003,291,75545.3
2003,292,73320.4
2003,293,71162.8
2003,294,82165.4
2003,295,1606490
2003,296,252297
2003,297,109424
2003,298,109930
2003,299,110226
2003,300,110398
2003,301,415684
2003,302,162751
2003,303,273851
2003,304,2028310
2003,305,1346810
2003,306,391653
2003,307,430405
2003,308,604696
2003,309,711071
2003,310,1226960
2003,311,2193480
2003,312,1880280
2003,313,2513150
2003,314,3011870
2003,315,3804810
2003,316,4493320
2003,317,7612190
2003,318,7296820
2003,319,8415020
2003,320,9507680
2003,321,9750780
2003,322,10664200
2003,323,11695500
2003,324,14425100
2003,325,13899700
2003,326,14849700
2003,327,6803990
2003,328,5616980
2003,329,3968390
2003,330,3074200
2003,331,2458830
2003,332,4114950
2003,333,2224260
2003,334,1806120
2003,335,1661680
2003,336,1310680
2003,337,1177600
2003,338,1281000
2003,339,919475
2003,340,816238
2003,341,848625
2003,342,687888
2003,343,1019850
2003,344,849127
2003,345,629825
2003,346,589568
2003,347,941409
2003,348,604423
2003,349,636372
2003,350,525003
2003,351,505047
2003,352,504745
2003,353,470426
2003,354,454676
2003,355,439901
2003,356,468997
2003,357,627454
2003,358,412486
2003,359,581854
2003,360,695202
2003,361,502232
2003,362,1322060
2003,363,431320
2003,364,533261
2003,365,425941
2003,366,425413
2004,1,3092540
2004,2,3805820
2004,3,1230020
2004,4,1934170
2004,5,1440300
2004,6,1097360
2004,7,968118
2004,8,4455730
2004,9,1469780
2004,10,1511980
2004,11,1195700
2004,12,1474920
2004,13,2251270
2004,14,1266250
2004,15,2717150
2004,16,1220910
2004,17,1031560
2004,18,999874
2004,19,1434470
2004,20,794308
2004,21,7623820
2004,22,9191740
2004,23,5408970
2004,24,2326950
2004,25,1993360
2004,26,1699670
2004,27,1442300
2004,28,1219680
2004,29,1052000
2004,30,948064
2004,31,826740
2004,32,702371
2004,33,622317
2004,34,552341
2004,35,711741
2004,36,543341
2004,37,411849
2004,38,777216
2004,39,406685
2004,40,478483
2004,41,663376
2004,42,789895
2004,43,336956
2004,44,302372
2004,45,282706
2004,46,265722
2004,47,354302
2004,48,246526
2004,49,503176
2004,50,243256
2004,51,225173
2004,52,1458760
2004,53,1833280
2004,54,1555120
2004,55,539821
2004,56,399892
2004,57,377011
2004,58,1686470
2004,59,440389
2004,60,417928
2004,61,394754
2004,62,386886
2004,63,1467550
2004,64,524095
2004,65,873932
2004,66,2865540
2004,67,3032150
2004,68,1342400
2004,69,851358
2004,70,1113820
2004,71,1605800
2004,72,1152180
2004,73,3940830
2004,74,1050530
2004,75,1097840
2004,76,839248
2004,77,738941
2004,78,836806
2004,79,707288
2004,80,546274
2004,81,469908
2004,82,400509
2004,83,345323
2004,84,370921
2004,85,278107
2004,86,251166
2004,87,228519
2004,88,205408
2004,89,190725
2004,90,174037
2004,91,381273
2004,92,363519
2004,93,166446
2004,94,4001530
2004,95,3207030
2004,96,3024840
2004,97,999871
2004,98,690192
2004,99,707641
2004,100,710763
2004,101,699433
2004,102,681545
2004,103,659301
2004,104,630691
2004,105,598779
2004,106,1218850
2004,107,1550820
2004,108,9079470
2004,109,1977880
2004,110,1690100
2004,111,1748210
2004,112,3293760
2004,113,1401590
2004,114,1213620
2004,115,2286320
2004,116,7900750
2004,117,2085460
2004,118,2206420
2004,119,1740080
2004,120,2610300
2004,121,3313660
2004,122,2097700
2004,123,1552190
2004,124,1528970
2004,125,1329830
2004,126,1111450
2004,127,2319950
2004,128,1142380
2004,129,1031150
2004,130,926537
2004,131,802682
2004,132,704021
2004,133,624636
2004,134,562948
2004,135,510817
2004,136,464485
2004,137,4015000
2004,138,1763410
2004,139,900854
2004,140,973970
2004,141,832820
2004,142,1043970
2004,143,776899
2004,144,976913
2004,145,732476
2004,146,706058
2004,147,680504
2004,148,660982
2004,149,1198020
2004,150,7337710
2004,151,2180160
2004,152,7157460
2004,153,2230700
2004,154,2077410
2004,155,1912740
2004,156,2676190
2004,157,1760800
2004,158,1693470
2004,159,2828950
2004,160,2019540
2004,161,1586320
2004,162,1473490
2004,163,1376200
2004,164,1278390
2004,165,1253060
2004,166,1401020
2004,167,1294300
2004,168,951242
2004,169,865607
2004,170,796802
2004,171,804083
2004,172,716841
2004,173,6814250
2004,174,1701740
2004,175,1369120
2004,176,1253530
2004,177,1146690
2004,178,2262560
2004,179,1171830
2004,180,1128010
2004,181,1200570
2004,182,5454420
2004,183,1940800
2004,184,1702350
2004,185,1648430
2004,186,1576230
2004,187,1509840
2004,188,1363850
2004,189,1239470
2004,190,1139210
2004,191,1057930
2004,192,990265
2004,193,917355
2004,194,1093150
2004,195,10186400
2004,196,1854680
2004,197,1618540
2004,198,1426680
2004,199,1270750
2004,200,1142980
2004,201,1747210
2004,202,1032400
2004,203,947081
2004,204,874082
2004,205,811004
2004,206,755105
2004,207,703691
2004,208,5514210
2004,209,1201550
2004,210,1054940
2004,211,942252
2004,212,852398
2004,213,778646
2004,214,1444160
2004,215,743336
2004,216,691815
2004,217,780663
2004,218,1887640
2004,219,5412990
2004,220,2425810
2004,221,1262020
2004,222,1228070
2004,223,1120350
2004,224,1027680
2004,225,954128
2004,226,898444
2004,227,851459
2004,228,801813
2004,229,748292
2004,230,703117
2004,231,663427
2004,232,626299
2004,233,584909
2004,234,533103
2004,235,487983
2004,236,450602
2004,237,419005
2004,238,392459
2004,239,370155
2004,240,350723
2004,241,333317
2004,242,317552
2004,243,303418
2004,244,290797
2004,245,279515
2004,246,269102
2004,247,259388
2004,248,250376
2004,249,241860
2004,250,233793
2004,251,226275
2004,252,267633
2004,253,214138
2004,254,207813
2004,255,201851
2004,256,195972
2004,257,190305
2004,258,184938
2004,259,179752
2004,260,174739
2004,261,170018
2004,262,165594
2004,263,161328
2004,264,157152
2004,265,153088
2004,266,149166
2004,267,187122
2004,268,142571
2004,269,139002
2004,270,135570
2004,271,132285
2004,272,129121
2004,273,126040
2004,274,123043
2004,275,120108
2004,276,117215
2004,277,116331
2004,278,111948
2004,279,739704
2004,280,279698
2004,281,579079
2004,282,611434
2004,283,925785
2004,284,922376
2004,285,274941
2004,286,856943
2004,287,256612
2004,288,275038
2004,289,293461
2004,290,310656
2004,291,326838
2004,292,342487
2004,293,356838
2004,294,359906
2004,295,375291
2004,296,345442
2004,297,330618
2004,298,311846
2004,299,351826
2004,300,841051
2004,301,573188
2004,302,1513450
2004,303,1221830
2004,304,1643950
2004,305,2199920
2004,306,3631110
2004,307,6297750
2004,308,5532280
2004,309,5111100
2004,310,6008600
2004,311,2365640
2004,312,2574170
2004,313,2771930
2004,314,3085770
2004,315,3305400
2004,316,3644480
2004,317,4014740
2004,318,9525090
2004,319,11191300
2004,320,5404750
2004,321,3802890
2004,322,3031280
2004,323,2410260
2004,324,1909700
2004,325,1517520
2004,326,1244040
2004,327,1111740
2004,328,1360440
2004,329,1787740
2004,330,999373
2004,331,1714840
2004,332,3477170
2004,333,1497630
2004,334,1085530
2004,335,941084
2004,336,825426
2004,337,733538
2004,338,2908480
2004,339,1380760
2004,340,905788
2004,341,1377640
2004,342,947526
2004,343,1781520
2004,344,1273720
2004,345,1482170
2004,346,2051030
2004,347,1003500
2004,348,2206770
2004,349,951992
2004,350,864459
2004,351,1265970
2004,352,774583
2004,353,690555
2004,354,641764
2004,355,692894
2004,356,611330
2004,357,599389
2004,358,489382
2004,359,474719
2004,360,625545
2004,361,433703
2004,362,2030550
2004,363,515010
2004,364,781888
2004,365,451129
2004,366,423181
2005,1,1187530
2005,2,1461710
2005,3,1355480
2005,4,555014
2005,5,530227
2005,6,2060040
2005,7,997032
2005,8,657763
2005,9,616929
2005,10,1097920
2005,11,763343
2005,12,564500
2005,13,507913
2005,14,467003
2005,15,577223
2005,16,736745
2005,17,402847
2005,18,1196790
2005,19,832856
2005,20,420233
2005,21,376399
2005,22,339692
2005,23,984075
2005,24,342276
2005,25,309745
2005,26,512482
2005,27,592819
2005,28,284093
2005,29,501403
2005,30,288456
2005,31,357755
2005,32,265279
2005,33,234178
2005,34,206625
2005,35,199092
2005,36,223434
2005,37,172251
2005,38,242109
2005,39,169222
2005,40,151721
2005,41,143243
2005,42,136831
2005,43,1148940
2005,44,180419
2005,45,743280
2005,46,348428
2005,47,547163
2005,48,205646
2005,49,1443010
2005,50,1120910
2005,51,279431
2005,52,265068
2005,53,330214
2005,54,1492590
2005,55,339670
2005,56,328421
2005,57,414480
2005,58,4067150
2005,59,1172020
2005,60,676202
2005,61,822037
2005,62,1827580
2005,63,1994310
2005,64,876217
2005,65,678606
2005,66,1990650
2005,67,845164
2005,68,656948
2005,69,580498
2005,70,513734
2005,71,453489
2005,72,2274160
2005,73,735123
2005,74,10576100
2005,75,5274720
2005,76,1891670
2005,77,2252050
2005,78,1567110
2005,79,1317620
2005,80,1146680
2005,81,1015660
2005,82,3327850
2005,83,3786020
2005,84,1483090
2005,85,1448410
2005,86,1173290
2005,87,998959
2005,88,860033
2005,89,692864
2005,90,634981
2005,91,476155
2005,92,900632
2005,93,456505
2005,94,375724
2005,95,336625
2005,96,305329
2005,97,274214
2005,98,246678
2005,99,226116
2005,100,209877
2005,101,4222400
2005,102,2738650
2005,103,596185
2005,104,587821
2005,105,574668
2005,106,557131
2005,107,530681
2005,108,672485
2005,109,510265
2005,110,9496890
2005,111,20508900
2005,112,3168930
2005,113,3207470
2005,114,3085540
2005,115,2853040
2005,116,2417310
2005,117,2013630
2005,118,1697460
2005,119,1449810
2005,120,1342080
2005,121,8360940
2005,122,2574020
2005,123,3273710
2005,124,2202940
2005,125,1931610
2005,126,1473790
2005,127,1219080
2005,128,1039590
2005,129,910519
2005,130,810526
2005,131,729707
2005,132,665438
2005,133,615828
2005,134,576830
2005,135,544298
2005,136,535784
2005,137,523144
2005,138,2592500
2005,139,940092
2005,140,631196
2005,141,1175540
2005,142,3162200
2005,143,964388
2005,144,1344480
2005,145,908600
2005,146,897035
2005,147,887908
2005,148,866485
2005,149,843966
2005,150,819782
2005,151,794788
2005,152,808990
2005,153,1059490
2005,154,727270
2005,155,679262
2005,156,773908
2005,157,678545
2005,158,1339030
2005,159,750292
2005,160,612875
2005,161,575693
2005,162,543401
2005,163,516458
2005,164,493234
2005,165,476752
2005,166,931957
2005,167,492806
2005,168,475884
2005,169,460469
2005,170,446057
2005,171,431746
2005,172,417431
2005,173,399124
2005,174,817514
2005,175,405693
2005,176,385656
2005,177,366379
2005,178,3352660
2005,179,1387670
2005,180,674002
2005,181,817432
2005,182,9958180
2005,183,1638170
2005,184,1806140
2005,185,5988170
2005,186,2285140
2005,187,2269870
2005,188,2214860
2005,189,2112460
2005,190,1997210
2005,191,3314380
2005,192,2139950
2005,193,3838370
2005,194,6237270
2005,195,2888550
2005,196,2410870
2005,197,1867200
2005,198,1507580
2005,199,1265610
2005,200,1070670
2005,201,925086
2005,202,817013
2005,203,737865
2005,204,677299
2005,205,625721
2005,206,574873
2005,207,8924010
2005,208,1304540
2005,209,1176400
2005,210,1076550
2005,211,997407
2005,212,935829
2005,213,882250
2005,214,832705
2005,215,787562
2005,216,745917
2005,217,771561
2005,218,4934710
2005,219,1721000
2005,220,1217620
2005,221,1091850
2005,222,962936
2005,223,861534
2005,224,780765
2005,225,714879
2005,226,659156
2005,227,627762
2005,228,1185520
2005,229,8202720
2005,230,1315290
2005,231,1254760
2005,232,1190640
2005,233,1085580
2005,234,994964
2005,235,917683
2005,236,853528
2005,237,799663
2005,238,752287
2005,239,710500
2005,240,672132
2005,241,636340
2005,242,605212
2005,243,575023
2005,244,522758
2005,245,479401
2005,246,443597
2005,247,413781
2005,248,388308
2005,249,366251
2005,250,346705
2005,251,329191
2005,252,313349
2005,253,298855
2005,254,334573
2005,255,1012620
2005,256,302573
2005,257,291685
2005,258,282030
2005,259,273027
2005,260,264582
2005,261,327816
2005,262,951904
2005,263,277414
2005,264,271845
2005,265,266784
2005,266,261727
2005,267,256571
2005,268,251377
2005,269,246083
2005,270,238594
2005,271,231588
2005,272,224773
2005,273,218294
2005,274,212133
2005,275,0
2005,276,206103
2005,277,200210
2005,278,193111
2005,279,186562
2005,280,180317
2005,281,174268
2005,282,269176
2005,283,166590
2005,284,161579
2005,285,156916
2005,286,152360
2005,287,147877
2005,288,143573
2005,289,139521
2005,290,135674
2005,291,131992
2005,292,128441
2005,293,124969
2005,294,121574
2005,295,313116
2005,296,152689
2005,297,118227
2005,298,2748640
2005,299,202147
2005,300,199533
2005,301,204673
2005,302,1030670
2005,303,14283100
2005,304,2844630
2005,305,1936450
2005,306,2544030
2005,307,3412060
2005,308,40646700
2005,309,13539800
2005,310,8759230
2005,311,8146380
2005,312,8010940
2005,313,9071590
2005,314,8817800
2005,315,9364020
2005,316,9998900
2005,317,7068150
2005,318,4320530
2005,319,3320950
2005,320,2628630
2005,321,2139040
2005,322,1779700
2005,323,1430200
2005,324,1182830
2005,325,1006250
2005,326,1082810
2005,327,812986
2005,328,960492
2005,329,3504860
2005,330,1554770
2005,331,1061360
2005,332,924845
2005,333,1458170
2005,334,964645
2005,335,795366
2005,336,1258210
2005,337,779947
2005,338,924363
2005,339,724375
2005,340,691228
2005,341,659997
2005,342,630214
2005,343,600338
2005,344,558762
2005,345,520291
2005,346,485676
2005,347,455301
2005,348,428949
2005,349,407366
2005,350,890721
2005,351,441639
2005,352,415300
2005,353,371621
2005,354,355377
2005,355,340904
2005,356,346826
2005,357,347855
2005,358,366103
2005,359,303745
2005,360,377485
2005,361,378654
2005,362,305867
2005,363,442433
2005,364,1077180
2005,365,338037
2005,366,566590
2006,1,289042
2006,2,279737
2006,3,270384
2006,4,717532
2006,5,324568
2006,6,267438
2006,7,913474
2006,8,282020
2006,9,271922
2006,10,508305
2006,11,280065
2006,12,1403040
2006,13,307611
2006,14,285486
2006,15,263801
2006,16,269893
2006,17,754614
2006,18,376333
2006,19,249773
2006,20,233734
2006,21,219049
2006,22,203229
2006,23,256885
2006,24,182688
2006,25,171526
2006,26,161182
2006,27,150126
2006,28,154429
2006,29,253925
2006,30,1413950
2006,31,437878
2006,32,205133
2006,33,168745
2006,34,158545
2006,35,149208
2006,36,621648
2006,37,206648
2006,38,327460
2006,39,1540170
2006,40,498242
2006,41,232048
2006,42,222208
2006,43,506564
2006,44,414058
2006,45,213613
2006,46,337705
2006,47,288885
2006,48,375142
2006,49,177240
2006,50,242743
2006,51,150589
2006,52,137545
2006,53,149602
2006,54,115311
2006,55,108698
2006,56,367294
2006,57,175568
2006,58,210887
2006,59,96872.8
2006,60,90624.9
2006,61,85227.3
2006,62,102362
2006,63,77273.8
2006,64,73825.5
2006,65,74986.8
2006,66,68536.1
2006,67,229142
2006,68,67619.4
2006,69,65580.8
2006,70,1175400
2006,71,132607
2006,72,84194.2
2006,73,80841.9
2006,74,917080
2006,75,194687
2006,76,861548
2006,77,126380
2006,78,268460
2006,79,153083
2006,80,129654
2006,81,212426
2006,82,128848
2006,83,121066
2006,84,115191
2006,85,105349
2006,86,97137.2
2006,87,90152
2006,88,83963.1
2006,89,126849
2006,90,449295
2006,91,123353
2006,92,384140
2006,93,592644
2006,94,105164
2006,95,97575.9
2006,96,90838.7
2006,97,85259.7
2006,98,80484.2
2006,99,76224.4
2006,100,72378.4
2006,101,68930.9
2006,102,65838.8
2006,103,63145.3
2006,104,60658.9
2006,105,57701.3
2006,106,54992.2
2006,107,242420
2006,108,150694
2006,109,181823
2006,110,114692
2006,111,55651
2006,112,53193.2
2006,113,88357.5
2006,114,52748
2006,115,48401.7
2006,116,46864.7
2006,117,45561.2
2006,118,44401.8
2006,119,889664
2006,120,83722.7
2006,121,65390.9
2006,122,431549
2006,123,77184.3
2006,124,76642.1
2006,125,75393.4
2006,126,73866.9
2006,127,72253.4
2006,128,70386.7
2006,129,75611.7
2006,130,4491690
2006,131,15453900
2006,132,1153650
2006,133,1471270
2006,134,4327850
2006,135,17099900
2006,136,10156000
2006,137,7974670
2006,138,4383000
2006,139,3825540
2006,140,3576320
2006,141,3165360
2006,142,2653250
2006,143,2311930
2006,144,2056380
2006,145,7300760
2006,146,3043790
2006,147,3874780
2006,148,8143080
2006,149,3423950
2006,150,2553320
2006,151,2044170
2006,152,1675610
2006,153,1413530
2006,154,1220050
2006,155,1393130
2006,156,1031440
2006,157,937495
2006,158,863608
2006,159,800772
2006,160,1206940
2006,161,752252
2006,162,693006
2006,163,1722340
2006,164,778968
2006,165,691667
2006,166,650809
2006,167,615980
2006,168,619746
2006,169,1222320
2006,170,2437610
2006,171,811911
2006,172,798684
2006,173,786412
2006,174,773409
2006,175,1304590
2006,176,1215610
2006,177,856273
2006,178,831851
2006,179,808924
2006,180,787266
2006,181,771742
2006,182,786002
2006,183,8209960
2006,184,1851180
2006,185,1622960
2006,186,1484230
2006,187,1359050
2006,188,1247030
2006,189,1147590
2006,190,1053230
2006,191,967968
2006,192,898071
2006,193,840652
2006,194,792754
2006,195,751727
2006,196,710675
2006,197,670465
2006,198,606508
2006,199,554736
2006,200,511663
2006,201,475666
2006,202,445820
2006,203,420570
2006,204,398937
2006,205,379912
2006,206,362792
2006,207,347048
2006,208,332305
2006,209,1429860
2006,210,389661
2006,211,350859
2006,212,339333
2006,213,1896280
2006,214,400296
2006,215,394579
2006,216,388474
2006,217,1540480
2006,218,915341
2006,219,478337
2006,220,483331
2006,221,469675
2006,222,464033
2006,223,456750
2006,224,439141
2006,225,421516
2006,226,3119120
2006,227,630800
2006,228,601462
2006,229,6471100
2006,230,1073270
2006,231,1042240
2006,232,984520
2006,233,14539500
2006,234,2124620
2006,235,1958990
2006,236,1838690
2006,237,1683620
2006,238,1484800
2006,239,1334480
2006,240,1201120
2006,241,1057730
2006,242,942729
2006,243,846020
2006,244,1794910
2006,245,941751
2006,246,1480650
2006,247,758651
2006,248,649982
2006,249,5383530
2006,250,5218550
2006,251,1458530
2006,252,1180600
2006,253,1082140
2006,254,999742
2006,255,930119
2006,256,875145
2006,257,838883
2006,258,814088
2006,259,781786
2006,260,743001
2006,261,692614
2006,262,645321
2006,263,934146
2006,264,587919
2006,265,527808
2006,266,479423
2006,267,439501
2006,268,406028
2006,269,377872
2006,270,354394
2006,271,334272
2006,272,316760
2006,273,301495
2006,274,287696
2006,275,0
2006,276,275303
2006,277,264222
2006,278,254471
2006,279,245169
2006,280,236604
2006,281,228680
2006,282,221359
2006,283,214525
2006,284,366879
2006,285,221920
2006,286,201724
2006,287,530346
2006,288,2870220
2006,289,480801
2006,290,486215
2006,291,769003
2006,292,347537
2006,293,351837
2006,294,357253
2006,295,364199
2006,296,370499
2006,297,375803
2006,298,379797
2006,299,430563
2006,300,460097
2006,301,529595
2006,302,712661
2006,303,1008340
2006,304,1325280
2006,305,1743020
2006,306,2281610
2006,307,3874040
2006,308,3880430
2006,309,7083650
2006,310,7233430
2006,311,6659600
2006,312,5611020
2006,313,5466370
2006,314,3331500
2006,315,2751050
2006,316,2476320
2006,317,2188250
2006,318,1902990
2006,319,1804770
2006,320,2389990
2006,321,1512490
2006,322,1256670
2006,323,1072430
2006,324,906812
2006,325,764854
2006,326,646432
2006,327,569501
2006,328,4105180
2006,329,2875920
2006,330,2807720
2006,331,1378180
2006,332,1085130
2006,333,998845
2006,334,922497
2006,335,848580
2006,336,782089
2006,337,721452
2006,338,667756
2006,339,619294
2006,340,573441
2006,341,530868
2006,342,494647
2006,343,448586
2006,344,406090
2006,345,367672
2006,346,336216
2006,347,1954250
2006,348,986845
2006,349,1220480
2006,350,576709
2006,351,1372000
2006,352,801689
2006,353,575227
2006,354,772324
2006,355,1587650
2006,356,695713
2006,357,688187
2006,358,580269
2006,359,535998
2006,360,510961
2006,361,480932
2006,362,889501
2006,363,458032
2006,364,402674
2006,365,361524
2006,366,1108320
2007,1,396901
2007,2,517796
2007,3,486576
2007,4,1252160
2007,5,681252
2007,6,374715
2007,7,343022
2007,8,1472650
2007,9,456599
2007,10,907491
2007,11,443305
2007,12,380145
2007,13,357328
2007,14,333841
2007,15,672272
2007,16,322955
2007,17,295808
2007,18,272698
2007,19,247358
2007,20,457542
2007,21,300566
2007,22,215352
2007,23,278350
2007,24,252728
2007,25,796034
2007,26,6053410
2007,27,11679900
2007,28,28383800
2007,29,10439700
2007,30,3018500
2007,31,4057430
2007,32,2743700
2007,33,3208290
2007,34,2289930
2007,35,2177450
2007,36,2048380
2007,37,1557200
2007,38,1321720
2007,39,1133200
2007,40,1170690
2007,41,835730
2007,42,804282
2007,43,1364930
2007,44,700623
2007,45,494070
2007,46,869297
2007,47,406089
2007,48,351073
2007,49,462016
2007,50,316567
2007,51,273275
2007,52,1222550
2007,53,2234140
2007,54,411673
2007,55,387706
2007,56,365309
2007,57,388079
2007,58,863298
2007,59,1243550
2007,60,392690
2007,61,394442
2007,62,341441
2007,63,426805
2007,64,304112
2007,65,643447
2007,66,299891
2007,67,276772
2007,68,262391
2007,69,713146
2007,70,255265
2007,71,236404
2007,72,221339
2007,73,207399
2007,74,194607
2007,75,184164
2007,76,178925
2007,77,865186
2007,78,233414
2007,79,186855
2007,80,177585
2007,81,501517
2007,82,217150
2007,83,172374
2007,84,164662
2007,85,157814
2007,86,157209
2007,87,378773
2007,88,701862
2007,89,2980520
2007,90,681972
2007,91,7886830
2007,92,869506
2007,93,830929
2007,94,2091330
2007,95,4336640
2007,96,1651300
2007,97,1345180
2007,98,1655970
2007,99,1277630
2007,100,1192900
2007,101,1092310
2007,102,1780240
2007,103,1058420
2007,104,912346
2007,105,794603
2007,106,747287
2007,107,5344790
2007,108,4501800
2007,109,1657010
2007,110,1348460
2007,111,1137930
2007,112,1230710
2007,113,961070
2007,114,807655
2007,115,727560
2007,116,758800
2007,117,691086
2007,118,563532
2007,119,517684
2007,120,477815
2007,121,3527690
2007,122,1036250
2007,123,891481
2007,124,1502950
2007,125,744667
2007,126,677861
2007,127,1990850
2007,128,750652
2007,129,711650
2007,130,658237
2007,131,617788
2007,132,577596
2007,133,540450
2007,134,848283
2007,135,1015580
2007,136,560726
2007,137,518591
2007,138,481727
2007,139,445259
2007,140,2932080
2007,141,704584
2007,142,1409120
2007,143,2451480
2007,144,880141
2007,145,855686
2007,146,814095
2007,147,784197
2007,148,770314
2007,149,733342
2007,150,1745980
2007,151,7001740
2007,152,1702130
2007,153,1663570
2007,154,1599630
2007,155,2060620
2007,156,2145420
2007,157,1460970
2007,158,1326800
2007,159,1211190
2007,160,1108750
2007,161,1123590
2007,162,5681180
2007,163,1766040
2007,164,1631100
2007,165,1492100
2007,166,2504860
2007,167,1602610
2007,168,1458430
2007,169,1202340
2007,170,8202830
2007,171,2144040
2007,172,1984640
2007,173,1843480
2007,174,1715920
2007,175,1601380
2007,176,1540260
2007,177,2896810
2007,178,1544840
2007,179,1417810
2007,180,1309870
2007,181,1203110
2007,182,1109530
2007,183,1028870
2007,184,958878
2007,185,2592610
2007,186,1079590
2007,187,982562
2007,188,908653
2007,189,849542
2007,190,799260
2007,191,761154
2007,192,710020
2007,193,670897
2007,194,635993
2007,195,604634
2007,196,576851
2007,197,1033520
2007,198,590423
2007,199,654168
2007,200,534122
2007,201,501848
2007,202,733961
2007,203,468959
2007,204,445965
2007,205,424852
2007,206,1297950
2007,207,859882
2007,208,486849
2007,209,1539680
2007,210,873015
2007,211,605721
2007,212,593156
2007,213,582840
2007,214,572046
2007,215,562288
2007,216,2074080
2007,217,718523
2007,218,710968
2007,219,701210
2007,220,2705000
2007,221,2357380
2007,222,4154340
2007,223,4994910
2007,224,1661010
2007,225,1520840
2007,226,1394560
2007,227,1299850
2007,228,2008240
2007,229,2019000
2007,230,3188950
2007,231,1624240
2007,232,1520370
2007,233,1409480
2007,234,1277320
2007,235,1126150
2007,236,992176
2007,237,870976
2007,238,762303
2007,239,678327
2007,240,613338
2007,241,562505
2007,242,519820
2007,243,479807
2007,244,444007
2007,245,409651
2007,246,380627
2007,247,355676
2007,248,334271
2007,249,316193
2007,250,301027
2007,251,288056
2007,252,276614
2007,253,266279
2007,254,256909
2007,255,248287
2007,256,240257
2007,257,232808
2007,258,225810
2007,259,219221
2007,260,213066
2007,261,207320
2007,262,201906
2007,263,196718
2007,264,191753
2007,265,187038
2007,266,182411
2007,267,177998
2007,268,229273
2007,269,170689
2007,270,166778
2007,271,162990
2007,272,159253
2007,273,155812
2007,274,152047
2007,275,0
2007,276,148628
2007,277,4040760
2007,278,257991
2007,279,265163
2007,280,278090
2007,281,290857
2007,282,303236
2007,283,314163
2007,284,322667
2007,285,388633
2007,286,335470
2007,287,336079
2007,288,333978
2007,289,380481
2007,290,2023170
2007,291,480817
2007,292,445395
2007,293,413974
2007,294,385122
2007,295,358997
2007,296,335686
2007,297,1006400
2007,298,422741
2007,299,900590
2007,300,802642
2007,301,1487500
2007,302,1666640
2007,303,2127110
2007,304,2794880
2007,305,3504850
2007,306,4368370
2007,307,8443530
2007,308,5615300
2007,309,6412450
2007,310,10844400
2007,311,3581980
2007,312,3344670
2007,313,3095850
2007,314,2811360
2007,315,2741710
2007,316,2546860
2007,317,2568740
2007,318,5118700
2007,319,2480110
2007,320,2157770
2007,321,13774300
2007,322,8729360
2007,323,5177630
2007,324,2979790
2007,325,2128130
2007,326,1593090
2007,327,1244110
2007,328,1016390
2007,329,869999
2007,330,769699
2007,331,1902390
2007,332,872506
2007,333,1275250
2007,334,878735
2007,335,778915
2007,336,742113
2007,337,1416920
2007,338,648974
2007,339,577953
2007,340,537399
2007,341,504847
2007,342,478508
2007,343,456145
2007,344,435415
2007,345,415569
2007,346,897034
2007,347,414784
2007,348,505696
2007,349,380980
2007,350,364289
2007,351,348097
2007,352,868754
2007,353,350227
2007,354,347947
2007,355,390454
2007,356,406925
2007,357,305938
2007,358,294569
2007,359,283836
2007,360,273590
2007,361,263861
2007,362,282691
2007,363,330258
2007,364,262182
2007,365,234951
2007,366,228060
2008,1,293632
2008,2,219531
2008,3,224326
2008,4,733128
2008,5,336367
2008,6,209333
2008,7,201863
2008,8,195881
2008,9,1111580
2008,10,210880
2008,11,354096
2008,12,294300
2008,13,898261
2008,14,262291
2008,15,220337
2008,16,214450
2008,17,389826
2008,18,214796
2008,19,199372
2008,20,1194370
2008,21,267055
2008,22,608152
2008,23,250218
2008,24,233794
2008,25,218985
2008,26,203350
2008,27,187628
2008,28,1159390
2008,29,823999
2008,30,249486
2008,31,235151
2008,32,216615
2008,33,202818
2008,34,190116
2008,35,721716
2008,36,883191
2008,37,436619
2008,38,226757
2008,39,299419
2008,40,205556
2008,41,256403
2008,42,397214
2008,43,171435
2008,44,200341
2008,45,144583
2008,46,456047
2008,47,143130
2008,48,131992
2008,49,923033
2008,50,753485
2008,51,184214
2008,52,168187
2008,53,154445
2008,54,5216680
2008,55,452797
2008,56,526220
2008,57,435493
2008,58,2513470
2008,59,603851
2008,60,1397730
2008,61,625102
2008,62,555255
2008,63,506776
2008,64,444848
2008,65,1024530
2008,66,430359
2008,67,379485
2008,68,464769
2008,69,1858710
2008,70,1897420
2008,71,801869
2008,72,3126450
2008,73,741571
2008,74,641012
2008,75,548618
2008,76,477012
2008,77,419308
2008,78,383501
2008,79,449927
2008,80,306799
2008,81,282960
2008,82,1437520
2008,83,2695630
2008,84,689769
2008,85,571584
2008,86,502912
2008,87,508623
2008,88,529042
2008,89,339888
2008,90,299274
2008,91,264940
2008,92,236061
2008,93,213091
2008,94,194946
2008,95,180282
2008,96,167357
2008,97,152872
2008,98,137549
2008,99,125354
2008,100,115528
2008,101,267423
2008,102,111184
2008,103,116937
2008,104,935884
2008,105,128341
2008,106,122552
2008,107,173782
2008,108,330805
2008,109,122266
2008,110,118234
2008,111,115116
2008,112,112050
2008,113,108986
2008,114,105816
2008,115,111504
2008,116,99965.4
2008,117,97207.1
2008,118,94474.7
2008,119,167293
2008,120,668942
2008,121,326782
2008,122,116403
2008,123,112067
2008,124,107980
2008,125,104125
2008,126,100344
2008,127,96616.6
2008,128,93122.6
2008,129,125134
2008,130,88446.5
2008,131,85915.3
2008,132,2577300
2008,133,367882
2008,134,7423020
2008,135,1987640
2008,136,817392
2008,137,899136
2008,138,958615
2008,139,994202
2008,140,1003980
2008,141,991310
2008,142,4948360
2008,143,1578210
2008,144,1523710
2008,145,1444010
2008,146,2689590
2008,147,3167080
2008,148,2416370
2008,149,4040880
2008,150,8167400
2008,151,2641680
2008,152,2262710
2008,153,1954060
2008,154,1698300
2008,155,1489860
2008,156,1324340
2008,157,1154680
2008,158,1020520
2008,159,913625
2008,160,828293
2008,161,751753
2008,162,681791
2008,163,1060800
2008,164,645848
2008,165,575005
2008,166,519903
2008,167,512170
2008,168,502853
2008,169,505966
2008,170,624273
2008,171,409597
2008,172,1556120
2008,173,988838
2008,174,1773150
2008,175,578426
2008,176,2152910
2008,177,728272
2008,178,722352
2008,179,714069
2008,180,704585
2008,181,693778
2008,182,682722
2008,183,1993710
2008,184,941750
2008,185,824136
2008,186,783699
2008,187,736295
2008,188,692442
2008,189,650128
2008,190,608505
2008,191,558961
2008,192,514746
2008,193,476387
2008,194,443210
2008,195,414288
2008,196,449957
2008,197,372254
2008,198,348291
2008,199,327924
2008,200,310562
2008,201,295531
2008,202,282562
2008,203,270695
2008,204,259780
2008,205,249913
2008,206,240870
2008,207,418249
2008,208,232831
2008,209,225396
2008,210,259333
2008,211,2732500
2008,212,317278
2008,213,316692
2008,214,345591
2008,215,315260
2008,216,491450
2008,217,321810
2008,218,321063
2008,219,319897
2008,220,317302
2008,221,315017
2008,222,307079
2008,223,298653
2008,224,710506
2008,225,334758
2008,226,3098840
2008,227,490937
2008,228,708671
2008,229,551256
2008,230,458179
2008,231,439361
2008,232,421307
2008,233,405731
2008,234,394517
2008,235,386040
2008,236,378408
2008,237,371141
2008,238,361014
2008,239,346058
2008,240,332311
2008,241,308357
2008,242,287337
2008,243,268120
2008,244,251026
2008,245,235873
2008,246,222728
2008,247,210995
2008,248,200166
2008,249,190312
2008,250,181249
2008,251,1864700
2008,252,5339880
2008,253,617275
2008,254,545922
2008,255,674146
2008,256,567611
2008,257,570281
2008,258,569285
2008,259,562237
2008,260,550652
2008,261,536534
2008,262,520497
2008,263,502835
2008,264,2832550
2008,265,739901
2008,266,689026
2008,267,608874
2008,268,542515
2008,269,487116
2008,270,440650
2008,271,401377
2008,272,367378
2008,273,338579
2008,274,314968
2008,275,294970
2008,276,276863
2008,277,260784
2008,278,246501
2008,279,5344740
2008,280,7605260
2008,281,1034540
2008,282,5193480
2008,283,8027470
2008,284,1802170
2008,285,1732570
2008,286,1624450
2008,287,1497050
2008,288,1366410
2008,289,2736650
2008,290,2048520
2008,291,1695460
2008,292,1246220
2008,293,1276020
2008,294,9070160
2008,295,2215490
2008,296,1931860
2008,297,1991210
2008,298,1221760
2008,299,1018660
2008,300,879171
2008,301,797203
2008,302,992722
2008,303,1277510
2008,304,752392
2008,305,698625
2008,306,2153670
2008,307,2078920
2008,308,1191870
2008,309,1943540
2008,310,4884840
2008,311,2914060
2008,312,3337120
2008,313,3980330
2008,314,3643880
2008,315,4256850
2008,316,5285810
2008,317,8824880
2008,318,9800550
2008,319,9775250
2008,320,10577100
2008,321,11559400
2008,322,12459200
2008,323,13369800
2008,324,14284400
2008,325,15103500
2008,326,10579300
2008,327,5693940
2008,328,4396460
2008,329,3464090
2008,330,2788810
2008,331,2298870
2008,332,2510500
2008,333,1809460
2008,334,4421520
2008,335,2086720
2008,336,1787880
2008,337,2069840
2008,338,1463400
2008,339,2037060
2008,340,1319240
2008,341,1130210
2008,342,1027930
2008,343,946029
2008,344,1160630
2008,345,2219770
2008,346,975027
2008,347,918155
2008,348,979484
2008,349,821039
2008,350,968253
2008,351,820553
2008,352,3347850
2008,353,1214370
2008,354,1148330
2008,355,1000370
2008,356,1105020
2008,357,1179520
2008,358,1044210
2008,359,818762
2008,360,759428
2008,361,705688
2008,362,655165
2008,363,1203920
2008,364,643970
2008,365,603790
2008,366,565743
2009,1,957512
2009,2,526922
2009,3,486158
2009,4,801853
2009,5,907789
2009,6,460407
2009,7,425925
2009,8,457704
2009,9,709110
2009,10,375094
2009,11,934116
2009,12,370923
2009,13,348081
2009,14,327674
2009,15,821084
2009,16,324663
2009,17,957618
2009,18,389601
2009,19,615426
2009,20,319878
2009,21,489326
2009,22,295183
2009,23,1163510
2009,24,497274
2009,25,382535
2009,26,297739
2009,27,313465
2009,28,259329
2009,29,341027
2009,30,980324
2009,31,284953
2009,32,338528
2009,33,1032840
2009,34,654838
2009,35,324717
2009,36,282060
2009,37,247572
2009,38,305183
2009,39,244440
2009,40,263738
2009,41,183989
2009,42,170848
2009,43,159292
2009,44,999591
2009,45,269953
2009,46,183090
2009,47,816981
2009,48,414390
2009,49,189588
2009,50,176405
2009,51,422912
2009,52,352637
2009,53,207265
2009,54,4001180
2009,55,561845
2009,56,391344
2009,57,534350
2009,58,858359
2009,59,391593
2009,60,357741
2009,61,339817
2009,62,311506
2009,63,261720
2009,64,739682
2009,65,307735
2009,66,250711
2009,67,229310
2009,68,1549830
2009,69,375407
2009,70,501776
2009,71,264540
2009,72,619873
2009,73,1292650
2009,74,383585
2009,75,342547
2009,76,397928
2009,77,539188
2009,78,258658
2009,79,234982
2009,80,213244
2009,81,205623
2009,82,181696
2009,83,163833
2009,84,148139
2009,85,134290
2009,86,122654
2009,87,902659
2009,88,158371
2009,89,143757
2009,90,135736
2009,91,269151
2009,92,119203
2009,93,110061
2009,94,102598
2009,95,96273.5
2009,96,90682.4
2009,97,85786.8
2009,98,144720
2009,99,1521610
2009,100,143255
2009,101,140421
2009,102,3374260
2009,103,306849
2009,104,314171
2009,105,1315550
2009,106,454425
2009,107,404472
2009,108,378777
2009,109,370204
2009,110,360436
2009,111,349624
2009,112,339762
2009,113,327787
2009,114,298492
2009,115,272435
2009,116,250452
2009,117,218015
2009,118,404524
2009,119,922855
2009,120,2427920
2009,121,3641210
2009,122,693993
2009,123,1391720
2009,124,773339
2009,125,765540
2009,126,702826
2009,127,652084
2009,128,649812
2009,129,599328
2009,130,574115
2009,131,557588
2009,132,539378
2009,133,489554
2009,134,451392
2009,135,401760
2009,136,346075
2009,137,301063
2009,138,263117
2009,139,249168
2009,140,210389
2009,141,190991
2009,142,175059
2009,143,161728
2009,144,164520
2009,145,141692
2009,146,133532
2009,147,126527
2009,148,5283980
2009,149,573008
2009,150,1776270
2009,151,4697800
2009,152,1078040
2009,153,1068310
2009,154,1142730
2009,155,1192500
2009,156,1223230
2009,157,1238540
2009,158,1228290
2009,159,1483620
2009,160,1397690
2009,161,1210160
2009,162,1296740
2009,163,1044060
2009,164,929277
2009,165,1777490
2009,166,960297
2009,167,1503310
2009,168,851898
2009,169,2695140
2009,170,993163
2009,171,918227
2009,172,840689
2009,173,783503
2009,174,732946
2009,175,689018
2009,176,652622
2009,177,620553
2009,178,592545
2009,179,607493
2009,180,544385
2009,181,517002
2009,182,485101
2009,183,452707
2009,184,473877
2009,185,1251080
2009,186,1403000
2009,187,491108
2009,188,733692
2009,189,456224
2009,190,431507
2009,191,409576
2009,192,390315
2009,193,372194
2009,194,4191760
2009,195,5731490
2009,196,1029860
2009,197,1019590
2009,198,996462
2009,199,2023210
2009,200,1568500
2009,201,1004880
2009,202,934270
2009,203,866178
2009,204,805305
2009,205,750641
2009,206,701963
2009,207,658682
2009,208,617194
2009,209,557353
2009,210,493234
2009,211,442268
2009,212,478877
2009,213,373674
2009,214,343700
2009,215,318783
2009,216,298807
2009,217,281925
2009,218,267272
2009,219,254591
2009,220,243367
2009,221,233377
2009,222,224492
2009,223,216512
2009,224,209435
2009,225,203056
2009,226,197220
2009,227,191704
2009,228,186484
2009,229,181583
2009,230,177049
2009,231,172802
2009,232,168775
2009,233,164846
2009,234,160969
2009,235,157240
2009,236,153700
2009,237,150290
2009,238,146924
2009,239,143680
2009,240,140635
2009,241,137710
2009,242,134837
2009,243,131998
2009,244,129237
2009,245,126565
2009,246,123979
2009,247,121426
2009,248,255354
2009,249,119217
2009,250,116967
2009,251,114836
2009,252,112755
2009,253,110677
2009,254,114025
2009,255,106557
2009,256,105085
2009,257,404641
2009,258,436704
2009,259,111524
2009,260,110389
2009,261,109234
2009,262,108085
2009,263,106642
2009,264,105163
2009,265,103657
2009,266,102206
2009,267,100765
2009,268,99258
2009,269,97818.2
2009,270,96483.1
2009,271,95153.6
2009,272,93229.8
2009,273,1455440
2009,274,128744
2009,275,0
2009,276,128849
2009,277,129120
2009,278,129577
2009,279,129895
2009,280,129866
2009,281,129242
2009,282,147026
2009,283,2098170
2009,284,1606750
2009,285,611459
2009,286,329463
2009,287,341017
2009,288,350802
2009,289,342201
2009,290,331192
2009,291,318480
2009,292,304909
2009,293,293863
2009,294,483095
2009,295,306602
2009,296,302109
2009,297,297193
2009,298,280975
2009,299,261160
2009,300,242589
2009,301,688128
2009,302,262101
2009,303,268619
2009,304,1417470
2009,305,631424
2009,306,1040860
2009,307,2273000
2009,308,2163590
2009,309,9351790
2009,310,4165200
2009,311,4343550
2009,312,6604790
2009,313,6570390
2009,314,7670670
2009,315,8728370
2009,316,10206800
2009,317,10897400
2009,318,7861440
2009,319,9106070
2009,320,5208150
2009,321,4089280
2009,322,3149300
2009,323,2540650
2009,324,2014480
2009,325,1620280
2009,326,2758810
2009,327,2518230
2009,328,1597740
2009,329,1261850
2009,330,1057140
2009,331,887520
2009,332,749308
2009,333,645871
2009,334,567789
2009,335,514136
2009,336,485189
2009,337,862828
2009,338,658906
2009,339,511566
2009,340,652972
2009,341,826242
2009,342,1081760
2009,343,681599
2009,344,802018
2009,345,765618
2009,346,462806
2009,347,445631
2009,348,429528
2009,349,413939
2009,350,1984950
2009,351,534221
2009,352,2735500
2009,353,1317130
2009,354,733907
2009,355,715108
2009,356,680865
2009,357,633394
2009,358,585397
2009,359,541912
2009,360,999929
2009,361,521456
2009,362,1371090
2009,363,678885
2009,364,2073690
2009,365,1657010
2009,366,752090
2010,1,674390
2010,2,609045
2010,3,602695
2010,4,1080180
2010,5,545818
2010,6,705316
2010,7,483994
2010,8,486413
2010,9,1219280
2010,10,1819620
2010,11,898425
2010,12,2440630
2010,13,828215
2010,14,2947840
2010,15,1595440
2010,16,1417950
2010,17,847844
2010,18,2295460
2010,19,3497930
2010,20,1166310
2010,21,2677630
2010,22,1557030
2010,23,1120310
2010,24,989876
2010,25,914979
2010,26,758008
2010,27,2202010
2010,28,840055
2010,29,699480
2010,30,654258
2010,31,1560650
2010,32,1460740
2010,33,1538280
2010,34,915481
2010,35,618503
2010,36,533267
2010,37,477601
2010,38,751139
2010,39,408353
2010,40,368234
2010,41,334940
2010,42,1255720
2010,43,374312
2010,44,341620
2010,45,314704
2010,46,287441
2010,47,498621
2010,48,876060
2010,49,289076
2010,50,260598
2010,51,240077
2010,52,400595
2010,53,234825
2010,54,317397
2010,55,282875
2010,56,502066
2010,57,272926
2010,58,229106
2010,59,187721
2010,60,3347550
2010,61,920089
2010,62,2560250
2010,63,505420
2010,64,3527090
2010,65,711926
2010,66,689701
2010,67,668982
2010,68,619559
2010,69,581949
2010,70,553008
2010,71,1546570
2010,72,1575500
2010,73,807157
2010,74,2338920
2010,75,2132510
2010,76,1223560
2010,77,814051
2010,78,679125
2010,79,558299
2010,80,563143
2010,81,1281590
2010,82,474610
2010,83,2623540
2010,84,2405050
2010,85,995187
2010,86,746022
2010,87,658760
2010,88,634935
2010,89,515695
2010,90,2236030
2010,91,1082220
2010,92,629272
2010,93,563857
2010,94,516505
2010,95,473697
2010,96,427921
2010,97,388626
2010,98,343830
2010,99,302301
2010,100,269548
2010,101,243329
2010,102,222175
2010,103,205364
2010,104,864541
2010,105,1136780
2010,106,288557
2010,107,262955
2010,108,243263
2010,109,356857
2010,110,898387
2010,111,282469
2010,112,252086
2010,113,242247
2010,114,232590
2010,115,222612
2010,116,266022
2010,117,207633
2010,118,199830
2010,119,980703
2010,120,1198410
2010,121,441576
2010,122,454703
2010,123,316850
2010,124,304657
2010,125,527318
2010,126,361666
2010,127,284503
2010,128,281805
2010,129,267193
2010,130,472957
2010,131,276506
2010,132,1272690
2010,133,387823
2010,134,343437
2010,135,323318
2010,136,331160
2010,137,290269
2010,138,875421
2010,139,464919
2010,140,546843
2010,141,367287
2010,142,340178
2010,143,331843
2010,144,322649
2010,145,311286
2010,146,1094700
2010,147,5114860
2010,148,867642
2010,149,866978
2010,150,2538680
2010,151,5704170
2010,152,1623480
2010,153,1568260
2010,154,2035690
2010,155,1616870
2010,156,1431410
2010,157,1338760
2010,158,1250050
2010,159,1338970
2010,160,1127360
2010,161,1038660
2010,162,909719
2010,163,801466
2010,164,711728
2010,165,630898
2010,166,551088
2010,167,526914
2010,168,565530
2010,169,414506
2010,170,375993
2010,171,345800
2010,172,321093
2010,173,1631170
2010,174,983331
2010,175,458452
2010,176,441626
2010,177,427407
2010,178,414651
2010,179,536893
2010,180,406733
2010,181,440389
2010,182,400397
2010,183,385947
2010,184,764707
2010,185,416542
2010,186,1705010
2010,187,2647720
2010,188,801947
2010,189,1114170
2010,190,810636
2010,191,796181
2010,192,779830
2010,193,1580040
2010,194,863486
2010,195,845512
2010,196,825776
2010,197,800908
2010,198,767603
2010,199,767445
2010,200,665546
2010,201,610102
2010,202,550473
2010,203,500288
2010,204,456418
2010,205,419549
2010,206,388058
2010,207,361203
2010,208,335204
2010,209,312358
2010,210,1315140
2010,211,436634
2010,212,333950
2010,213,317112
2010,214,302964
2010,215,290290
2010,216,278682
2010,217,268676
2010,218,260090
2010,219,252181
2010,220,244710
2010,221,237571
2010,222,230660
2010,223,224229
2010,224,218517
2010,225,210606
2010,226,203065
2010,227,195970
2010,228,189275
2010,229,182928
2010,230,176805
2010,231,170951
2010,232,455230
2010,233,177585
2010,234,181056
2010,235,163287
2010,236,159051
2010,237,155007
2010,238,151136
2010,239,2872610
2010,240,5138590
2010,241,475009
2010,242,516551
2010,243,552317
2010,244,582457
2010,245,606319
2010,246,621997
2010,247,623438
2010,248,617444
2010,249,605601
2010,250,589587
2010,251,570777
2010,252,550549
2010,253,529578
2010,254,486172
2010,255,428035
2010,256,380102
2010,257,340806
2010,258,308254
2010,259,281058
2010,260,257832
2010,261,237778
2010,262,220800
2010,263,206362
2010,264,193717
2010,265,182586
2010,266,172878
2010,267,164478
2010,268,157178
2010,269,499829
2010,270,210187
2010,271,156899
2010,272,151964
2010,273,147312
2010,274,170453
2010,275,0
2010,276,139830
2010,277,335873
2010,278,159198
2010,279,137249
2010,280,134074
2010,281,131052
2010,282,127990
2010,283,124877
2010,284,121818
2010,285,118137
2010,286,114472
2010,287,1060040
2010,288,4878220
2010,289,1245850
2010,290,933264
2010,291,912203
2010,292,1141540
2010,293,1269180
2010,294,1621940
2010,295,2056030
2010,296,2593420
2010,297,11293100
2010,298,6139830
2010,299,6765170
2010,300,9861460
2010,301,4130440
2010,302,3765120
2010,303,6730250
2010,304,3983450
2010,305,10313800
2010,306,5081950
2010,307,4854120
2010,308,4770830
2010,309,4816580
2010,310,4947350
2010,311,5409750
2010,312,3968050
2010,313,2575450
2010,314,4527480
2010,315,2235740
2010,316,1864210
2010,317,1587880
2010,318,1362660
2010,319,1195780
2010,320,1042700
2010,321,983752
2010,322,3536660
2010,323,1280010
2010,324,1119680
2010,325,1011770
2010,326,912172
2010,327,832747
2010,328,795154
2010,329,705658
2010,330,2607460
2010,331,2088160
2010,332,3404610
2010,333,1208270
2010,334,1162020
2010,335,1107490
2010,336,1040970
2010,337,936327
2010,338,1180970
2010,339,889477
2010,340,1148930
2010,341,788638
2010,342,755081
2010,343,953793
2010,344,1009380
2010,345,673276
2010,346,622408
2010,347,1587930
2010,348,931446
2010,349,644006
2010,350,988196
2010,351,580598
2010,352,540189
2010,353,503657
2010,354,1622280
2010,355,565650
2010,356,526927
2010,357,490691
2010,358,532583
2010,359,435668
2010,360,407051
2010,361,379322
2010,362,351946
2010,363,751787
2010,364,342193
2010,365,443592
2010,366,309438
