RES_BlueMarsh_01470779, Simulated, -76.0620833333333,40.3979166666667
1995,1,3968.28
1995,2,225476
1995,3,146159
1995,4,21045.1
1995,5,25583.2
1995,6,29789.6
1995,7,33653.6
1995,8,35965.9
1995,9,40415.9
1995,10,44050.7
1995,11,133482
1995,12,89698.9
1995,13,356661
1995,14,230829
1995,15,95659.2
1995,16,351300
1995,17,188730
1995,18,91110.7
1995,19,89324.8
1995,20,88486.3
1995,21,88023.3
1995,22,87840.4
1995,23,185650
1995,24,145460
1995,25,99326.1
1995,26,95744.2
1995,27,96874.9
1995,28,96166.4
1995,29,96926.3
1995,30,97952.3
1995,31,98686
1995,32,118612
1995,33,108469
1995,34,116812
1995,35,150535
1995,36,177733
1995,37,161026
1995,38,165939
1995,39,126899
1995,40,111630
1995,41,112080
1995,42,112497
1995,43,112920
1995,44,114238
1995,45,425497
1995,46,321077
1995,47,127777
1995,48,124368
1995,49,122107
1995,50,121269
1995,51,120713
1995,52,180565
1995,53,145548
1995,54,120984
1995,55,120074
1995,56,126572
1995,57,121524
1995,58,117982
1995,59,117095
1995,60,117072
1995,61,113277
1995,62,110040
1995,63,107805
1995,64,439415
1995,65,580898
1995,66,226709
1995,67,753887
1995,68,404561
1995,69,137826
1995,70,1356219
1995,71,2201840
1995,72,799202
1995,73,406110
1995,74,364562
1995,75,350876
1995,76,367234
1995,77,351022
1995,78,487764
1995,79,392603
1995,80,377669
1995,81,659944
1995,82,1212347
1995,83,1449230
1995,84,702471
1995,85,475636
1995,86,436158
1995,87,358153
1995,88,298856
1995,89,263486
1995,90,236469
1995,91,275746
1995,92,1137254
1995,93,841243
1995,94,341378
1995,95,332602
1995,96,299773
1995,97,264449
1995,98,237933
1995,99,216172
1995,100,203697
1995,101,330771
1995,102,238661
1995,103,221250
1995,104,203401
1995,105,169823
1995,106,162677
1995,107,157489
1995,108,311304
1995,109,288580
1995,110,171588
1995,111,201414
1995,112,273213
1995,113,185064
1995,114,354666
1995,115,241468
1995,116,150397
1995,117,145948
1995,118,141619
1995,119,141571
1995,120,136036
1995,121,129334
1995,122,129076
1995,123,146666
1995,124,133402
1995,125,129256
1995,126,121898
1995,127,113049
1995,128,519293
1995,129,387279
1995,130,133511
1995,131,130520
1995,132,127593
1995,133,124339
1995,134,120843
1995,135,117285
1995,136,113753
1995,137,135176
1995,138,811490
1995,139,468718
1995,140,174428
1995,141,273993
1995,142,233099
1995,143,201456
1995,144,185491
1995,145,177624
1995,146,172483
1995,147,167189
1995,148,162049
1995,149,190414
1995,150,464077
1995,151,524261
1995,152,773273
1995,153,573223
1995,154,321386
1995,155,405839
1995,156,1214433
1995,157,1170031
1995,158,1170976
1995,159,816729
1995,160,568333
1995,161,564056
1995,162,555843
1995,163,543831
1995,164,529490
1995,165,509347
1995,166,484355
1995,167,454751
1995,168,425885
1995,169,400036
1995,170,378104
1995,171,376800
1995,172,518197
1995,173,1198158
1995,174,1538719
1995,175,1232288
1995,176,700623
1995,177,587341
1995,178,637103
1995,179,584089
1995,180,546110
1995,181,605446
1995,182,1329362
1995,183,1088991
1995,184,699092
1995,185,674881
1995,186,665571
1995,187,642687
1995,188,614924
1995,189,580341
1995,190,546077
1995,191,516717
1995,192,491403
1995,193,616979
1995,194,585941
1995,195,473017
1995,196,445501
1995,197,610391
1995,198,1486488
1995,199,920373
1995,200,515200
1995,201,754584
1995,202,1854295
1995,203,884013
1995,204,571130
1995,205,551338
1995,206,532789
1995,207,516638
1995,208,500906
1995,209,484479
1995,210,471071
1995,211,459582
1995,212,863392
1995,213,4527150
1995,214,2922786
1995,215,929992
1995,216,1447167
1995,217,1177998
1995,218,829971
1995,219,769581
1995,220,855205
1995,221,798926
1995,222,706545
1995,223,666596
1995,224,644161
1995,225,625456
1995,226,607234
1995,227,587918
1995,228,554778
1995,229,521986
1995,230,495756
1995,231,469887
1995,232,447271
1995,233,426769
1995,234,408159
1995,235,391433
1995,236,376309
1995,237,362317
1995,238,349205
1995,239,337039
1995,240,325789
1995,241,315210
1995,242,305218
1995,243,295891
1995,244,287079
1995,245,278639
1995,246,270579
1995,247,262782
1995,248,255263
1995,249,248170
1995,250,241457
1995,251,234989
1995,252,228709
1995,253,957351
1995,254,240407
1995,255,236085
1995,256,255970
1995,257,1005529
1995,258,254277
1995,259,253922
1995,260,253459
1995,261,252467
1995,262,256373
1995,263,254242
1995,264,246408
1995,265,243409
1995,266,239959
1995,267,260651
1995,268,1376472
1995,269,1018823
1995,270,341301
1995,271,335252
1995,272,324502
1995,273,316262
1995,274,581926
1995,275,0
1995,276,767120
1995,277,408309
1995,278,638050
1995,279,877766
1995,280,806575
1995,281,1379713
1995,282,599662
1995,283,606215
1995,284,599864
1995,285,573197
1995,286,589289
1995,287,566894
1995,288,635309
1995,289,740999
1995,290,1316881
1995,291,1413317
1995,292,1751690
1995,293,2041846
1995,294,2202533
1995,295,1356532
1995,296,4042071
1995,297,5756907
1995,298,2791606
1995,299,1801410
1995,300,2129988
1995,301,1858833
1995,302,1513123
1995,303,1405852
1995,304,1316004
1995,305,1222538
1995,306,1124269
1995,307,1023894
1995,308,931626
1995,309,850316
1995,310,784539
1995,311,723104
1995,312,691163
1995,313,632374
1995,314,587998
1995,315,555432
1995,316,526116
1995,317,593803
1995,318,723442
1995,319,852405
1995,320,1120989
1995,321,708373
1995,322,517609
1995,323,508453
1995,324,486135
1995,325,545533
1995,326,882782
1995,327,1100051
1995,328,745745
1995,329,542439
1995,330,776908
1995,331,812195
1995,332,635842
1995,333,550595
1995,334,524774
1995,335,576538
1995,336,520655
1995,337,461740
1995,338,427057
1995,339,407696
1995,340,385818
1995,341,364105
1995,342,344230
1995,343,335604
1995,344,350197
1995,345,314510
1995,346,304116
1995,347,286882
1995,348,270197
1995,349,260215
1995,350,251116
1995,351,242955
1995,352,235131
1995,353,227941
1995,354,221579
1995,355,215362
1995,356,230591
1995,357,211635
1995,358,208212
1995,359,263692
1995,360,217583
1995,361,180785
1995,362,175699
1995,363,170543
1995,364,170151
1995,365,526931
1995,366,467304
1996,1,166342
1996,2,169799
1996,3,353989
1996,4,527751
1996,5,219335
1996,6,161461
1996,7,156328
1996,8,164704
1996,9,150484
1996,10,142544
1996,11,163516
1996,12,349968
1996,13,456816
1996,14,161566
1996,15,149915
1996,16,140469
1996,17,133474
1996,18,126686
1996,19,119758
1996,20,113574
1996,21,108139
1996,22,105426
1996,23,103618
1996,24,117273
1996,25,170904
1996,26,190513
1996,27,1004862
1996,28,596729
1996,29,146510
1996,30,144494
1996,31,234686
1996,32,375385
1996,33,183177
1996,34,127226
1996,35,325876
1996,36,185395
1996,37,886772
1996,38,1128445
1996,39,250664
1996,40,326723
1996,41,307915
1996,42,503492
1996,43,215934
1996,44,189544
1996,45,167175
1996,46,179245
1996,47,579308
1996,48,903012
1996,49,463081
1996,50,227649
1996,51,203144
1996,52,550838
1996,53,191803
1996,54,175511
1996,55,313770
1996,56,147963
1996,57,132725
1996,58,132966
1996,59,633237
1996,60,212924
1996,61,176265
1996,62,136422
1996,63,118229
1996,64,109763
1996,65,99786
1996,66,95668.1
1996,67,232881
1996,68,229567
1996,69,94713.2
1996,70,89686.7
1996,71,85674
1996,72,81983.9
1996,73,81613.1
1996,74,104602
1996,75,74084.5
1996,76,88491.9
1996,77,115868
1996,78,71061.8
1996,79,67335.6
1996,80,65849
1996,81,64961.9
1996,82,65261.1
1996,83,62354.2
1996,84,61338.7
1996,85,60527.5
1996,86,59460.6
1996,87,58899.3
1996,88,57939.4
1996,89,196318
1996,90,59889.4
1996,91,56279.8
1996,92,55342.4
1996,93,58878.2
1996,94,58063.5
1996,95,57284.4
1996,96,56787.3
1996,97,55802.6
1996,98,55087.1
1996,99,54386.4
1996,100,54788.8
1996,101,63560.2
1996,102,177605
1996,103,52501.1
1996,104,51781
1996,105,51083.6
1996,106,72720.4
1996,107,52908.7
1996,108,49312.8
1996,109,103642
1996,110,605432
1996,111,53845
1996,112,54449
1996,113,54883
1996,114,69215.3
1996,115,355481
1996,116,77807.2
1996,117,106400
1996,118,639872
1996,119,372412
1996,120,111841
1996,121,115340
1996,122,117774
1996,123,119410
1996,124,119122
1996,125,112251
1996,126,113933
1996,127,404630
1996,128,3036775
1996,129,744709
1996,130,430621
1996,131,389636
1996,132,380324
1996,133,356478
1996,134,329295
1996,135,304143
1996,136,280753
1996,137,2840849
1996,138,808176
1996,139,598688
1996,140,577868
1996,141,553072
1996,142,531704
1996,143,1818937
1996,144,7844018
1996,145,1425036
1996,146,1297678
1996,147,1211748
1996,148,1077756
1996,149,987192
1996,150,1783740
1996,151,2257366
1996,152,1143777
1996,153,1057495
1996,154,1170108
1996,155,1260802
1996,156,1466402
1996,157,1003708
1996,158,876653
1996,159,786361
1996,160,710259
1996,161,1388098
1996,162,774714
1996,163,708487
1996,164,724684
1996,165,3453132
1996,166,1859552
1996,167,1354926
1996,168,5296209
1996,169,2386170
1996,170,1615591
1996,171,1551625
1996,172,1514268
1996,173,1430352
1996,174,1370166
1996,175,1312958
1996,176,1251077
1996,177,1328750
1996,178,1180770
1996,179,1120334
1996,180,1046087
1996,181,992930
1996,182,1086362
1996,183,952995
1996,184,842013
1996,185,827320
1996,186,757262
1996,187,752741
1996,188,713244
1996,189,760267
1996,190,751415
1996,191,649910
1996,192,629305
1996,193,699624
1996,194,589164
1996,195,572113
1996,196,556143
1996,197,540157
1996,198,581843
1996,199,601822
1996,200,883697
1996,201,545434
1996,202,528308
1996,203,504145
1996,204,490496
1996,205,476772
1996,206,463059
1996,207,449288
1996,208,435178
1996,209,421439
1996,210,408233
1996,211,395633
1996,212,383328
1996,213,371047
1996,214,358912
1996,215,345905
1996,216,337600
1996,217,1262192
1996,218,359080
1996,219,349683
1996,220,340852
1996,221,332435
1996,222,324359
1996,223,316489
1996,224,308919
1996,225,301501
1996,226,294348
1996,227,287235
1996,228,279904
1996,229,272656
1996,230,265708
1996,231,259062
1996,232,257985
1996,233,959694
1996,234,270933
1996,235,263253
1996,236,255826
1996,237,248394
1996,238,355895
1996,239,3446516
1996,240,404445
1996,241,690760
1996,242,4227408
1996,243,706032
1996,244,683970
1996,245,684456
1996,246,667899
1996,247,650273
1996,248,617710
1996,249,586452
1996,250,557676
1996,251,531059
1996,252,505811
1996,253,480379
1996,254,644662
1996,255,510430
1996,256,429879
1996,257,374380
1996,258,345331
1996,259,322364
1996,260,303160
1996,261,286670
1996,262,272339
1996,263,260160
1996,264,249439
1996,265,239764
1996,266,2227458
1996,267,807915
1996,268,343867
1996,269,336299
1996,270,706532
1996,271,344093
1996,272,339964
1996,273,595841
1996,274,885604
1996,275,376252
1996,276,373869
1996,277,388788
1996,278,375593
1996,279,375175
1996,280,1126326
1996,281,1386300
1996,282,1054972
1996,283,620283
1996,284,609152
1996,285,594230
1996,286,572464
1996,287,542058
1996,288,508483
1996,289,611668
1996,290,1122582
1996,291,497997
1996,292,471420
1996,293,957986
1996,294,4711664
1996,295,2243082
1996,296,1608295
1996,297,1867645
1996,298,1786273
1996,299,1929242
1996,300,2224354
1996,301,2612064
1996,302,3137614
1996,303,5118142
1996,304,5813348
1996,305,5674680
1996,306,6257366
1996,307,10733155
1996,308,8830766
1996,309,8900298
1996,310,6194578
1996,311,3844892
1996,312,3195210
1996,313,3826925
1996,314,3035567
1996,315,2892628
1996,316,2442505
1996,317,2157842
1996,318,1942496
1996,319,1784008
1996,320,2183656
1996,321,3100866
1996,322,3799128
1996,323,1979269
1996,324,1787322
1996,325,1628546
1996,326,1497682
1996,327,1386812
1996,328,1321473
1996,329,1318563
1996,330,1151211
1996,331,1092863
1996,332,1096443
1996,333,984267
1996,334,993890
1996,335,1780175
1996,336,1744201
1996,337,1018137
1996,338,932719
1996,339,964847
1996,340,859137
1996,341,1266841
1996,342,1005634
1996,343,1021305
1996,344,1049724
1996,345,1293543
1996,346,1315692
1996,347,2480304
1996,348,1092517
1996,349,968458
1996,350,920387
1996,351,1011948
1996,352,1047776
1996,353,872797
1996,354,758231
1996,355,702180
1996,356,650570
1996,357,732305
1996,358,583423
1996,359,547814
1996,360,512832
1996,361,483463
1996,362,477831
1996,363,779705
1996,364,548811
1996,365,701928
1996,366,428317
1997,1,402718
1997,2,380409
1997,3,360698
1997,4,435051
1997,5,710921
1997,6,485071
1997,7,332227
1997,8,313951
1997,9,321138
1997,10,1023192
1997,11,763571
1997,12,2035168
1997,13,862202
1997,14,459367
1997,15,564997
1997,16,533449
1997,17,483510
1997,18,671242
1997,19,686055
1997,20,2431986
1997,21,817850
1997,22,567385
1997,23,537074
1997,24,508989
1997,25,1135687
1997,26,716323
1997,27,465541
1997,28,410311
1997,29,374847
1997,30,697114
1997,31,1413506
1997,32,507994
1997,33,547344
1997,34,651871
1997,35,445767
1997,36,441174
1997,37,324305
1997,38,295295
1997,39,523226
1997,40,346050
1997,41,260654
1997,42,242789
1997,43,696014
1997,44,3211076
1997,45,2029239
1997,46,1111247
1997,47,629947
1997,48,524569
1997,49,521839
1997,50,2566630
1997,51,634612
1997,52,589244
1997,53,610292
1997,54,515829
1997,55,457278
1997,56,703747
1997,57,903584
1997,58,472638
1997,59,468336
1997,60,777204
1997,61,1562741
1997,62,1047546
1997,63,526508
1997,64,476492
1997,65,906986
1997,66,437198
1997,67,382824
1997,68,347878
1997,69,319917
1997,70,347462
1997,71,1015224
1997,72,380060
1997,73,334365
1997,74,906149
1997,75,1058014
1997,76,405797
1997,77,478141
1997,78,533073
1997,79,337907
1997,80,319053
1997,81,289980
1997,82,293600
1997,83,442781
1997,84,262707
1997,85,287615
1997,86,289392
1997,87,228609
1997,88,217106
1997,89,218427
1997,90,196077
1997,91,187225
1997,92,179921
1997,93,176557
1997,94,170790
1997,95,165646
1997,96,161488
1997,97,216653
1997,98,165464
1997,99,474059
1997,100,173527
1997,101,165900
1997,102,148874
1997,103,148856
1997,104,140706
1997,105,142993
1997,106,452899
1997,107,140539
1997,108,145208
1997,109,1337289
1997,110,1273702
1997,111,365030
1997,112,249716
1997,113,259189
1997,114,258130
1997,115,984372
1997,116,341298
1997,117,361262
1997,118,320621
1997,119,315206
1997,120,341589
1997,121,1343938
1997,122,717116
1997,123,458457
1997,124,432344
1997,125,593120
1997,126,380218
1997,127,349118
1997,128,325922
1997,129,305154
1997,130,346677
1997,131,2304856
1997,132,1220719
1997,133,626528
1997,134,548302
1997,135,541433
1997,136,497933
1997,137,457121
1997,138,427974
1997,139,403227
1997,140,387287
1997,141,3303654
1997,142,11842031
1997,143,3175713
1997,144,1942226
1997,145,1875691
1997,146,1824928
1997,147,1467175
1997,148,1315873
1997,149,1191012
1997,150,1093607
1997,151,1072955
1997,152,948918
1997,153,892453
1997,154,833865
1997,155,800888
1997,156,742910
1997,157,668818
1997,158,614356
1997,159,573692
1997,160,538705
1997,161,515752
1997,162,7172943
1997,163,1621389
1997,164,1127421
1997,165,1113022
1997,166,1109982
1997,167,1104119
1997,168,1099389
1997,169,1087041
1997,170,1072372
1997,171,1055780
1997,172,1257512
1997,173,1127261
1997,174,1038181
1997,175,1007049
1997,176,975416
1997,177,888676
1997,178,808399
1997,179,1407297
1997,180,5142879
1997,181,1166132
1997,182,1085342
1997,183,1023513
1997,184,1067367
1997,185,9117309
1997,186,2687136
1997,187,1908452
1997,188,1851701
1997,189,3152329
1997,190,4112990
1997,191,3972749
1997,192,2142602
1997,193,2013237
1997,194,1916758
1997,195,2286281
1997,196,2731488
1997,197,6619808
1997,198,3881945
1997,199,2700075
1997,200,2444146
1997,201,2314936
1997,202,1956473
1997,203,2134877
1997,204,1715833
1997,205,1592642
1997,206,1484644
1997,207,1402982
1997,208,2158386
1997,209,1414678
1997,210,1351750
1997,211,1268558
1997,212,1225802
1997,213,1704489
1997,214,1087956
1997,215,1031312
1997,216,957710
1997,217,923156
1997,218,855261
1997,219,835369
1997,220,915854
1997,221,769205
1997,222,726207
1997,223,693270
1997,224,662794
1997,225,635620
1997,226,607927
1997,227,583226
1997,228,558768
1997,229,536078
1997,230,514831
1997,231,494855
1997,232,476190
1997,233,458613
1997,234,441684
1997,235,424886
1997,236,408740
1997,237,450002
1997,238,434451
1997,239,756690
1997,240,1183422
1997,241,401470
1997,242,392471
1997,243,825216
1997,244,398344
1997,245,391448
1997,246,391795
1997,247,375708
1997,248,456063
1997,249,387820
1997,250,1488788
1997,251,1499705
1997,252,498239
1997,253,493331
1997,254,507616
1997,255,472763
1997,256,446100
1997,257,428126
1997,258,415971
1997,259,391567
1997,260,573486
1997,261,491147
1997,262,396848
1997,263,381271
1997,264,366990
1997,265,345736
1997,266,323676
1997,267,304291
1997,268,286918
1997,269,271948
1997,270,258952
1997,271,247384
1997,272,420297
1997,273,237711
1997,274,233765
1997,275,0
1997,276,379499
1997,277,333001
1997,278,437483
1997,279,583208
1997,280,668804
1997,281,532393
1997,282,599256
1997,283,733098
1997,284,960765
1997,285,1796332
1997,286,1671373
1997,287,2150453
1997,288,2307758
1997,289,10245096
1997,290,2117501
1997,291,1954081
1997,292,1887960
1997,293,1778754
1997,294,1652094
1997,295,1511926
1997,296,1379057
1997,297,1260346
1997,298,1150977
1997,299,1051006
1997,300,990725
1997,301,1516591
1997,302,1101360
1997,303,994564
1997,304,905364
1997,305,1287937
1997,306,1974441
1997,307,899701
1997,308,832095
1997,309,774979
1997,310,723972
1997,311,679616
1997,312,643677
1997,313,607387
1997,314,579009
1997,315,554714
1997,316,531648
1997,317,512820
1997,318,1324919
1997,319,747448
1997,320,608868
1997,321,538689
1997,322,509428
1997,323,483063
1997,324,460347
1997,325,439264
1997,326,420598
1997,327,403052
1997,328,386732
1997,329,372576
1997,330,386473
1997,331,346827
1997,332,341557
1997,333,805006
1997,334,845162
1997,335,369475
1997,336,356260
1997,337,445582
1997,338,335201
1997,339,695000
1997,340,336296
1997,341,324626
1997,342,408712
1997,343,309064
1997,344,553502
1997,345,495533
1997,346,320804
1997,347,307699
1997,348,293118
1997,349,279843
1997,350,279459
1997,351,252930
1997,352,241704
1997,353,231422
1997,354,321012
1997,355,337156
1997,356,257322
1997,357,208832
1997,358,200327
1997,359,191863
1997,360,200179
1997,361,2353577
1997,362,309423
1997,363,273552
1997,364,267458
1997,365,293516
1997,366,298428
1998,1,245263
1998,2,318308
1998,3,2638430
1998,4,1037568
1998,5,504943
1998,6,475717
1998,7,458568
1998,8,438295
1998,9,413412
1998,10,364822
1998,11,323676
1998,12,290088
1998,13,292305
1998,14,318439
1998,15,233427
1998,16,216690
1998,17,203045
1998,18,206895
1998,19,813677
1998,20,223111
1998,21,199868
1998,22,181996
1998,23,188354
1998,24,160619
1998,25,152252
1998,26,145064
1998,27,177109
1998,28,135868
1998,29,131069
1998,30,126842
1998,31,142265
1998,32,222326
1998,33,449217
1998,34,148524
1998,35,122007
1998,36,117385
1998,37,121159
1998,38,115974
1998,39,111270
1998,40,278452
1998,41,106818
1998,42,103034
1998,43,100187
1998,44,97434
1998,45,94891.6
1998,46,92432.2
1998,47,90100
1998,48,89683.7
1998,49,103010
1998,50,84730
1998,51,83137.2
1998,52,561843
1998,53,113870
1998,54,2068585
1998,55,2108690
1998,56,189306
1998,57,203040
1998,58,208918
1998,59,377101
1998,60,217473
1998,61,211554
1998,62,205030
1998,63,196144
1998,64,185198
1998,65,188240
1998,66,225053
1998,67,175072
1998,68,149010
1998,69,132634
1998,70,117566
1998,71,106197
1998,72,97800.4
1998,73,99971.8
1998,74,86943
1998,75,369772
1998,76,94618.1
1998,77,91623.9
1998,78,240329
1998,79,184640
1998,80,286048
1998,81,140267
1998,82,2855472
1998,83,288920
1998,84,208297
1998,85,211264
1998,86,213362
1998,87,334980
1998,88,216041
1998,89,240055
1998,90,616653
1998,91,258165
1998,92,220533
1998,93,216749
1998,94,197295
1998,95,177613
1998,96,199955
1998,97,148824
1998,98,133955
1998,99,121933
1998,100,113161
1998,101,139129
1998,102,145631
1998,103,282431
1998,104,2057172
1998,105,237369
1998,106,207250
1998,107,198714
1998,108,189997
1998,109,181194
1998,110,190546
1998,111,212880
1998,112,162020
1998,113,196155
1998,114,152787
1998,115,148067
1998,116,143077
1998,117,138105
1998,118,132429
1998,119,121773
1998,120,115812
1998,121,409392
1998,122,384784
1998,123,174288
1998,124,131832
1998,125,125093
1998,126,119871
1998,127,115691
1998,128,110160
1998,129,105015
1998,130,100747
1998,131,97007
1998,132,95778.9
1998,133,113150
1998,134,89573
1998,135,87358.9
1998,136,87101.5
1998,137,97126.6
1998,138,154995
1998,139,82452.7
1998,140,199581
1998,141,192372
1998,142,84159.4
1998,143,82301.7
1998,144,80702
1998,145,79315
1998,146,78299
1998,147,539225
1998,148,376465
1998,149,1053908
1998,150,288034
1998,151,179555
1998,152,191003
1998,153,199072
1998,154,268570
1998,155,1257148
1998,156,719374
1998,157,362358
1998,158,369549
1998,159,374230
1998,160,497499
1998,161,957891
1998,162,1957952
1998,163,1044247
1998,164,685862
1998,165,633040
1998,166,592722
1998,167,732408
1998,168,1132313
1998,169,675425
1998,170,602586
1998,171,558314
1998,172,523916
1998,173,493946
1998,174,474931
1998,175,806259
1998,176,913550
1998,177,518781
1998,178,482320
1998,179,449166
1998,180,538395
1998,181,404143
1998,182,433993
1998,183,381816
1998,184,1045988
1998,185,454248
1998,186,417250
1998,187,468189
1998,188,463041
1998,189,425207
1998,190,390964
1998,191,377212
1998,192,364811
1998,193,420697
1998,194,822289
1998,195,422840
1998,196,401988
1998,197,393081
1998,198,386458
1998,199,373987
1998,200,361417
1998,201,349396
1998,202,338340
1998,203,327301
1998,204,315802
1998,205,305468
1998,206,295511
1998,207,728590
1998,208,958692
1998,209,1630065
1998,210,465768
1998,211,667311
1998,212,454705
1998,213,568397
1998,214,629256
1998,215,465734
1998,216,460573
1998,217,456182
1998,218,451072
1998,219,442620
1998,220,472430
1998,221,610185
1998,222,3206996
1998,223,6883234
1998,224,1795723
1998,225,1085370
1998,226,990865
1998,227,913650
1998,228,891944
1998,229,829574
1998,230,974902
1998,231,1180706
1998,232,1245794
1998,233,1003832
1998,234,930110
1998,235,855366
1998,236,822358
1998,237,844785
1998,238,2408030
1998,239,1567050
1998,240,1030368
1998,241,869123
1998,242,1126622
1998,243,1740450
1998,244,877816
1998,245,793322
1998,246,749000
1998,247,707082
1998,248,668137
1998,249,731890
1998,250,2271317
1998,251,1958689
1998,252,908425
1998,253,860616
1998,254,814829
1998,255,777034
1998,256,754266
1998,257,2162241
1998,258,1036251
1998,259,897746
1998,260,872631
1998,261,849451
1998,262,847391
1998,263,1915915
1998,264,2114944
1998,265,1224382
1998,266,1118690
1998,267,1030107
1998,268,1092202
1998,269,3055034
1998,270,2624331
1998,271,1443696
1998,272,1364034
1998,273,1288762
1998,274,1442819
1998,275,0
1998,276,1216740
1998,277,1399728
1998,278,2294742
1998,279,1376884
1998,280,1346324
1998,281,1400342
1998,282,1476852
1998,283,3480581
1998,284,6574267
1998,285,3498118
1998,286,2153877
1998,287,2009823
1998,288,1885143
1998,289,1776676
1998,290,1668487
1998,291,1574715
1998,292,1556169
1998,293,3140495
1998,294,2548192
1998,295,3247949
1998,296,5322666
1998,297,2783406
1998,298,2089306
1998,299,1800516
1998,300,1630920
1998,301,1508770
1998,302,1399362
1998,303,1258929
1998,304,1163424
1998,305,1079855
1998,306,1067550
1998,307,2053403
1998,308,1114853
1998,309,1012723
1998,310,942524
1998,311,874518
1998,312,817428
1998,313,774993
1998,314,864180
1998,315,3411474
1998,316,1167145
1998,317,943108
1998,318,913205
1998,319,880094
1998,320,977390
1998,321,836376
1998,322,796205
1998,323,866093
1998,324,725195
1998,325,3764544
1998,326,1106885
1998,327,1024843
1998,328,977852
1998,329,926629
1998,330,846469
1998,331,786146
1998,332,2698783
1998,333,987588
1998,334,910274
1998,335,850526
1998,336,796505
1998,337,1436716
1998,338,1268097
1998,339,1366173
1998,340,1219819
1998,341,1047224
1998,342,884296
1998,343,833518
1998,344,2426244
1998,345,1194676
1998,346,2138046
1998,347,3691546
1998,348,1701534
1998,349,1214773
1998,350,1095738
1998,351,1002907
1998,352,902483
1998,353,810754
1998,354,733110
1998,355,667493
1998,356,610614
1998,357,563894
1998,358,526218
1998,359,489549
1998,360,457302
1998,361,578777
1998,362,450484
1998,363,391865
1998,364,369066
1998,365,497507
1998,366,340046
1999,1,550990
1999,2,321044
1999,3,494714
1999,4,301301
1999,5,288705
1999,6,277331
1999,7,266776
1999,8,257077
1999,9,247800
1999,10,238777
1999,11,245648
1999,12,624071
1999,13,1846857
1999,14,4100607
1999,15,711047
1999,16,711675
1999,17,1382884
1999,18,658583
1999,19,540904
1999,20,516931
1999,21,481684
1999,22,440285
1999,23,503782
1999,24,3387834
1999,25,815186
1999,26,852697
1999,27,3026051
1999,28,947760
1999,29,778556
1999,30,705603
1999,31,1157152
1999,32,587622
1999,33,515802
1999,34,460658
1999,35,429691
1999,36,382424
1999,37,353750
1999,38,354945
1999,39,3261517
1999,40,698805
1999,41,562645
1999,42,498918
1999,43,450539
1999,44,410093
1999,45,374814
1999,46,381857
1999,47,378804
1999,48,348114
1999,49,293328
1999,50,275495
1999,51,261648
1999,52,344586
1999,53,264908
1999,54,257301
1999,55,221229
1999,56,222687
1999,57,229165
1999,58,196531
1999,59,189589
1999,60,183432
1999,61,265106
1999,62,370445
1999,63,175869
1999,64,169842
1999,65,164873
1999,66,160272
1999,67,155931
1999,68,151912
1999,69,148130
1999,70,144513
1999,71,194224
1999,72,1664943
1999,73,170101
1999,74,170296
1999,75,171618
1999,76,396587
1999,77,172175
1999,78,207584
1999,79,1801004
1999,80,1055614
1999,81,303985
1999,82,308477
1999,83,306540
1999,84,437992
1999,85,350141
1999,86,292325
1999,87,349075
1999,88,317026
1999,89,228116
1999,90,208701
1999,91,191987
1999,92,178335
1999,93,168336
1999,94,170623
1999,95,778956
1999,96,189635
1999,97,174184
1999,98,161964
1999,99,192802
1999,100,915135
1999,101,202744
1999,102,196510
1999,103,174563
1999,104,167486
1999,105,160295
1999,106,153245
1999,107,146626
1999,108,140380
1999,109,187078
1999,110,132625
1999,111,125803
1999,112,119615
1999,113,114805
1999,114,227067
1999,115,164013
1999,116,110304
1999,117,108063
1999,118,193288
1999,119,102845
1999,120,110126
1999,121,96739.9
1999,122,93463.2
1999,123,92690
1999,124,90712.5
1999,125,86784.3
1999,126,252557
1999,127,266415
1999,128,92868.3
1999,129,90979.7
1999,130,129311
1999,131,3131680
1999,132,3655233
1999,133,600203
1999,134,436962
1999,135,580697
1999,136,933616
1999,137,674929
1999,138,616184
1999,139,621382
1999,140,614401
1999,141,589736
1999,142,555590
1999,143,524393
1999,144,497152
1999,145,471542
1999,146,420986
1999,147,368339
1999,148,326166
1999,149,292747
1999,150,265891
1999,151,324940
1999,152,242919
1999,153,221766
1999,154,209094
1999,155,198464
1999,156,189526
1999,157,182045
1999,158,176241
1999,159,170113
1999,160,165059
1999,161,160431
1999,162,156173
1999,163,161283
1999,164,244418
1999,165,329877
1999,166,156392
1999,167,153392
1999,168,150475
1999,169,147644
1999,170,144971
1999,171,142382
1999,172,139892
1999,173,137547
1999,174,216705
1999,175,137216
1999,176,135309
1999,177,133449
1999,178,147411
1999,179,243337
1999,180,1025083
1999,181,182340
1999,182,185014
1999,183,187127
1999,184,189925
1999,185,190376
1999,186,191461
1999,187,192255
1999,188,192127
1999,189,190477
1999,190,188583
1999,191,199736
1999,192,416406
1999,193,219022
1999,194,209578
1999,195,201656
1999,196,194380
1999,197,187488
1999,198,181172
1999,199,175434
1999,200,169972
1999,201,175944
1999,202,161253
1999,203,157050
1999,204,158710
1999,205,188595
1999,206,254764
1999,207,153629
1999,208,150016
1999,209,146662
1999,210,143518
1999,211,140543
1999,212,151711
1999,213,218148
1999,214,139443
1999,215,137082
1999,216,134432
1999,217,131754
1999,218,454351
1999,219,141984
1999,220,139775
1999,221,137035
1999,222,134198
1999,223,131330
1999,224,648543
1999,225,151616
1999,226,150065
1999,227,148039
1999,228,360179
1999,229,153655
1999,230,151182
1999,231,148694
1999,232,204010
1999,233,4150118
1999,234,361587
1999,235,370300
1999,236,1180795
1999,237,527362
1999,238,1425548
1999,239,5272232
1999,240,971601
1999,241,819664
1999,242,765396
1999,243,706392
1999,244,659304
1999,245,632097
1999,246,612951
1999,247,593204
1999,248,1689190
1999,249,755448
1999,250,815701
1999,251,657574
1999,252,615232
1999,253,792339
1999,254,626571
1999,255,507012
1999,256,467635
1999,257,438352
1999,258,1313702
1999,259,487693
1999,260,460597
1999,261,440762
1999,262,425118
1999,263,760677
1999,264,886067
1999,265,471419
1999,266,457083
1999,267,444064
1999,268,430922
1999,269,419762
1999,270,409959
1999,271,400576
1999,272,391596
1999,273,435883
1999,274,1492327
1999,275,0
1999,276,586595
1999,277,481636
1999,278,2940214
1999,279,1441010
1999,280,678602
1999,281,2200060
1999,282,751178
1999,283,716989
1999,284,690503
1999,285,676353
1999,286,659125
1999,287,643919
1999,288,628264
1999,289,2090754
1999,290,964175
1999,291,826173
1999,292,779294
1999,293,710203
1999,294,648904
1999,295,601180
1999,296,6057492
1999,297,1476137
1999,298,1249454
1999,299,1354647
1999,300,1384665
1999,301,1584788
1999,302,1945314
1999,303,2400062
1999,304,2572604
1999,305,2987826
1999,306,3500632
1999,307,5422166
1999,308,4135234
1999,309,2286618
1999,310,2602724
1999,311,1905744
1999,312,1774096
1999,313,1544335
1999,314,1406934
1999,315,3514857
1999,316,1803896
1999,317,2607350
1999,318,1705278
1999,319,1493598
1999,320,1355557
1999,321,1314079
1999,322,1382688
1999,323,1109936
1999,324,1011509
1999,325,949967
1999,326,1178822
1999,327,922412
1999,328,1168329
1999,329,1317809
1999,330,857009
1999,331,804464
1999,332,755657
1999,333,712005
1999,334,674027
1999,335,639535
1999,336,608161
1999,337,578836
1999,338,551978
1999,339,528191
1999,340,504575
1999,341,482048
1999,342,470670
1999,343,451717
1999,344,732447
1999,345,437782
1999,346,407326
1999,347,390067
1999,348,392427
1999,349,376486
1999,350,348163
1999,351,335561
1999,352,323672
1999,353,312332
1999,354,312560
1999,355,397186
1999,356,298764
1999,357,276144
1999,358,295463
1999,359,504513
1999,360,1075062
1999,361,276246
1999,362,268137
1999,363,260574
1999,364,251694
1999,365,242729
1999,366,234109
2000,1,226545
2000,2,219480
2000,3,681193
2000,4,261460
2000,5,222895
2000,6,214688
2000,7,206471
2000,8,234693
2000,9,188385
2000,10,178687
2000,11,185800
2000,12,164113
2000,13,157577
2000,14,176886
2000,15,565460
2000,16,158327
2000,17,176607
2000,18,1236347
2000,19,185899
2000,20,178960
2000,21,172236
2000,22,197038
2000,23,160168
2000,24,152982
2000,25,146084
2000,26,139425
2000,27,132870
2000,28,126608
2000,29,169727
2000,30,126748
2000,31,112736
2000,32,110727
2000,33,159749
2000,34,107158
2000,35,96595.3
2000,36,92972.5
2000,37,89898.3
2000,38,87290.7
2000,39,84985.6
2000,40,142812
2000,41,178331
2000,42,90819.6
2000,43,91139
2000,44,77262.8
2000,45,75422.8
2000,46,73699.4
2000,47,72057.8
2000,48,72516.9
2000,49,69374.6
2000,50,80468
2000,51,73908
2000,52,123684
2000,53,88309.7
2000,54,63318.9
2000,55,62080.7
2000,56,68863.4
2000,57,59816
2000,58,58722.2
2000,59,57682.6
2000,60,59554
2000,61,56289.6
2000,62,59487.2
2000,63,53957.3
2000,64,53129.1
2000,65,52310.3
2000,66,51479.9
2000,67,50691.2
2000,68,49936.3
2000,69,49187.9
2000,70,177917
2000,71,48666.8
2000,72,47331.4
2000,73,46596.3
2000,74,45912.4
2000,75,1610932
2000,76,791211
2000,77,86026.3
2000,78,74127.8
2000,79,79603
2000,80,83241.1
2000,81,85377.5
2000,82,387397
2000,83,110552
2000,84,106169
2000,85,102577
2000,86,105849
2000,87,331840
2000,88,479056
2000,89,148465
2000,90,126414
2000,91,108375
2000,92,95330
2000,93,85809.8
2000,94,77775.4
2000,95,71109.2
2000,96,65573.4
2000,97,60518.6
2000,98,925152
2000,99,738986
2000,100,2960087
2000,101,339257
2000,102,1502144
2000,103,364040
2000,104,347409
2000,105,333651
2000,106,316810
2000,107,371419
2000,108,1233786
2000,109,23593812
2000,110,2107672
2000,111,2058201
2000,112,1908459
2000,113,2660761
2000,114,2774700
2000,115,2284669
2000,116,1433123
2000,117,1206624
2000,118,1033566
2000,119,902471
2000,120,801338
2000,121,981262
2000,122,2578066
2000,123,2940176
2000,124,1253944
2000,125,1053954
2000,126,920040
2000,127,2668331
2000,128,1055199
2000,129,954066
2000,130,880854
2000,131,825524
2000,132,879446
2000,133,2925748
2000,134,1092459
2000,135,1011804
2000,136,1303651
2000,137,994884
2000,138,902020
2000,139,846690
2000,140,1016147
2000,141,795250
2000,142,802228
2000,143,1077199
2000,144,746806
2000,145,867171
2000,146,705360
2000,147,678160
2000,148,642919
2000,149,612293
2000,150,585436
2000,151,560680
2000,152,538241
2000,153,517501
2000,154,498295
2000,155,479900
2000,156,1578523
2000,157,573558
2000,158,543525
2000,159,529559
2000,160,514434
2000,161,500517
2000,162,488186
2000,163,476028
2000,164,463262
2000,165,450831
2000,166,439688
2000,167,428951
2000,168,418114
2000,169,407855
2000,170,398375
2000,171,383986
2000,172,370228
2000,173,356874
2000,174,482165
2000,175,343447
2000,176,332829
2000,177,378058
2000,178,544721
2000,179,567166
2000,180,2781058
2000,181,612452
2000,182,524437
2000,183,540422
2000,184,554371
2000,185,566167
2000,186,575032
2000,187,579536
2000,188,607518
2000,189,600055
2000,190,1668204
2000,191,737751
2000,192,730668
2000,193,713697
2000,194,1379375
2000,195,764912
2000,196,713973
2000,197,1099158
2000,198,3444300
2000,199,1117630
2000,200,1031454
2000,201,984928
2000,202,940381
2000,203,901451
2000,204,1623624
2000,205,975651
2000,206,901118
2000,207,860743
2000,208,819589
2000,209,778992
2000,210,742746
2000,211,709713
2000,212,676306
2000,213,632293
2000,214,602920
2000,215,584300
2000,216,526950
2000,217,502494
2000,218,671555
2000,219,1060695
2000,220,482204
2000,221,457246
2000,222,435091
2000,223,415127
2000,224,396876
2000,225,1713693
2000,226,629827
2000,227,533819
2000,228,505355
2000,229,500445
2000,230,495787
2000,231,490423
2000,232,485307
2000,233,479532
2000,234,469173
2000,235,459318
2000,236,449345
2000,237,437665
2000,238,424874
2000,239,411929
2000,240,391003
2000,241,372024
2000,242,355166
2000,243,340237
2000,244,326572
2000,245,313859
2000,246,301875
2000,247,290677
2000,248,280373
2000,249,270725
2000,250,261512
2000,251,252812
2000,252,244746
2000,253,237168
2000,254,230084
2000,255,223404
2000,256,233171
2000,257,249118
2000,258,206730
2000,259,201076
2000,260,1193918
2000,261,241922
2000,262,222593
2000,263,219838
2000,264,982238
2000,265,357536
2000,266,251304
2000,267,251127
2000,268,249985
2000,269,247956
2000,270,244729
2000,271,249768
2000,272,235398
2000,273,2278687
2000,274,543857
2000,275,377155
2000,276,368974
2000,277,363073
2000,278,358910
2000,279,348686
2000,280,337886
2000,281,327533
2000,282,317573
2000,283,307204
2000,284,365284
2000,285,296878
2000,286,2658144
2000,287,870400
2000,288,602538
2000,289,584631
2000,290,566021
2000,291,2033716
2000,292,1595882
2000,293,902048
2000,294,1028156
2000,295,1179358
2000,296,15510988
2000,297,5640744
2000,298,4250830
2000,299,4385782
2000,300,5005672
2000,301,4178624
2000,302,5964478
2000,303,3245904
2000,304,2481244
2000,305,2174076
2000,306,1911448
2000,307,1697552
2000,308,1526457
2000,309,1661459
2000,310,2088288
2000,311,1403323
2000,312,1256489
2000,313,1140818
2000,314,2548869
2000,315,1549514
2000,316,1205276
2000,317,1169184
2000,318,1035721
2000,319,973816
2000,320,920738
2000,321,896828
2000,322,930150
2000,323,1564523
2000,324,890204
2000,325,829071
2000,326,789044
2000,327,1518130
2000,328,911398
2000,329,788152
2000,330,745581
2000,331,706647
2000,332,806534
2000,333,723750
2000,334,634573
2000,335,605031
2000,336,577446
2000,337,619469
2000,338,622698
2000,339,516971
2000,340,493125
2000,341,495103
2000,342,477518
2000,343,431307
2000,344,412207
2000,345,394997
2000,346,623061
2000,347,420794
2000,348,366442
2000,349,907168
2000,350,431047
2000,351,357950
2000,352,345150
2000,353,332538
2000,354,377592
2000,355,1229862
2000,356,1162484
2000,357,625504
2000,358,1392586
2000,359,1681838
2000,360,1830669
2000,361,649068
2000,362,627408
2000,363,697284
2000,364,642737
2000,365,548748
2000,366,512680
2001,1,480531
2001,2,505328
2001,3,481119
2001,4,397425
2001,5,365081
2001,6,472632
2001,7,1316123
2001,8,510510
2001,9,393198
2001,10,354470
2001,11,322126
2001,12,528276
2001,13,1156140
2001,14,977494
2001,15,448245
2001,16,675243
2001,17,383518
2001,18,515833
2001,19,819696
2001,20,400299
2001,21,345160
2001,22,1781442
2001,23,446827
2001,24,408170
2001,25,373938
2001,26,5046376
2001,27,827877
2001,28,771597
2001,29,686245
2001,30,1007269
2001,31,588204
2001,32,514070
2001,33,460767
2001,34,489689
2001,35,429044
2001,36,380083
2001,37,327878
2001,38,301670
2001,39,280895
2001,40,263781
2001,41,336142
2001,42,236591
2001,43,222848
2001,44,219325
2001,45,345947
2001,46,600180
2001,47,236240
2001,48,210600
2001,49,195193
2001,50,329235
2001,51,186693
2001,52,338025
2001,53,180435
2001,54,174370
2001,55,173170
2001,56,165885
2001,57,258369
2001,58,158388
2001,59,155004
2001,60,174830
2001,61,569458
2001,62,249509
2001,63,1295187
2001,64,200896
2001,65,1375222
2001,66,244128
2001,67,237697
2001,68,624190
2001,69,285729
2001,70,256805
2001,71,277425
2001,72,220821
2001,73,222041
2001,74,227519
2001,75,193741
2001,76,245755
2001,77,176602
2001,78,392796
2001,79,176351
2001,80,185054
2001,81,151530
2001,82,142263
2001,83,134239
2001,84,127595
2001,85,242065
2001,86,218224
2001,87,122480
2001,88,117562
2001,89,388362
2001,90,204217
2001,91,120031
2001,92,152238
2001,93,146432
2001,94,1469884
2001,95,182927
2001,96,277704
2001,97,165629
2001,98,162657
2001,99,160282
2001,100,155860
2001,101,149986
2001,102,143748
2001,103,137287
2001,104,130737
2001,105,859660
2001,106,531811
2001,107,1610871
2001,108,445919
2001,109,316668
2001,110,295718
2001,111,276230
2001,112,2547547
2001,113,692268
2001,114,469755
2001,115,449784
2001,116,465101
2001,117,476670
2001,118,2200003
2001,119,1191134
2001,120,691156
2001,121,636561
2001,122,571014
2001,123,516698
2001,124,469422
2001,125,427921
2001,126,391499
2001,127,1220490
2001,128,541120
2001,129,440014
2001,130,391555
2001,131,366528
2001,132,345953
2001,133,320310
2001,134,296825
2001,135,277006
2001,136,260396
2001,137,246004
2001,138,233445
2001,139,231581
2001,140,432144
2001,141,662427
2001,142,259505
2001,143,244678
2001,144,234598
2001,145,225747
2001,146,218200
2001,147,211371
2001,148,204712
2001,149,198355
2001,150,192513
2001,151,187395
2001,152,183098
2001,153,179204
2001,154,175449
2001,155,171115
2001,156,165956
2001,157,161143
2001,158,156649
2001,159,152598
2001,160,148956
2001,161,145529
2001,162,142225
2001,163,472388
2001,164,575558
2001,165,168277
2001,166,167539
2001,167,166980
2001,168,461555
2001,169,183195
2001,170,184578
2001,171,185709
2001,172,186650
2001,173,187569
2001,174,188330
2001,175,189024
2001,176,189732
2001,177,190396
2001,178,187922
2001,179,311458
2001,180,1296924
2001,181,321927
2001,182,297606
2001,183,1049249
2001,184,356259
2001,185,345952
2001,186,337318
2001,187,328865
2001,188,319779
2001,189,310456
2001,190,303381
2001,191,298693
2001,192,294209
2001,193,289501
2001,194,283362
2001,195,270639
2001,196,301156
2001,197,242128
2001,198,227098
2001,199,214020
2001,200,1050728
2001,201,11865289
2001,202,877124
2001,203,964058
2001,204,878962
2001,205,850789
2001,206,812615
2001,207,770284
2001,208,725649
2001,209,681691
2001,210,641676
2001,211,603767
2001,212,568852
2001,213,537504
2001,214,508772
2001,215,476714
2001,216,424384
2001,217,385349
2001,218,355248
2001,219,331273
2001,220,311670
2001,221,295407
2001,222,281401
2001,223,347555
2001,224,263823
2001,225,254602
2001,226,246367
2001,227,238906
2001,228,232127
2001,229,226095
2001,230,293924
2001,231,217343
2001,232,212145
2001,233,265943
2001,234,2562444
2001,235,824597
2001,236,312380
2001,237,321702
2001,238,328780
2001,239,334036
2001,240,337390
2001,241,339309
2001,242,351703
2001,243,339313
2001,244,336770
2001,245,2975305
2001,246,747377
2001,247,565284
2001,248,643118
2001,249,523776
2001,250,486303
2001,251,1673326
2001,252,578110
2001,253,514575
2001,254,483415
2001,255,471486
2001,256,563885
2001,257,423084
2001,258,403950
2001,259,385905
2001,260,874058
2001,261,550908
2001,262,1337161
2001,263,458726
2001,264,424671
2001,265,408608
2001,266,389142
2001,267,373646
2001,268,361451
2001,269,351081
2001,270,341579
2001,271,1072013
2001,272,409970
2001,273,382391
2001,274,375578
2001,275,0
2001,276,363585
2001,277,349847
2001,278,332429
2001,279,1534303
2001,280,397890
2001,281,384345
2001,282,371129
2001,283,357925
2001,284,449888
2001,285,342672
2001,286,333533
2001,287,1358892
2001,288,1356507
2001,289,544012
2001,290,512352
2001,291,1810621
2001,292,1581329
2001,293,1327248
2001,294,1612438
2001,295,1612116
2001,296,4051124
2001,297,2696168
2001,298,3137698
2001,299,3668946
2001,300,3400529
2001,301,1897446
2001,302,1764126
2001,303,1627613
2001,304,3379520
2001,305,4527626
2001,306,2444317
2001,307,2377538
2001,308,2202108
2001,309,2053429
2001,310,1649297
2001,311,1456656
2001,312,2251231
2001,313,1384966
2001,314,1589427
2001,315,1717810
2001,316,1221270
2001,317,1888249
2001,318,1164202
2001,319,1067677
2001,320,980578
2001,321,1504265
2001,322,1605260
2001,323,1804461
2001,324,1074746
2001,325,993542
2001,326,942900
2001,327,918955
2001,328,836200
2001,329,783341
2001,330,735014
2001,331,696178
2001,332,659570
2001,333,627050
2001,334,596647
2001,335,569927
2001,336,543301
2001,337,516989
2001,338,491720
2001,339,469013
2001,340,448648
2001,341,430479
2001,342,414107
2001,343,399071
2001,344,398607
2001,345,379305
2001,346,360746
2001,347,347910
2001,348,382593
2001,349,327005
2001,350,316778
2001,351,307029
2001,352,297730
2001,353,288834
2001,354,280835
2001,355,272045
2001,356,291750
2001,357,1117756
2001,358,1180684
2001,359,384202
2001,360,271655
2001,361,311601
2001,362,1591631
2001,363,1048807
2001,364,734833
2001,365,744163
2001,366,413067
2002,1,416643
2002,2,1345073
2002,3,667185
2002,4,746770
2002,5,536700
2002,6,490772
2002,7,439496
2002,8,396223
2002,9,360283
2002,10,330506
2002,11,300711
2002,12,286496
2002,13,616742
2002,14,273682
2002,15,306406
2002,16,269091
2002,17,1535079
2002,18,399375
2002,19,291732
2002,20,266934
2002,21,571122
2002,22,322255
2002,23,1350544
2002,24,548559
2002,25,319598
2002,26,298074
2002,27,279372
2002,28,257849
2002,29,238646
2002,30,221355
2002,31,217226
2002,32,891354
2002,33,246917
2002,34,298703
2002,35,767244
2002,36,687347
2002,37,272741
2002,38,249126
2002,39,1112878
2002,40,287455
2002,41,432107
2002,42,271730
2002,43,234379
2002,44,219268
2002,45,205825
2002,46,193730
2002,47,179660
2002,48,272955
2002,49,218017
2002,50,160439
2002,51,150367
2002,52,142259
2002,53,135568
2002,54,129074
2002,55,123714
2002,56,738013
2002,57,184821
2002,58,136118
2002,59,129762
2002,60,124937
2002,61,120000
2002,62,128400
2002,63,112298
2002,64,108613
2002,65,249210
2002,66,254068
2002,67,109259
2002,68,105630
2002,69,102241
2002,70,99107.8
2002,71,95362.1
2002,72,584531
2002,73,574735
2002,74,468040
2002,75,130265
2002,76,124485
2002,77,119597
2002,78,115913
2002,79,111054
2002,80,106063
2002,81,259581
2002,82,106170
2002,83,101408
2002,84,97421.4
2002,85,164330
2002,86,94944
2002,87,90220.1
2002,88,85586.4
2002,89,171065
2002,90,111988
2002,91,79456.9
2002,92,77555.5
2002,93,378920
2002,94,82737.5
2002,95,79599.7
2002,96,76814.5
2002,97,376512
2002,98,82388.4
2002,99,80099.7
2002,100,77639.7
2002,101,75262.4
2002,102,72981.8
2002,103,327381
2002,104,79191.2
2002,105,76897.8
2002,106,314823
2002,107,217267
2002,108,88354
2002,109,85610.9
2002,110,82808.7
2002,111,80043.5
2002,112,79120.5
2002,113,823708
2002,114,111117
2002,115,108174
2002,116,105084
2002,117,4446578
2002,118,1467916
2002,119,466936
2002,120,492924
2002,121,501379
2002,122,496485
2002,123,485185
2002,124,468461
2002,125,447008
2002,126,420806
2002,127,392827
2002,128,355321
2002,129,482195
2002,130,340804
2002,131,315642
2002,132,277713
2002,133,244371
2002,134,216916
2002,135,194764
2002,136,176994
2002,137,678470
2002,138,204524
2002,139,502353
2002,140,207786
2002,141,197929
2002,142,189673
2002,143,182175
2002,144,174333
2002,145,167080
2002,146,160471
2002,147,162440
2002,148,149678
2002,149,145551
2002,150,142164
2002,151,139119
2002,152,134583
2002,153,130371
2002,154,125777
2002,155,121609
2002,156,117690
2002,157,117525
2002,158,127069
2002,159,109389
2002,160,106997
2002,161,104757
2002,162,102607
2002,163,100621
2002,164,98791
2002,165,97076.9
2002,166,95477.5
2002,167,93941
2002,168,92448.7
2002,169,90986.5
2002,170,89560.4
2002,171,88217.1
2002,172,86944.1
2002,173,120539
2002,174,126403
2002,175,85097.4
2002,176,84005.9
2002,177,82931.2
2002,178,219315
2002,179,845426
2002,180,104877
2002,181,107925
2002,182,112073
2002,183,145881
2002,184,418320
2002,185,137130
2002,186,142669
2002,187,148089
2002,188,152539
2002,189,155464
2002,190,249944
2002,191,210368
2002,192,1233930
2002,193,293371
2002,194,290415
2002,195,344959
2002,196,290152
2002,197,349512
2002,198,1360308
2002,199,407796
2002,200,402026
2002,201,1333447
2002,202,991173
2002,203,568047
2002,204,560997
2002,205,549729
2002,206,536384
2002,207,592228
2002,208,651807
2002,209,496940
2002,210,473787
2002,211,453006
2002,212,433581
2002,213,407273
2002,214,383490
2002,215,362132
2002,216,337315
2002,217,312356
2002,218,290868
2002,219,272797
2002,220,257330
2002,221,1479744
2002,222,365983
2002,223,313809
2002,224,300140
2002,225,287289
2002,226,1277450
2002,227,337546
2002,228,325076
2002,229,314649
2002,230,304378
2002,231,294712
2002,232,285717
2002,233,277343
2002,234,525296
2002,235,284055
2002,236,284888
2002,237,261691
2002,238,252129
2002,239,1198943
2002,240,345595
2002,241,335727
2002,242,325299
2002,243,314035
2002,244,302334
2002,245,778975
2002,246,509603
2002,247,748877
2002,248,371249
2002,249,367893
2002,250,368723
2002,251,362745
2002,252,360008
2002,253,356539
2002,254,343847
2002,255,332066
2002,256,596244
2002,257,399207
2002,258,346090
2002,259,338172
2002,260,325982
2002,261,311365
2002,262,295611
2002,263,281577
2002,264,269373
2002,265,258233
2002,266,348244
2002,267,246943
2002,268,238182
2002,269,230696
2002,270,223845
2002,271,216049
2002,272,383932
2002,273,213202
2002,274,206756
2002,275,0
2002,276,201383
2002,277,1199304
2002,278,539449
2002,279,290390
2002,280,294413
2002,281,297686
2002,282,298654
2002,283,298550
2002,284,877465
2002,285,369728
2002,286,364405
2002,287,386111
2002,288,886369
2002,289,427678
2002,290,492401
2002,291,659337
2002,292,1217510
2002,293,1461406
2002,294,672928
2002,295,2687209
2002,296,893165
2002,297,818034
2002,298,786084
2002,299,737959
2002,300,690668
2002,301,2686034
2002,302,986091
2002,303,881835
2002,304,821301
2002,305,759080
2002,306,1200526
2002,307,738905
2002,308,673537
2002,309,832387
2002,310,602166
2002,311,561005
2002,312,517697
2002,313,485212
2002,314,455947
2002,315,782640
2002,316,447575
2002,317,417430
2002,318,392292
2002,319,579564
2002,320,2203104
2002,321,600155
2002,322,505815
2002,323,473459
2002,324,626353
2002,325,729012
2002,326,473765
2002,327,651534
2002,328,871324
2002,329,472943
2002,330,453137
2002,331,751367
2002,332,458304
2002,333,761136
2002,334,2491534
2002,335,712149
2002,336,973289
2002,337,647564
2002,338,1939541
2002,339,724012
2002,340,680992
2002,341,638464
2002,342,592052
2002,343,582439
2002,344,559092
2002,345,1408733
2002,346,609010
2002,347,553356
2002,348,1474158
2002,349,3530750
2002,350,1049901
2002,351,879661
2002,352,784733
2002,353,1333203
2002,354,3834248
2002,355,1076910
2002,356,1012540
2002,357,939802
2002,358,875418
2002,359,810634
2002,360,736031
2002,361,672399
2002,362,627861
2002,363,585074
2002,364,518288
2002,365,473865
2002,366,440265
2003,1,431449
2003,2,391520
2003,3,369080
2003,4,350930
2003,5,421828
2003,6,528716
2003,7,1690750
2003,8,427625
2003,9,370425
2003,10,354508
2003,11,338746
2003,12,353804
2003,13,382645
2003,14,342117
2003,15,885539
2003,16,482000
2003,17,331599
2003,18,315924
2003,19,860120
2003,20,619597
2003,21,368455
2003,22,327221
2003,23,303444
2003,24,283167
2003,25,314399
2003,26,389673
2003,27,255447
2003,28,1668474
2003,29,356469
2003,30,320659
2003,31,297296
2003,32,276221
2003,33,308645
2003,34,243504
2003,35,226625
2003,36,213678
2003,37,203419
2003,38,194515
2003,39,186584
2003,40,285267
2003,41,179110
2003,42,172732
2003,43,165687
2003,44,159629
2003,45,160426
2003,46,149648
2003,47,145265
2003,48,141232
2003,49,137485
2003,50,147072
2003,51,130758
2003,52,127522
2003,53,124628
2003,54,242029
2003,55,119609
2003,56,116599
2003,57,113806
2003,58,111108
2003,59,216949
2003,60,106731
2003,61,104253
2003,62,101923
2003,63,99663.3
2003,64,98011.7
2003,65,189739
2003,66,94066.9
2003,67,173323
2003,68,90977.6
2003,69,89032.9
2003,70,87161.4
2003,71,85347.1
2003,72,83591.1
2003,73,81901.9
2003,74,80227.9
2003,75,78624.8
2003,76,92753
2003,77,228145
2003,78,75674.9
2003,79,74043.7
2003,80,72526.6
2003,81,87106
2003,82,189812
2003,83,69671.5
2003,84,222215
2003,85,71908.2
2003,86,533905
2003,87,73760.4
2003,88,73077.1
2003,89,71964.4
2003,90,296654
2003,91,844800
2003,92,126709
2003,93,106281
2003,94,568291
2003,95,130556
2003,96,130274
2003,97,126158
2003,98,121886
2003,99,116381
2003,100,110937
2003,101,102848
2003,102,95720.3
2003,103,89321.9
2003,104,84160.7
2003,105,79545.3
2003,106,74218.1
2003,107,71157.7
2003,108,506558
2003,109,102245
2003,110,80997.8
2003,111,75822.2
2003,112,71587.8
2003,113,67934.5
2003,114,279082
2003,115,465640
2003,116,113465
2003,117,85548
2003,118,83538.6
2003,119,2557200
2003,120,3325090
2003,121,404408
2003,122,446099
2003,123,454251
2003,124,450109
2003,125,445344
2003,126,495741
2003,127,1056051
2003,128,500684
2003,129,458053
2003,130,423556
2003,131,393845
2003,132,368057
2003,133,2282926
2003,134,6334870
2003,135,1377187
2003,136,1159409
2003,137,985186
2003,138,1039717
2003,139,6033483
2003,140,1676645
2003,141,1408213
2003,142,1413900
2003,143,1167875
2003,144,1069426
2003,145,987939
2003,146,917017
2003,147,981624
2003,148,2418467
2003,149,1308305
2003,150,996043
2003,151,901651
2003,152,1990726
2003,153,2264777
2003,154,1143476
2003,155,1088724
2003,156,970709
2003,157,912493
2003,158,873125
2003,159,2012341
2003,160,1137653
2003,161,982820
2003,162,948758
2003,163,899958
2003,164,855837
2003,165,1108168
2003,166,2710072
2003,167,1123645
2003,168,1043209
2003,169,987911
2003,170,3980005
2003,171,4243682
2003,172,1748048
2003,173,1662544
2003,174,1548669
2003,175,2488665
2003,176,2425195
2003,177,1702549
2003,178,1572208
2003,179,1499474
2003,180,1809071
2003,181,1495882
2003,182,1360481
2003,183,1289107
2003,184,1224488
2003,185,1146342
2003,186,1112319
2003,187,1014067
2003,188,958831
2003,189,910527
2003,190,863933
2003,191,820222
2003,192,780602
2003,193,744372
2003,194,710513
2003,195,677235
2003,196,667256
2003,197,1893095
2003,198,1295463
2003,199,694249
2003,200,670503
2003,201,647848
2003,202,626226
2003,203,649904
2003,204,3041519
2003,205,742590
2003,206,733662
2003,207,710860
2003,208,841101
2003,209,3948199
2003,210,962652
2003,211,956181
2003,212,931212
2003,213,896681
2003,214,876443
2003,215,827607
2003,216,3760952
2003,217,1341002
2003,218,2040211
2003,219,1211575
2003,220,1104703
2003,221,1064477
2003,222,950296
2003,223,885100
2003,224,811784
2003,225,751702
2003,226,701753
2003,227,659089
2003,228,621601
2003,229,588333
2003,230,558625
2003,231,524376
2003,232,494263
2003,233,466796
2003,234,442813
2003,235,421343
2003,236,401905
2003,237,384253
2003,238,368076
2003,239,353060
2003,240,339015
2003,241,325787
2003,242,313400
2003,243,301846
2003,244,290878
2003,245,280460
2003,246,270578
2003,247,358920
2003,248,256419
2003,249,246825
2003,250,1503633
2003,251,271337
2003,252,268019
2003,253,264713
2003,254,261583
2003,255,258571
2003,256,280987
2003,257,253040
2003,258,249703
2003,259,246374
2003,260,242960
2003,261,239404
2003,262,235355
2003,263,231291
2003,264,227003
2003,265,218256
2003,266,210103
2003,267,202555
2003,268,2999137
2003,269,459587
2003,270,344757
2003,271,343903
2003,272,341728
2003,273,338066
2003,274,344213
2003,275,0
2003,276,339036
2003,277,1281721
2003,278,390694
2003,279,384056
2003,280,430062
2003,281,369780
2003,282,359418
2003,283,347948
2003,284,321504
2003,285,299429
2003,286,280825
2003,287,264112
2003,288,1104816
2003,289,304419
2003,290,288860
2003,291,273794
2003,292,257992
2003,293,240447
2003,294,236733
2003,295,7157848
2003,296,909446
2003,297,1136346
2003,298,1314128
2003,299,1331189
2003,300,1606002
2003,301,3452722
2003,302,2704810
2003,303,3258501
2003,304,4939121
2003,305,6882606
2003,306,5842986
2003,307,6616274
2003,308,6881696
2003,309,7374080
2003,310,8044208
2003,311,4428288
2003,312,3117266
2003,313,3841580
2003,314,2915058
2003,315,3158923
2003,316,2406294
2003,317,4110846
2003,318,2465432
2003,319,2114715
2003,320,1876333
2003,321,1682606
2003,322,1520320
2003,323,1421952
2003,324,1424842
2003,325,1226474
2003,326,1143453
2003,327,1150420
2003,328,1081647
2003,329,973736
2003,330,921944
2003,331,993505
2003,332,1396207
2003,333,849083
2003,334,805671
2003,335,821180
2003,336,734994
2003,337,790769
2003,338,763812
2003,339,653442
2003,340,625822
2003,341,646331
2003,342,578860
2003,343,837427
2003,344,703878
2003,345,611729
2003,346,543073
2003,347,536047
2003,348,508372
2003,349,464710
2003,350,446465
2003,351,429269
2003,352,693146
2003,353,419249
2003,354,480035
2003,355,390036
2003,356,489005
2003,357,465789
2003,358,360462
2003,359,549287
2003,360,761552
2003,361,648668
2003,362,1780347
2003,363,651135
2003,364,548614
2003,365,440051
2003,366,426336
2004,1,1562697
2004,2,1812509
2004,3,614997
2004,4,3306413
2004,5,2685094
2004,6,1061240
2004,7,985408
2004,8,4806260
2004,9,1505432
2004,10,1372123
2004,11,1097670
2004,12,1449999
2004,13,2489019
2004,14,1251530
2004,15,1222966
2004,16,921905
2004,17,799268
2004,18,1034807
2004,19,1148993
2004,20,1057126
2004,21,10925359
2004,22,2125090
2004,23,3285163
2004,24,1561548
2004,25,1355640
2004,26,1187091
2004,27,1044262
2004,28,919325
2004,29,825806
2004,30,749648
2004,31,685661
2004,32,632655
2004,33,588044
2004,34,546664
2004,35,510972
2004,36,555135
2004,37,480291
2004,38,620921
2004,39,421699
2004,40,399233
2004,41,515003
2004,42,412129
2004,43,362700
2004,44,338413
2004,45,325099
2004,46,312924
2004,47,305612
2004,48,291440
2004,49,451676
2004,50,277121
2004,51,267929
2004,52,1805257
2004,53,1893660
2004,54,3273271
2004,55,501153
2004,56,469877
2004,57,471697
2004,58,772973
2004,59,476531
2004,60,457083
2004,61,437196
2004,62,424045
2004,63,711306
2004,64,432972
2004,65,459693
2004,66,1487748
2004,67,1621500
2004,68,1864564
2004,69,688379
2004,70,606864
2004,71,1423132
2004,72,726017
2004,73,1670947
2004,74,615482
2004,75,660880
2004,76,517060
2004,77,470670
2004,78,1097221
2004,79,574354
2004,80,469395
2004,81,426833
2004,82,386592
2004,83,350662
2004,84,396121
2004,85,309252
2004,86,289060
2004,87,271981
2004,88,297315
2004,89,335942
2004,90,239590
2004,91,338883
2004,92,466623
2004,93,235282
2004,94,1342648
2004,95,1068953
2004,96,857538
2004,97,601976
2004,98,333097
2004,99,326149
2004,100,317582
2004,101,307295
2004,102,297010
2004,103,286694
2004,104,275094
2004,105,299383
2004,106,1194314
2004,107,508980
2004,108,2318562
2004,109,560503
2004,110,512927
2004,111,2086368
2004,112,1394842
2004,113,650423
2004,114,602032
2004,115,2232432
2004,116,7336298
2004,117,1434134
2004,118,2178154
2004,119,1430646
2004,120,2378500
2004,121,1774670
2004,122,1354936
2004,123,1149039
2004,124,1174493
2004,125,975037
2004,126,886164
2004,127,1428453
2004,128,882626
2004,129,814879
2004,130,746463
2004,131,670188
2004,132,610267
2004,133,561287
2004,134,522570
2004,135,489301
2004,136,461185
2004,137,2625976
2004,138,713855
2004,139,820403
2004,140,1153344
2004,141,662585
2004,142,639519
2004,143,617958
2004,144,596664
2004,145,606981
2004,146,564868
2004,147,550219
2004,148,535260
2004,149,902434
2004,150,4237379
2004,151,1557798
2004,152,4591934
2004,153,1416529
2004,154,1345328
2004,155,1256967
2004,156,1175111
2004,157,1094445
2004,158,1023796
2004,159,1789682
2004,160,1603265
2004,161,1112429
2004,162,1060122
2004,163,1015289
2004,164,967558
2004,165,1074582
2004,166,1235545
2004,167,987501
2004,168,827057
2004,169,774399
2004,170,745693
2004,171,693084
2004,172,700486
2004,173,2952481
2004,174,953036
2004,175,882974
2004,176,850807
2004,177,820859
2004,178,1496622
2004,179,869054
2004,180,845785
2004,181,823264
2004,182,3376498
2004,183,1180971
2004,184,1124473
2004,185,1098534
2004,186,1070550
2004,187,1040773
2004,188,979512
2004,189,1226573
2004,190,935069
2004,191,891735
2004,192,852493
2004,193,810476
2004,194,1499670
2004,195,4852656
2004,196,1437485
2004,197,1324332
2004,198,3174778
2004,199,1313650
2004,200,1216850
2004,201,3894079
2004,202,1336033
2004,203,1232509
2004,204,1137499
2004,205,1055931
2004,206,985033
2004,207,952786
2004,208,3061860
2004,209,1183588
2004,210,1063877
2004,211,967289
2004,212,891131
2004,213,822304
2004,214,1063687
2004,215,755130
2004,216,708585
2004,217,740391
2004,218,753362
2004,219,1776773
2004,220,1273000
2004,221,805922
2004,222,792566
2004,223,760940
2004,224,734066
2004,225,711627
2004,226,691969
2004,227,673200
2004,228,655132
2004,229,636645
2004,230,619380
2004,231,600478
2004,232,578488
2004,233,555033
2004,234,525727
2004,235,497719
2004,236,472797
2004,237,449978
2004,238,429227
2004,239,410423
2004,240,393028
2004,241,376849
2004,242,361610
2004,243,347300
2004,244,333970
2004,245,321518
2004,246,309830
2004,247,298821
2004,248,288428
2004,249,398751
2004,250,274126
2004,251,265169
2004,252,4128201
2004,253,509638
2004,254,420796
2004,255,431565
2004,256,438120
2004,257,441043
2004,258,441214
2004,259,438498
2004,260,433118
2004,261,426296
2004,262,418810
2004,263,409901
2004,264,398212
2004,265,385632
2004,266,372428
2004,267,344321
2004,268,319886
2004,269,299366
2004,270,536420
2004,271,287525
2004,272,271222
2004,273,257843
2004,274,245746
2004,275,234712
2004,276,224510
2004,277,241189
2004,278,209002
2004,279,348517
2004,280,371613
2004,281,821442
2004,282,536676
2004,283,324812
2004,284,396157
2004,285,503842
2004,286,626080
2004,287,816333
2004,288,1051175
2004,289,1354282
2004,290,1719752
2004,291,3831396
2004,292,2114110
2004,293,3630504
2004,294,2656533
2004,295,1986888
2004,296,1551016
2004,297,1428714
2004,298,1306788
2004,299,1361010
2004,300,1146458
2004,301,962279
2004,302,970804
2004,303,789221
2004,304,714100
2004,305,657671
2004,306,608731
2004,307,1457197
2004,308,850536
2004,309,641605
2004,310,830151
2004,311,574278
2004,312,539419
2004,313,508818
2004,314,920336
2004,315,505540
2004,316,483213
2004,317,486905
2004,318,1938034
2004,319,2187198
2004,320,787436
2004,321,737045
2004,322,707335
2004,323,671795
2004,324,631771
2004,325,588855
2004,326,550934
2004,327,599498
2004,328,638687
2004,329,826142
2004,330,510462
2004,331,957207
2004,332,2656092
2004,333,825528
2004,334,715141
2004,335,658670
2004,336,605101
2004,337,556914
2004,338,1878446
2004,339,879728
2004,340,647777
2004,341,719663
2004,342,594669
2004,343,654433
2004,344,623219
2004,345,940554
2004,346,544566
2004,347,492206
2004,348,449899
2004,349,415531
2004,350,602754
2004,351,886831
2004,352,433430
2004,353,487734
2004,354,524144
2004,355,543763
2004,356,360669
2004,357,372809
2004,358,340179
2004,359,325034
2004,360,352806
2004,361,311724
2004,362,1108786
2004,363,343036
2004,364,326781
2004,365,290906
2004,366,275993
2005,1,679605
2005,2,464386
2005,3,344165
2005,4,311473
2005,5,285817
2005,6,2998007
2005,7,642609
2005,8,454150
2005,9,438056
2005,10,414792
2005,11,640527
2005,12,1073988
2005,13,437276
2005,14,413007
2005,15,999749
2005,16,1071736
2005,17,474761
2005,18,1777996
2005,19,599916
2005,20,518515
2005,21,452728
2005,22,402422
2005,23,1031800
2005,24,434027
2005,25,375573
2005,26,584797
2005,27,341311
2005,28,312026
2005,29,615814
2005,30,305589
2005,31,287674
2005,32,472286
2005,33,269947
2005,34,241328
2005,35,245748
2005,36,232579
2005,37,210104
2005,38,444588
2005,39,201230
2005,40,190815
2005,41,181975
2005,42,175632
2005,43,5565918
2005,44,414078
2005,45,4801775
2005,46,687519
2005,47,645676
2005,48,682586
2005,49,2074182
2005,50,799486
2005,51,678280
2005,52,623492
2005,53,661190
2005,54,2775569
2005,55,868956
2005,56,953619
2005,57,815522
2005,58,2099567
2005,59,885911
2005,60,677687
2005,61,573285
2005,62,942323
2005,63,1829167
2005,64,722852
2005,65,567560
2005,66,1391258
2005,67,614522
2005,68,537974
2005,69,486166
2005,70,444730
2005,71,409654
2005,72,381952
2005,73,468644
2005,74,7360909
2005,75,1822234
2005,76,985078
2005,77,917623
2005,78,826919
2005,79,749974
2005,80,683813
2005,81,738586
2005,82,2088314
2005,83,2869984
2005,84,991165
2005,85,915920
2005,86,841008
2005,87,771010
2005,88,708198
2005,89,617270
2005,90,716886
2005,91,527004
2005,92,661422
2005,93,471459
2005,94,440412
2005,95,415138
2005,96,393382
2005,97,371855
2005,98,351775
2005,99,335394
2005,100,321808
2005,101,622029
2005,102,477769
2005,103,313037
2005,104,301574
2005,105,290775
2005,106,280877
2005,107,280966
2005,108,307170
2005,109,263327
2005,110,1429802
2005,111,12289858
2005,112,728142
2005,113,851931
2005,114,947856
2005,115,1002790
2005,116,1001377
2005,117,970319
2005,118,928705
2005,119,880757
2005,120,1089185
2005,121,11099441
2005,122,2331076
2005,123,2464192
2005,124,1991868
2005,125,2223932
2005,126,1553152
2005,127,1320540
2005,128,1158715
2005,129,1039692
2005,130,945673
2005,131,868540
2005,132,804855
2005,133,752794
2005,134,709675
2005,135,671778
2005,136,709695
2005,137,1100080
2005,138,1037272
2005,139,744374
2005,140,610348
2005,141,1103789
2005,142,1174215
2005,143,811887
2005,144,921900
2005,145,656081
2005,146,634155
2005,147,643030
2005,148,607405
2005,149,590906
2005,150,574409
2005,151,557286
2005,152,924553
2005,153,1170593
2005,154,627891
2005,155,601927
2005,156,576718
2005,157,545054
2005,158,1461608
2005,159,645584
2005,160,598321
2005,161,574539
2005,162,552264
2005,163,533016
2005,164,515706
2005,165,499017
2005,166,1579521
2005,167,642462
2005,168,599444
2005,169,582612
2005,170,566343
2005,171,550848
2005,172,535481
2005,173,533575
2005,174,883812
2005,175,526390
2005,176,563300
2005,177,505244
2005,178,1198305
2005,179,911465
2005,180,596861
2005,181,744635
2005,182,5693312
2005,183,1130095
2005,184,1485899
2005,185,4974097
2005,186,1578697
2005,187,1551940
2005,188,1507172
2005,189,1439004
2005,190,1382359
2005,191,2280896
2005,192,1467131
2005,193,2704138
2005,194,3704480
2005,195,1910068
2005,196,1802362
2005,197,1633072
2005,198,1438105
2005,199,1318086
2005,200,1200896
2005,201,1106149
2005,202,1027735
2005,203,962159
2005,204,907547
2005,205,860560
2005,206,813900
2005,207,2866848
2005,208,1040951
2005,209,967500
2005,210,901856
2005,211,847384
2005,212,801833
2005,213,760942
2005,214,722613
2005,215,687040
2005,216,654235
2005,217,626790
2005,218,1189566
2005,219,713595
2005,220,3481008
2005,221,2043295
2005,222,1046341
2005,223,4303872
2005,224,1077461
2005,225,1022019
2005,226,1893265
2005,227,1186109
2005,228,1543231
2005,229,5966322
2005,230,1779852
2005,231,1755454
2005,232,1711182
2005,233,1647421
2005,234,1580628
2005,235,1475614
2005,236,1377458
2005,237,1294614
2005,238,1204109
2005,239,1129528
2005,240,1056570
2005,241,977158
2005,242,909359
2005,243,850997
2005,244,788207
2005,245,734860
2005,246,688990
2005,247,649037
2005,248,613557
2005,249,581666
2005,250,552596
2005,251,525877
2005,252,501170
2005,253,478220
2005,254,456920
2005,255,526237
2005,256,498790
2005,257,408439
2005,258,392140
2005,259,376818
2005,260,2336972
2005,261,424607
2005,262,768478
2005,263,432567
2005,264,432357
2005,265,432728
2005,266,542106
2005,267,512471
2005,268,532044
2005,269,461784
2005,270,462453
2005,271,461457
2005,272,458078
2005,273,452101
2005,274,474625
2005,275,0
2005,276,439861
2005,277,408063
2005,278,387424
2005,279,368673
2005,280,351193
2005,281,334741
2005,282,358446
2005,283,544024
2005,284,310119
2005,285,297112
2005,286,340019
2005,287,281879
2005,288,265715
2005,289,255571
2005,290,246008
2005,291,236995
2005,292,228478
2005,293,220375
2005,294,216263
2005,295,592630
2005,296,311664
2005,297,481889
2005,298,6437242
2005,299,1690597
2005,300,1790916
2005,301,2094856
2005,302,4890218
2005,303,12774920
2005,304,2188235
2005,305,2008182
2005,306,1935920
2005,307,2340437
2005,308,12317657
2005,309,4927282
2005,310,3043408
2005,311,2633392
2005,312,2272339
2005,313,3212264
2005,314,2017931
2005,315,1722575
2005,316,1509904
2005,317,1334364
2005,318,1185371
2005,319,1073464
2005,320,984412
2005,321,912646
2005,322,852329
2005,323,791104
2005,324,739228
2005,325,695497
2005,326,657865
2005,327,625341
2005,328,816404
2005,329,1409126
2005,330,639488
2005,331,591130
2005,332,662604
2005,333,653339
2005,334,536142
2005,335,514332
2005,336,949349
2005,337,608491
2005,338,588435
2005,339,494482
2005,340,478320
2005,341,463127
2005,342,448249
2005,343,431836
2005,344,412173
2005,345,393847
2005,346,376719
2005,347,360608
2005,348,345984
2005,349,332970
2005,350,586151
2005,351,459828
2005,352,322602
2005,353,307113
2005,354,295433
2005,355,298472
2005,356,745407
2005,357,316878
2005,358,284206
2005,359,286745
2005,360,295745
2005,361,279224
2005,362,250206
2005,363,241670
2005,364,656015
2005,365,380764
2005,366,248638
2006,1,237984
2006,2,228025
2006,3,220599
2006,4,509813
2006,5,259201
2006,6,211132
2006,7,1192057
2006,8,249043
2006,9,239230
2006,10,388177
2006,11,344028
2006,12,375018
2006,13,225356
2006,14,212761
2006,15,191188
2006,16,200374
2006,17,253110
2006,18,170162
2006,19,160729
2006,20,152842
2006,21,145787
2006,22,138164
2006,23,131730
2006,24,126306
2006,25,121467
2006,26,117097
2006,27,113157
2006,28,125095
2006,29,108380
2006,30,417104
2006,31,245314
2006,32,205305
2006,33,260972
2006,34,104922
2006,35,101586
2006,36,814572
2006,37,342391
2006,38,1490472
2006,39,3097804
2006,40,318135
2006,41,316959
2006,42,323547
2006,43,408141
2006,44,1138416
2006,45,618678
2006,46,891312
2006,47,1232716
2006,48,2866934
2006,49,997233
2006,50,694738
2006,51,576832
2006,52,558366
2006,53,450219
2006,54,352107
2006,55,299548
2006,56,883398
2006,57,368250
2006,58,495495
2006,59,279543
2006,60,249350
2006,61,224113
2006,62,203035
2006,63,184222
2006,64,201181
2006,65,161885
2006,66,153207
2006,67,146938
2006,68,141031
2006,69,179527
2006,70,593954
2006,71,236233
2006,72,145924
2006,73,202401
2006,74,141265
2006,75,134591
2006,76,183570
2006,77,124660
2006,78,323715
2006,79,202911
2006,80,124424
2006,81,310402
2006,82,125764
2006,83,122125
2006,84,118770
2006,85,114606
2006,86,110921
2006,87,107693
2006,88,104722
2006,89,199940
2006,90,381590
2006,91,122736
2006,92,124710
2006,93,116660
2006,94,102424
2006,95,99030.3
2006,96,96189
2006,97,93745
2006,98,91550.4
2006,99,89561.6
2006,100,87738.9
2006,101,86037.3
2006,102,84432.3
2006,103,82916.5
2006,104,81412.5
2006,105,79868.8
2006,106,78428.2
2006,107,125628
2006,108,93798.6
2006,109,219244
2006,110,80089.8
2006,111,74158.2
2006,112,72795
2006,113,71473
2006,114,70198.3
2006,115,68971.8
2006,116,67781.4
2006,117,66634.5
2006,118,65524.4
2006,119,243548
2006,120,73316.3
2006,121,64737.7
2006,122,117766
2006,123,63649.4
2006,124,62489.2
2006,125,61344.7
2006,126,60232.8
2006,127,59164.3
2006,128,58133.4
2006,129,57134.3
2006,130,4650126
2006,131,14789976
2006,132,681791
2006,133,736636
2006,134,1104438
2006,135,1520962
2006,136,2992600
2006,137,1349287
2006,138,1286422
2006,139,1230285
2006,140,1160214
2006,141,1078735
2006,142,994321
2006,143,918692
2006,144,1698374
2006,145,3309670
2006,146,1439130
2006,147,2172728
2006,148,3849773
2006,149,1574744
2006,150,1285814
2006,151,1123824
2006,152,1004331
2006,153,913613
2006,154,841715
2006,155,825036
2006,156,744361
2006,157,705847
2006,158,672291
2006,159,636622
2006,160,850948
2006,161,609362
2006,162,576384
2006,163,851849
2006,164,574438
2006,165,531134
2006,166,508479
2006,167,488445
2006,168,470205
2006,169,525062
2006,170,1695858
2006,171,562337
2006,172,550847
2006,173,544394
2006,174,537687
2006,175,1723316
2006,176,1084728
2006,177,737356
2006,178,731847
2006,179,708282
2006,180,705293
2006,181,699334
2006,182,704454
2006,183,3536967
2006,184,1097508
2006,185,1059345
2006,186,1029689
2006,187,977021
2006,188,1047716
2006,189,896996
2006,190,853545
2006,191,812598
2006,192,776111
2006,193,742750
2006,194,712295
2006,195,684362
2006,196,658384
2006,197,634713
2006,198,598022
2006,199,563357
2006,200,3052100
2006,201,721262
2006,202,685988
2006,203,654035
2006,204,625555
2006,205,599320
2006,206,574382
2006,207,550445
2006,208,527176
2006,209,2790459
2006,210,728659
2006,211,661440
2006,212,638060
2006,213,1689150
2006,214,695413
2006,215,929533
2006,216,639199
2006,217,4898904
2006,218,2220238
2006,219,1058622
2006,220,1087922
2006,221,1022355
2006,222,1002284
2006,223,979073
2006,224,927704
2006,225,881529
2006,226,1855037
2006,227,994719
2006,228,944142
2006,229,2080484
2006,230,1077218
2006,231,1036693
2006,232,989767
2006,233,4251848
2006,234,1383412
2006,235,1305557
2006,236,1233970
2006,237,1569272
2006,238,2478093
2006,239,1712573
2006,240,1419134
2006,241,1298064
2006,242,1232938
2006,243,1172495
2006,244,1712352
2006,245,1211662
2006,246,1754689
2006,247,1185483
2006,248,1241285
2006,249,3753263
2006,250,4761057
2006,251,1816233
2006,252,1655710
2006,253,1552228
2006,254,1457834
2006,255,1375106
2006,256,1301982
2006,257,1416095
2006,258,1214458
2006,259,1154465
2006,260,1099553
2006,261,1043064
2006,262,991563
2006,263,1052594
2006,264,903348
2006,265,836171
2006,266,779522
2006,267,730803
2006,268,688094
2006,269,706032
2006,270,621645
2006,271,591094
2006,272,562933
2006,273,537464
2006,274,513885
2006,275,0
2006,276,491969
2006,277,714246
2006,278,465997
2006,279,447660
2006,280,430434
2006,281,414196
2006,282,398869
2006,283,384341
2006,284,370388
2006,285,356736
2006,286,343704
2006,287,1460715
2006,288,651904
2006,289,472353
2006,290,479260
2006,291,542601
2006,292,587699
2006,293,725102
2006,294,896186
2006,295,1144670
2006,296,1194385
2006,297,1434174
2006,298,993769
2006,299,751397
2006,300,766385
2006,301,749641
2006,302,716793
2006,303,680320
2006,304,642278
2006,305,603085
2006,306,626052
2006,307,571111
2006,308,507086
2006,309,1060396
2006,310,550722
2006,311,581567
2006,312,471272
2006,313,775804
2006,314,1200784
2006,315,523504
2006,316,480204
2006,317,450005
2006,318,421722
2006,319,454768
2006,320,467298
2006,321,366511
2006,322,345914
2006,323,328915
2006,324,310308
2006,325,293392
2006,326,277710
2006,327,580562
2006,328,3842107
2006,329,671783
2006,330,1206119
2006,331,670774
2006,332,561889
2006,333,540833
2006,334,516463
2006,335,491159
2006,336,466059
2006,337,440784
2006,338,415754
2006,339,391437
2006,340,368243
2006,341,345765
2006,342,323507
2006,343,295513
2006,344,273455
2006,345,254577
2006,346,238724
2006,347,1537456
2006,348,340233
2006,349,444881
2006,350,307828
2006,351,727091
2006,352,324616
2006,353,282664
2006,354,504135
2006,355,405931
2006,356,273958
2006,357,262897
2006,358,252143
2006,359,242514
2006,360,232537
2006,361,222104
2006,362,493275
2006,363,220594
2006,364,204580
2006,365,191703
2006,366,255838
2007,1,180532
2007,2,576982
2007,3,846748
2007,4,413964
2007,5,286865
2007,6,210201
2007,7,199899
2007,8,284062
2007,9,269601
2007,10,440047
2007,11,194577
2007,12,185770
2007,13,177627
2007,14,169603
2007,15,297426
2007,16,171312
2007,17,156527
2007,18,146819
2007,19,138216
2007,20,180333
2007,21,154499
2007,22,123671
2007,23,748165
2007,24,297399
2007,25,170110
2007,26,7833388
2007,27,18186962
2007,28,30457696
2007,29,5780976
2007,30,2784971
2007,31,2233547
2007,32,1767728
2007,33,1749977
2007,34,1617776
2007,35,1525589
2007,36,3311338
2007,37,1548727
2007,38,1275157
2007,39,1085409
2007,40,1423485
2007,41,920668
2007,42,784586
2007,43,1078319
2007,44,762010
2007,45,583642
2007,46,860028
2007,47,525687
2007,48,483123
2007,49,708110
2007,50,450415
2007,51,422289
2007,52,997216
2007,53,1335826
2007,54,471852
2007,55,446501
2007,56,747474
2007,57,490164
2007,58,967313
2007,59,698042
2007,60,435490
2007,61,410828
2007,62,418253
2007,63,372674
2007,64,352723
2007,65,341666
2007,66,321966
2007,67,307877
2007,68,294477
2007,69,293183
2007,70,273603
2007,71,264536
2007,72,256360
2007,73,248714
2007,74,241743
2007,75,235326
2007,76,229484
2007,77,353771
2007,78,221036
2007,79,214991
2007,80,209810
2007,81,256398
2007,82,201178
2007,83,196306
2007,84,191958
2007,85,188769
2007,86,205724
2007,87,272952
2007,88,177589
2007,89,3090215
2007,90,296459
2007,91,1783925
2007,92,285965
2007,93,305036
2007,94,2142118
2007,95,5554398
2007,96,881225
2007,97,850595
2007,98,1267098
2007,99,905705
2007,100,871582
2007,101,847921
2007,102,763664
2007,103,703232
2007,104,612292
2007,105,544709
2007,106,552851
2007,107,3249106
2007,108,2008249
2007,109,1238866
2007,110,856677
2007,111,734044
2007,112,657694
2007,113,579865
2007,114,530318
2007,115,495348
2007,116,591660
2007,117,481263
2007,118,423868
2007,119,401497
2007,120,381484
2007,121,1890267
2007,122,537634
2007,123,527017
2007,124,575476
2007,125,443191
2007,126,416908
2007,127,1460468
2007,128,652370
2007,129,823451
2007,130,513656
2007,131,491233
2007,132,471585
2007,133,451850
2007,134,508841
2007,135,432399
2007,136,404435
2007,137,384285
2007,138,366395
2007,139,349665
2007,140,1691670
2007,141,485387
2007,142,705192
2007,143,1375125
2007,144,540003
2007,145,678805
2007,146,518618
2007,147,502184
2007,148,487021
2007,149,471774
2007,150,1430938
2007,151,4434638
2007,152,1026616
2007,153,1028159
2007,154,1011942
2007,155,1579620
2007,156,1769242
2007,157,1069829
2007,158,1002395
2007,159,942250
2007,160,884963
2007,161,854103
2007,162,4510015
2007,163,1398562
2007,164,1315897
2007,165,1217648
2007,166,1920620
2007,167,1379245
2007,168,1095880
2007,169,1013369
2007,170,7540692
2007,171,1856184
2007,172,1735902
2007,173,1629714
2007,174,1533823
2007,175,1448222
2007,176,1965495
2007,177,2300142
2007,178,1462416
2007,179,1362273
2007,180,1277839
2007,181,1195804
2007,182,1122288
2007,183,1058383
2007,184,1001226
2007,185,1278959
2007,186,928217
2007,187,874007
2007,188,823145
2007,189,781273
2007,190,744018
2007,191,708185
2007,192,673368
2007,193,642582
2007,194,614471
2007,195,588491
2007,196,564469
2007,197,780430
2007,198,546620
2007,199,526981
2007,200,506462
2007,201,486233
2007,202,466967
2007,203,449178
2007,204,433369
2007,205,418882
2007,206,1771764
2007,207,839267
2007,208,526651
2007,209,1566024
2007,210,692882
2007,211,635612
2007,212,638461
2007,213,638461
2007,214,635839
2007,215,643498
2007,216,2799545
2007,217,921642
2007,218,929180
2007,219,951683
2007,220,1292079
2007,221,1380376
2007,222,2527049
2007,223,2850867
2007,224,1375391
2007,225,1296300
2007,226,1224754
2007,227,1160978
2007,228,1329546
2007,229,1310582
2007,230,1157671
2007,231,1038385
2007,232,946628
2007,233,890878
2007,234,840892
2007,235,794336
2007,236,751188
2007,237,706019
2007,238,661275
2007,239,622451
2007,240,588587
2007,241,558861
2007,242,532108
2007,243,506931
2007,244,480182
2007,245,456901
2007,246,435650
2007,247,416114
2007,248,580724
2007,249,392417
2007,250,376958
2007,251,362805
2007,252,349660
2007,253,337224
2007,254,325468
2007,255,314356
2007,256,303768
2007,257,293722
2007,258,284193
2007,259,275124
2007,260,266557
2007,261,258510
2007,262,250922
2007,263,243345
2007,264,236101
2007,265,229216
2007,266,326436
2007,267,219546
2007,268,381216
2007,269,212866
2007,270,207492
2007,271,250761
2007,272,249988
2007,273,195466
2007,274,190722
2007,275,0
2007,276,1316567
2007,277,5167762
2007,278,501656
2007,279,438363
2007,280,469464
2007,281,493985
2007,282,509416
2007,283,517152
2007,284,517017
2007,285,901652
2007,286,576782
2007,287,576459
2007,288,568450
2007,289,599385
2007,290,1433685
2007,291,3562225
2007,292,867278
2007,293,759991
2007,294,713859
2007,295,651640
2007,296,567301
2007,297,884281
2007,298,1460456
2007,299,1195846
2007,300,984132
2007,301,1121209
2007,302,1370567
2007,303,1552158
2007,304,1860492
2007,305,2235242
2007,306,2662542
2007,307,4296694
2007,308,4193146
2007,309,2932585
2007,310,2728085
2007,311,1814369
2007,312,1675846
2007,313,1547845
2007,314,1429405
2007,315,1323508
2007,316,1217454
2007,317,1489495
2007,318,2685357
2007,319,1372335
2007,320,1607786
2007,321,8827359
2007,322,4322332
2007,323,2249584
2007,324,1968625
2007,325,1756033
2007,326,1583632
2007,327,1439645
2007,328,1316362
2007,329,1209121
2007,330,1117396
2007,331,1530758
2007,332,1777993
2007,333,1900978
2007,334,1214178
2007,335,1112337
2007,336,1003564
2007,337,1296244
2007,338,902406
2007,339,836628
2007,340,782579
2007,341,735712
2007,342,695277
2007,343,659964
2007,344,627709
2007,345,597624
2007,346,607083
2007,347,544372
2007,348,701147
2007,349,508258
2007,350,485805
2007,351,464987
2007,352,670326
2007,353,446058
2007,354,427080
2007,355,408034
2007,356,403992
2007,357,375321
2007,358,361579
2007,359,348608
2007,360,336351
2007,361,324673
2007,362,423199
2007,363,405773
2007,364,298156
2007,365,287997
2007,366,278419
2008,1,390305
2008,2,513475
2008,3,260533
2008,4,852792
2008,5,411974
2008,6,260326
2008,7,251016
2008,8,242140
2008,9,294288
2008,10,228834
2008,11,576043
2008,12,269224
2008,13,696961
2008,14,643428
2008,15,263868
2008,16,254841
2008,17,242439
2008,18,229993
2008,19,214479
2008,20,1752541
2008,21,924689
2008,22,415397
2008,23,325489
2008,24,308444
2008,25,291404
2008,26,405927
2008,27,261516
2008,28,779626
2008,29,640462
2008,30,372312
2008,31,267845
2008,32,247078
2008,33,230049
2008,34,215179
2008,35,1401982
2008,36,1600272
2008,37,376952
2008,38,338516
2008,39,304704
2008,40,274108
2008,41,266347
2008,42,326178
2008,43,217024
2008,44,198680
2008,45,183444
2008,46,170599
2008,47,197974
2008,48,161985
2008,49,193686
2008,50,239167
2008,51,144366
2008,52,131025
2008,53,124616
2008,54,143441
2008,55,118969
2008,56,137132
2008,57,115913
2008,58,287865
2008,59,108884
2008,60,715195
2008,61,602186
2008,62,221665
2008,63,128540
2008,64,124384
2008,65,119376
2008,66,114716
2008,67,333072
2008,68,182833
2008,69,158923
2008,70,338432
2008,71,754908
2008,72,284790
2008,73,160324
2008,74,152672
2008,75,140754
2008,76,129080
2008,77,119488
2008,78,161681
2008,79,117866
2008,80,103486
2008,81,430814
2008,82,1170099
2008,83,3076578
2008,84,451141
2008,85,363890
2008,86,339890
2008,87,1176048
2008,88,1331032
2008,89,428929
2008,90,399889
2008,91,369448
2008,92,357915
2008,93,315023
2008,94,291612
2008,95,271260
2008,96,247840
2008,97,221009
2008,98,193208
2008,99,172097
2008,100,155783
2008,101,146828
2008,102,134529
2008,103,261329
2008,104,693954
2008,105,178466
2008,106,148095
2008,107,173385
2008,108,177676
2008,109,131296
2008,110,126420
2008,111,122033
2008,112,118043
2008,113,114328
2008,114,111751
2008,115,126087
2008,116,105580
2008,117,102938
2008,118,100151
2008,119,287555
2008,120,328225
2008,121,135236
2008,122,105872
2008,123,102644
2008,124,99650.8
2008,125,96888.1
2008,126,94239.1
2008,127,91702.9
2008,128,89362.3
2008,129,87217
2008,130,87379
2008,131,83406.6
2008,132,508745
2008,133,195946
2008,134,573431
2008,135,217924
2008,136,121935
2008,137,126768
2008,138,120666
2008,139,119236
2008,140,123169
2008,141,115585
2008,142,632176
2008,143,148994
2008,144,149431
2008,145,149068
2008,146,358531
2008,147,1054016
2008,148,573848
2008,149,3120407
2008,150,6653816
2008,151,965111
2008,152,1002870
2008,153,1014067
2008,154,1000596
2008,155,969306
2008,156,931091
2008,157,872926
2008,158,816860
2008,159,764765
2008,160,717996
2008,161,673128
2008,162,622283
2008,163,809957
2008,164,626280
2008,165,520278
2008,166,468902
2008,167,557356
2008,168,413652
2008,169,396283
2008,170,746916
2008,171,391389
2008,172,1209752
2008,173,1151868
2008,174,993543
2008,175,559677
2008,176,2384400
2008,177,1017003
2008,178,820904
2008,179,783191
2008,180,834043
2008,181,775021
2008,182,760243
2008,183,1944532
2008,184,1700672
2008,185,1041542
2008,186,1010537
2008,187,991514
2008,188,910840
2008,189,873444
2008,190,815240
2008,191,762396
2008,192,759041
2008,193,794740
2008,194,667919
2008,195,845400
2008,196,637805
2008,197,771716
2008,198,634117
2008,199,548524
2008,200,595915
2008,201,1138308
2008,202,533204
2008,203,4493363
2008,204,1754150
2008,205,840424
2008,206,818126
2008,207,791886
2008,208,760009
2008,209,728231
2008,210,822703
2008,211,3293283
2008,212,1318338
2008,213,913364
2008,214,1377156
2008,215,958576
2008,216,950980
2008,217,870924
2008,218,819162
2008,219,771606
2008,220,739526
2008,221,695681
2008,222,662830
2008,223,632870
2008,224,735112
2008,225,862083
2008,226,1463169
2008,227,633318
2008,228,753936
2008,229,738852
2008,230,564515
2008,231,539334
2008,232,770545
2008,233,537555
2008,234,518523
2008,235,503851
2008,236,490349
2008,237,477533
2008,238,465090
2008,239,452397
2008,240,439460
2008,241,423208
2008,242,406906
2008,243,390887
2008,244,601819
2008,245,452158
2008,246,369179
2008,247,3535832
2008,248,544370
2008,249,536500
2008,250,533467
2008,251,699177
2008,252,1642586
2008,253,581988
2008,254,565021
2008,255,762960
2008,256,550038
2008,257,533772
2008,258,517677
2008,259,1720395
2008,260,680062
2008,261,673506
2008,262,637389
2008,263,827788
2008,264,1455787
2008,265,703776
2008,266,662987
2008,267,617392
2008,268,578803
2008,269,545033
2008,270,514614
2008,271,487789
2008,272,2816214
2008,273,676708
2008,274,633700
2008,275,595832
2008,276,788863
2008,277,551983
2008,278,519594
2008,279,5780914
2008,280,9821847
2008,281,1455968
2008,282,4152581
2008,283,5078382
2008,284,1667590
2008,285,1507274
2008,286,1384358
2008,287,1275016
2008,288,1195425
2008,289,1233634
2008,290,1144337
2008,291,1211889
2008,292,1133248
2008,293,1362681
2008,294,4488271
2008,295,2289952
2008,296,2432298
2008,297,2720998
2008,298,2951515
2008,299,3322758
2008,300,3804879
2008,301,4324834
2008,302,5142354
2008,303,5782479
2008,304,6516421
2008,305,5205874
2008,306,4631442
2008,307,3544434
2008,308,2822574
2008,309,3219710
2008,310,3197414
2008,311,2409992
2008,312,2119072
2008,313,1906471
2008,314,1731078
2008,315,1577725
2008,316,1442262
2008,317,1813081
2008,318,1361052
2008,319,1235882
2008,320,1131968
2008,321,1053664
2008,322,985662
2008,323,925506
2008,324,870271
2008,325,819515
2008,326,975908
2008,327,750988
2008,328,712406
2008,329,676992
2008,330,644249
2008,331,615867
2008,332,1078090
2008,333,620719
2008,334,2140885
2008,335,637244
2008,336,616906
2008,337,599422
2008,338,579800
2008,339,893882
2008,340,570761
2008,341,545897
2008,342,523952
2008,343,501330
2008,344,609169
2008,345,1268203
2008,346,548052
2008,347,723489
2008,348,708538
2008,349,509600
2008,350,494636
2008,351,513029
2008,352,1907974
2008,353,814187
2008,354,1354323
2008,355,603104
2008,356,1578514
2008,357,712072
2008,358,690080
2008,359,610536
2008,360,565739
2008,361,524184
2008,362,508096
2008,363,936920
2008,364,486302
2008,365,453206
2008,366,422258
2009,1,691495
2009,2,395625
2009,3,362034
2009,4,967885
2009,5,1091870
2009,6,471409
2009,7,381278
2009,8,348317
2009,9,319912
2009,10,295718
2009,11,373586
2009,12,265183
2009,13,248655
2009,14,234290
2009,15,367932
2009,16,229756
2009,17,370996
2009,18,210942
2009,19,226836
2009,20,190562
2009,21,181009
2009,22,172677
2009,23,167257
2009,24,323596
2009,25,159091
2009,26,152951
2009,27,174896
2009,28,257471
2009,29,226527
2009,30,252463
2009,31,158917
2009,32,143245
2009,33,194782
2009,34,225403
2009,35,371221
2009,36,387445
2009,37,154941
2009,38,420691
2009,39,218564
2009,40,384716
2009,41,141157
2009,42,135902
2009,43,129793
2009,44,683260
2009,45,477675
2009,46,163124
2009,47,286191
2009,48,158673
2009,49,145510
2009,50,134962
2009,51,196673
2009,52,121857
2009,53,146155
2009,54,1051625
2009,55,254317
2009,56,159471
2009,57,229615
2009,58,324808
2009,59,145541
2009,60,132652
2009,61,301824
2009,62,125102
2009,63,115978
2009,64,373597
2009,65,154874
2009,66,117377
2009,67,116656
2009,68,177980
2009,69,151198
2009,70,107691
2009,71,92377.2
2009,72,406163
2009,73,472120
2009,74,114523
2009,75,252470
2009,76,541541
2009,77,127939
2009,78,121259
2009,79,113701
2009,80,106798
2009,81,100703
2009,82,95678.6
2009,83,90991.3
2009,84,86523.3
2009,85,82486.5
2009,86,78848.3
2009,87,193069
2009,88,77806.5
2009,89,74054.1
2009,90,93506
2009,91,396682
2009,92,78920.5
2009,93,74768.5
2009,94,71357.6
2009,95,68464.6
2009,96,65917.9
2009,97,63666.7
2009,98,86232.2
2009,99,2287426
2009,100,136879
2009,101,143760
2009,102,1381396
2009,103,217847
2009,104,226006
2009,105,2208692
2009,106,378913
2009,107,369852
2009,108,355640
2009,109,341777
2009,110,326911
2009,111,311152
2009,112,296438
2009,113,281555
2009,114,246896
2009,115,218482
2009,116,195823
2009,117,174189
2009,118,338456
2009,119,377111
2009,120,1062667
2009,121,1691935
2009,122,353986
2009,123,938729
2009,124,529544
2009,125,361042
2009,126,345115
2009,127,382241
2009,128,351782
2009,129,311410
2009,130,299585
2009,131,288473
2009,132,276048
2009,133,260707
2009,134,246022
2009,135,227779
2009,136,207298
2009,137,190606
2009,138,175552
2009,139,162985
2009,140,153179
2009,141,145458
2009,142,138951
2009,143,133396
2009,144,128551
2009,145,124342
2009,146,120656
2009,147,127014
2009,148,2560385
2009,149,492068
2009,150,981035
2009,151,2503489
2009,152,532477
2009,153,513775
2009,154,550429
2009,155,575051
2009,156,589832
2009,157,596577
2009,158,595922
2009,159,715851
2009,160,636414
2009,161,580963
2009,162,573836
2009,163,510197
2009,164,467827
2009,165,582173
2009,166,432753
2009,167,935476
2009,168,466031
2009,169,1133447
2009,170,480524
2009,171,451960
2009,172,429166
2009,173,410489
2009,174,430115
2009,175,384497
2009,176,373392
2009,177,363724
2009,178,417711
2009,179,487012
2009,180,364178
2009,181,356463
2009,182,345428
2009,183,335130
2009,184,1990068
2009,185,1156223
2009,186,888980
2009,187,484591
2009,188,631900
2009,189,462117
2009,190,445171
2009,191,429113
2009,192,416681
2009,193,406529
2009,194,2420512
2009,195,11442516
2009,196,1816058
2009,197,1568219
2009,198,1473269
2009,199,1622263
2009,200,3634037
2009,201,1669764
2009,202,1227953
2009,203,2150735
2009,204,1145812
2009,205,1045424
2009,206,981700
2009,207,940175
2009,208,4349582
2009,209,1585098
2009,210,1409285
2009,211,1220202
2009,212,1122475
2009,213,959289
2009,214,881860
2009,215,815067
2009,216,762869
2009,217,720156
2009,218,680852
2009,219,647581
2009,220,618111
2009,221,592468
2009,222,901395
2009,223,581564
2009,224,551385
2009,225,542845
2009,226,503573
2009,227,483380
2009,228,465086
2009,229,448412
2009,230,433217
2009,231,419199
2009,232,406125
2009,233,393628
2009,234,381608
2009,235,370228
2009,236,359418
2009,237,348143
2009,238,337344
2009,239,327075
2009,240,317362
2009,241,308132
2009,242,299272
2009,243,290746
2009,244,282575
2009,245,274738
2009,246,267194
2009,247,259866
2009,248,314440
2009,249,311225
2009,250,242875
2009,251,236701
2009,252,230756
2009,253,224958
2009,254,219247
2009,255,213677
2009,256,215594
2009,257,262123
2009,258,199006
2009,259,193819
2009,260,194552
2009,261,184065
2009,262,179303
2009,263,174594
2009,264,355188
2009,265,170167
2009,266,165579
2009,267,161642
2009,268,161018
2009,269,154202
2009,270,150590
2009,271,147056
2009,272,143474
2009,273,630732
2009,274,148514
2009,275,0
2009,276,236733
2009,277,146491
2009,278,144750
2009,279,143028
2009,280,140564
2009,281,137874
2009,282,134927
2009,283,197241
2009,284,343944
2009,285,136974
2009,286,134485
2009,287,132000
2009,288,129721
2009,289,125965
2009,290,122368
2009,291,267686
2009,292,134945
2009,293,134301
2009,294,326006
2009,295,274665
2009,296,369890
2009,297,493868
2009,298,688217
2009,299,945141
2009,300,1274783
2009,301,2821432
2009,302,2821616
2009,303,3763856
2009,304,3754077
2009,305,1322142
2009,306,1301304
2009,307,2203936
2009,308,1309090
2009,309,4995339
2009,310,1741724
2009,311,1540433
2009,312,1569165
2009,313,1238136
2009,314,1092467
2009,315,962393
2009,316,841472
2009,317,1080219
2009,318,737794
2009,319,754186
2009,320,964806
2009,321,1551373
2009,322,724857
2009,323,663392
2009,324,600036
2009,325,550813
2009,326,1605968
2009,327,1078274
2009,328,654836
2009,329,614511
2009,330,575758
2009,331,545598
2009,332,512469
2009,333,481930
2009,334,454610
2009,335,430908
2009,336,408743
2009,337,679777
2009,338,657129
2009,339,743602
2009,340,1722322
2009,341,1023906
2009,342,2962264
2009,343,1026012
2009,344,719250
2009,345,693112
2009,346,632928
2009,347,603685
2009,348,577307
2009,349,547458
2009,350,1972605
2009,351,705166
2009,352,1901656
2009,353,925330
2009,354,764390
2009,355,699094
2009,356,637488
2009,357,572629
2009,358,519305
2009,359,577707
2009,360,507763
2009,361,429706
2009,362,650572
2009,363,413963
2009,364,862845
2009,365,858288
2009,366,435034
2010,1,412941
2010,2,378973
2010,3,426780
2010,4,1343867
2010,5,575934
2010,6,1219517
2010,7,451007
2010,8,429027
2010,9,526164
2010,10,1232604
2010,11,1849806
2010,12,1180707
2010,13,618923
2010,14,1453542
2010,15,616175
2010,16,592334
2010,17,531530
2010,18,1727299
2010,19,2101135
2010,20,768156
2010,21,3163481
2010,22,935728
2010,23,836660
2010,24,748667
2010,25,662596
2010,26,582243
2010,27,828061
2010,28,516907
2010,29,516014
2010,30,446778
2010,31,869190
2010,32,1268906
2010,33,694868
2010,34,497637
2010,35,439821
2010,36,397181
2010,37,365554
2010,38,338315
2010,39,317184
2010,40,299977
2010,41,285191
2010,42,1925217
2010,43,384779
2010,44,364551
2010,45,346954
2010,46,326787
2010,47,303629
2010,48,443645
2010,49,279746
2010,50,264515
2010,51,251043
2010,52,334394
2010,53,313639
2010,54,650949
2010,55,311092
2010,56,315023
2010,57,425065
2010,58,253654
2010,59,221005
2010,60,585527
2010,61,222499
2010,62,618961
2010,63,431519
2010,64,3203772
2010,65,406890
2010,66,432699
2010,67,386832
2010,68,367597
2010,69,343488
2010,70,455110
2010,71,4250652
2010,72,690834
2010,73,1526687
2010,74,3013976
2010,75,1493122
2010,76,914919
2010,77,804655
2010,78,709613
2010,79,600811
2010,80,884813
2010,81,1090302
2010,82,825922
2010,83,2212801
2010,84,1173312
2010,85,782418
2010,86,648112
2010,87,567011
2010,88,500993
2010,89,704178
2010,90,2959454
2010,91,1950929
2010,92,787439
2010,93,727590
2010,94,677682
2010,95,627203
2010,96,576242
2010,97,531163
2010,98,483660
2010,99,443848
2010,100,412098
2010,101,386131
2010,102,502201
2010,103,367036
2010,104,2708390
2010,105,960745
2010,106,577103
2010,107,528942
2010,108,488796
2010,109,757081
2010,110,605121
2010,111,453592
2010,112,430802
2010,113,411302
2010,114,393260
2010,115,375689
2010,116,692019
2010,117,385037
2010,118,367966
2010,119,1353835
2010,120,883863
2010,121,511728
2010,122,442723
2010,123,417993
2010,124,396886
2010,125,396022
2010,126,362539
2010,127,343239
2010,128,328609
2010,129,316944
2010,130,470150
2010,131,310221
2010,132,693015
2010,133,373496
2010,134,319001
2010,135,302984
2010,136,288682
2010,137,276005
2010,138,1202700
2010,139,1128671
2010,140,1783456
2010,141,878197
2010,142,556767
2010,143,561480
2010,144,558933
2010,145,547112
2010,146,1535871
2010,147,3131918
2010,148,943305
2010,149,922740
2010,150,3185304
2010,151,3221850
2010,152,1460477
2010,153,1360656
2010,154,1321511
2010,155,1520816
2010,156,1091832
2010,157,997235
2010,158,920411
2010,159,880793
2010,160,808854
2010,161,755409
2010,162,696977
2010,163,647281
2010,164,604914
2010,165,571076
2010,166,528670
2010,167,494946
2010,168,501678
2010,169,455414
2010,170,426638
2010,171,407754
2010,172,390920
2010,173,1245394
2010,174,591726
2010,175,435936
2010,176,424909
2010,177,474493
2010,178,746292
2010,179,760510
2010,180,562808
2010,181,558992
2010,182,470977
2010,183,467818
2010,184,696791
2010,185,488682
2010,186,1932305
2010,187,1798262
2010,188,798085
2010,189,1416224
2010,190,859136
2010,191,846184
2010,192,1018363
2010,193,4726355
2010,194,1367311
2010,195,1327674
2010,196,1280478
2010,197,1983058
2010,198,1314258
2010,199,1247629
2010,200,1185183
2010,201,1108112
2010,202,1018630
2010,203,929628
2010,204,850791
2010,205,786835
2010,206,733977
2010,207,688860
2010,208,638601
2010,209,634503
2010,210,1916692
2010,211,660887
2010,212,618256
2010,213,582937
2010,214,552812
2010,215,526052
2010,216,501765
2010,217,480439
2010,218,461622
2010,219,444392
2010,220,428435
2010,221,413432
2010,222,399292
2010,223,386171
2010,224,373874
2010,225,359156
2010,226,345575
2010,227,332877
2010,228,320979
2010,229,309771
2010,230,299102
2010,231,288962
2010,232,2230271
2010,233,354234
2010,234,350656
2010,235,346941
2010,236,342996
2010,237,338652
2010,238,333877
2010,239,3474153
2010,240,2062313
2010,241,618908
2010,242,636446
2010,243,649432
2010,244,657603
2010,245,656839
2010,246,649566
2010,247,620385
2010,248,594991
2010,249,568274
2010,250,541220
2010,251,513572
2010,252,487086
2010,253,463598
2010,254,430901
2010,255,399955
2010,256,373885
2010,257,351534
2010,258,332132
2010,259,315080
2010,260,299992
2010,261,286447
2010,262,274063
2010,263,262706
2010,264,252194
2010,265,242471
2010,266,233583
2010,267,225373
2010,268,419629
2010,269,493253
2010,270,227901
2010,271,216348
2010,272,218603
2010,273,205359
2010,274,199976
2010,275,0
2010,276,194747
2010,277,229769
2010,278,238662
2010,279,184577
2010,280,180285
2010,281,175990
2010,282,171735
2010,283,167568
2010,284,163136
2010,285,158429
2010,286,166726
2010,287,520873
2010,288,1648151
2010,289,690449
2010,290,640096
2010,291,645279
2010,292,835729
2010,293,1073546
2010,294,1374261
2010,295,1757888
2010,296,2245478
2010,297,5286580
2010,298,3987177
2010,299,4640776
2010,300,5246390
2010,301,2297688
2010,302,2086729
2010,303,5252326
2010,304,2350870
2010,305,5387632
2010,306,2385488
2010,307,2022952
2010,308,1735215
2010,309,1508670
2010,310,1327967
2010,311,1178601
2010,312,1046208
2010,313,939267
2010,314,1329412
2010,315,881980
2010,316,814561
2010,317,758715
2010,318,706639
2010,319,677505
2010,320,627562
2010,321,600003
2010,322,1429452
2010,323,613626
2010,324,586769
2010,325,562239
2010,326,539401
2010,327,522648
2010,328,501051
2010,329,478836
2010,330,935402
2010,331,1559174
2010,332,1174858
2010,333,588442
2010,334,578842
2010,335,565365
2010,336,547284
2010,337,515785
2010,338,5499172
2010,339,1187138
2010,340,994526
2010,341,895873
2010,342,851769
2010,343,806886
2010,344,818247
2010,345,726666
2010,346,675428
2010,347,1949195
2010,348,803957
2010,349,744568
2010,350,762718
2010,351,654584
2010,352,603862
2010,353,722407
2010,354,891648
2010,355,540454
2010,356,498873
2010,357,463049
2010,358,433614
2010,359,449111
2010,360,437542
2010,361,374591
2010,362,353208
2010,363,450139
2010,364,326934
2010,365,444936
2010,366,305141
