RES_Nockamixon, Simulated, -75.22125,40.4620833333333
1995,1,3050.4
1995,2,5482.91
1995,3,9302.76
1995,4,14691
1995,5,25361.9
1995,6,18196.1
1995,7,20641.8
1995,8,25725
1995,9,26542.6
1995,10,38913.7
1995,11,188934
1995,12,91486.6
1995,13,240740
1995,14,236609
1995,15,56589.7
1995,16,264530
1995,17,176820
1995,18,64127.5
1995,19,60190.3
1995,20,58523.5
1995,21,56997
1995,22,55585.8
1995,23,110938
1995,24,142375
1995,25,77771.1
1995,26,65704.5
1995,27,63492.1
1995,28,55686.1
1995,29,62312.6
1995,30,70403.9
1995,31,56569.1
1995,32,52248
1995,33,54610.1
1995,34,58957.4
1995,35,124698
1995,36,108932
1995,37,63260.5
1995,38,58936.8
1995,39,55060.2
1995,40,56632.2
1995,41,53236.8
1995,42,51040.4
1995,43,50887.3
1995,44,50749.2
1995,45,118294
1995,46,98828
1995,47,52441.1
1995,48,51725.6
1995,49,51553.4
1995,50,64157.9
1995,51,55402.1
1995,52,51009.5
1995,53,50770.4
1995,54,50547.3
1995,55,50329.1
1995,56,71803.7
1995,57,76276
1995,58,50015.4
1995,59,49750.7
1995,60,49459.7
1995,61,48290.8
1995,62,50198.1
1995,63,47592.1
1995,64,200175
1995,65,219350
1995,66,70162.1
1995,67,103301
1995,68,55177.1
1995,69,43427.5
1995,70,212412
1995,71,562425
1995,72,227249
1995,73,122678
1995,74,87186.6
1995,75,60446.1
1995,76,79055.7
1995,77,93064.8
1995,78,71625.9
1995,79,62984.9
1995,80,64540.5
1995,81,109363
1995,82,197534
1995,83,309403
1995,84,133767
1995,85,74772.3
1995,86,69763.9
1995,87,82129.8
1995,88,67533.5
1995,89,56576.8
1995,90,52860.2
1995,91,102310
1995,92,1007590
1995,93,1267320
1995,94,262605
1995,95,156658
1995,96,159278
1995,97,153401
1995,98,147071
1995,99,139541
1995,100,197729
1995,101,276128
1995,102,153878
1995,103,474218
1995,104,499611
1995,105,204904
1995,106,182656
1995,107,206163
1995,108,308551
1995,109,413628
1995,110,388781
1995,111,186099
1995,112,261628
1995,113,197505
1995,114,240426
1995,115,191913
1995,116,141765
1995,117,133788
1995,118,124726
1995,119,129853
1995,120,116374
1995,121,100930
1995,122,103141
1995,123,104967
1995,124,89349.5
1995,125,75782.1
1995,126,70044.1
1995,127,64887.2
1995,128,280848
1995,129,229357
1995,130,78008.2
1995,131,71193.1
1995,132,68054.4
1995,133,64950.5
1995,134,61945.7
1995,135,59083.4
1995,136,56449
1995,137,64690.2
1995,138,385753
1995,139,215006
1995,140,72327.4
1995,141,186880
1995,142,144181
1995,143,99581.2
1995,144,79376.5
1995,145,77424.8
1995,146,75721.7
1995,147,73913.7
1995,148,72153.6
1995,149,82353.5
1995,150,204566
1995,151,310747
1995,152,602400
1995,153,336313
1995,154,162170
1995,155,202366
1995,156,1010740
1995,157,686166
1995,158,437180
1995,159,360422
1995,160,277540
1995,161,281670
1995,162,283897
1995,163,284368
1995,164,283740
1995,165,280390
1995,166,272867
1995,167,260253
1995,168,246949
1995,169,234232
1995,170,226028
1995,171,228772
1995,172,227501
1995,173,461229
1995,174,983136
1995,175,1074600
1995,176,439470
1995,177,329004
1995,178,385599
1995,179,334954
1995,180,305628
1995,181,316308
1995,182,701101
1995,183,585764
1995,184,350030
1995,185,342969
1995,186,335679
1995,187,328318
1995,188,318248
1995,189,302127
1995,190,282881
1995,191,265719
1995,192,250596
1995,193,395502
1995,194,337363
1995,195,240746
1995,196,228929
1995,197,306165
1995,198,829342
1995,199,466469
1995,200,251009
1995,201,243383
1995,202,854014
1995,203,364720
1995,204,245850
1995,205,236033
1995,206,227292
1995,207,219902
1995,208,211983
1995,209,204188
1995,210,197808
1995,211,191795
1995,212,334562
1995,213,1862700
1995,214,1170170
1995,215,336770
1995,216,531560
1995,217,558190
1995,218,345197
1995,219,317653
1995,220,301069
1995,221,363191
1995,222,295750
1995,223,285926
1995,224,279899
1995,225,273700
1995,226,267462
1995,227,260819
1995,228,247134
1995,229,232274
1995,230,222424
1995,231,206993
1995,232,194191
1995,233,182560
1995,234,172103
1995,235,162855
1995,236,154365
1995,237,156573
1995,238,139970
1995,239,133475
1995,240,127587
1995,241,122154
1995,242,117097
1995,243,112509
1995,244,108299
1995,245,104344
1995,246,100647
1995,247,97127.2
1995,248,93824.3
1995,249,90834.3
1995,250,88041.2
1995,251,85364.1
1995,252,708847
1995,253,492140
1995,254,113017
1995,255,112371
1995,256,142759
1995,257,709561
1995,258,135697
1995,259,137180
1995,260,138295
1995,261,145053
1995,262,140196
1995,263,149766
1995,264,137907
1995,265,136503
1995,266,134726
1995,267,140643
1995,268,521008
1995,269,546428
1995,270,195649
1995,271,158502
1995,272,150803
1995,273,144276
1995,274,295472
1995,275,0
1995,276,284894
1995,277,173368
1995,278,450939
1995,279,476750
1995,280,411721
1995,281,774478
1995,282,260423
1995,283,264414
1995,284,269147
1995,285,259154
1995,286,253258
1995,287,260356
1995,288,250772
1995,289,240050
1995,290,360940
1995,291,391542
1995,292,485295
1995,293,574137
1995,294,609359
1995,295,698415
1995,296,1326290
1995,297,1528810
1995,298,731733
1995,299,514730
1995,300,763486
1995,301,751919
1995,302,509782
1995,303,490274
1995,304,474460
1995,305,471644
1995,306,433370
1995,307,403271
1995,308,371766
1995,309,343821
1995,310,314876
1995,311,285567
1995,312,273664
1995,313,238464
1995,314,214323
1995,315,196170
1995,316,179272
1995,317,213154
1995,318,492341
1995,319,335324
1995,320,358458
1995,321,251397
1995,322,171023
1995,323,162223
1995,324,154341
1995,325,342969
1995,326,349466
1995,327,299724
1995,328,214069
1995,329,158731
1995,330,208756
1995,331,287003
1995,332,241339
1995,333,173502
1995,334,167148
1995,335,192544
1995,336,151024
1995,337,132590
1995,338,125573
1995,339,119206
1995,340,112531
1995,341,105624
1995,342,99198.3
1995,343,98702
1995,344,109911
1995,345,90902.1
1995,346,83683.6
1995,347,78564
1995,348,74058.5
1995,349,70666.4
1995,350,67564.1
1995,351,64781.2
1995,352,62272.7
1995,353,59999.8
1995,354,57951.2
1995,355,59901.4
1995,356,95295.1
1995,357,69789.2
1995,358,53793.5
1995,359,227593
1995,360,133517
1995,361,51887.9
1995,362,50251.5
1995,363,48728.8
1995,364,47299.4
1995,365,184687
1995,366,138638
1996,1,47422.8
1996,2,46213.2
1996,3,78053.2
1996,4,129510
1996,5,55679.6
1996,6,44080.8
1996,7,42852.8
1996,8,47186.9
1996,9,39954.8
1996,10,42804.2
1996,11,37560.8
1996,12,117971
1996,13,135262
1996,14,41679.8
1996,15,54607.6
1996,16,35557
1996,17,34369.5
1996,18,33210.8
1996,19,32043.4
1996,20,30943.9
1996,21,100003
1996,22,51524.4
1996,23,33458.8
1996,24,53801.4
1996,25,43046.5
1996,26,36472
1996,27,55755.9
1996,28,58093.1
1996,29,26262.7
1996,30,25481.8
1996,31,24750.1
1996,32,33513.9
1996,33,23533.4
1996,34,22942
1996,35,22393
1996,36,59678
1996,37,227662
1996,38,124766
1996,39,24074.3
1996,40,74115.5
1996,41,87913.7
1996,42,479025
1996,43,31276.6
1996,44,31130.8
1996,45,30727.4
1996,46,40784.2
1996,47,559475
1996,48,785820
1996,49,330445
1996,50,83908
1996,51,86981
1996,52,305608
1996,53,98782.8
1996,54,91346.8
1996,55,95043
1996,56,82125.2
1996,57,74300.4
1996,58,94986.8
1996,59,284639
1996,60,138816
1996,61,106415
1996,62,67464.3
1996,63,58941
1996,64,102178
1996,65,101265
1996,66,205160
1996,67,160867
1996,68,181618
1996,69,51074.7
1996,70,46933.1
1996,71,43382.5
1996,72,40212.5
1996,73,39274
1996,74,42875
1996,75,32031.9
1996,76,54194.4
1996,77,166256
1996,78,31692.2
1996,79,29652
1996,80,27792.4
1996,81,26045.3
1996,82,24486.2
1996,83,22998.3
1996,84,21726
1996,85,20669.4
1996,86,19761.6
1996,87,18986.9
1996,88,18324.8
1996,89,56712.2
1996,90,22715.1
1996,91,17354.3
1996,92,16799.9
1996,93,16317.1
1996,94,15892.6
1996,95,15524.7
1996,96,15201.4
1996,97,14908.2
1996,98,14639.4
1996,99,14393.4
1996,100,14167.6
1996,101,53865.2
1996,102,66788
1996,103,14164.1
1996,104,13962.3
1996,105,13768.9
1996,106,36184.9
1996,107,19257
1996,108,13387.3
1996,109,59930.7
1996,110,546886
1996,111,17987.4
1996,112,18677.9
1996,113,19325.5
1996,114,39338.8
1996,115,495582
1996,116,37834.3
1996,117,99194.2
1996,118,975118
1996,119,499331
1996,120,100423
1996,121,111267
1996,122,120920
1996,123,129492
1996,124,135594
1996,125,132588
1996,126,128754
1996,127,644049
1996,128,3220560
1996,129,969139
1996,130,488394
1996,131,463471
1996,132,450831
1996,133,419445
1996,134,384190
1996,135,351833
1996,136,322037
1996,137,1776800
1996,138,594433
1996,139,453610
1996,140,428941
1996,141,404931
1996,142,397344
1996,143,1103660
1996,144,2626990
1996,145,618207
1996,146,566023
1996,147,519251
1996,148,478894
1996,149,444724
1996,150,1190800
1996,151,1634080
1996,152,596295
1996,153,551812
1996,154,636561
1996,155,829667
1996,156,927127
1996,157,567210
1996,158,501127
1996,159,455487
1996,160,488593
1996,161,732442
1996,162,422779
1996,163,395960
1996,164,440555
1996,165,1572300
1996,166,746417
1996,167,590994
1996,168,1370850
1996,169,722505
1996,170,551887
1996,171,526529
1996,172,518701
1996,173,484745
1996,174,465628
1996,175,447308
1996,176,431544
1996,177,506536
1996,178,419144
1996,179,393577
1996,180,394066
1996,181,361939
1996,182,431293
1996,183,381365
1996,184,310359
1996,185,292228
1996,186,276187
1996,187,277022
1996,188,256279
1996,189,288270
1996,190,279020
1996,191,228161
1996,192,234058
1996,193,331055
1996,194,212622
1996,195,205868
1996,196,199569
1996,197,193031
1996,198,209693
1996,199,203900
1996,200,458208
1996,201,206248
1996,202,194277
1996,203,180808
1996,204,175261
1996,205,169880
1996,206,164612
1996,207,159359
1996,208,153833
1996,209,148510
1996,210,143448
1996,211,138695
1996,212,134111
1996,213,129582
1996,214,125194
1996,215,120206
1996,216,115394
1996,217,553651
1996,218,138695
1996,219,121830
1996,220,118408
1996,221,115201
1996,222,112156
1996,223,109217
1996,224,106422
1996,225,103695
1996,226,101091
1996,227,98552.4
1996,228,95968.2
1996,229,93434.9
1996,230,91037.7
1996,231,88796.7
1996,232,97862.5
1996,233,490711
1996,234,995271
1996,235,128551
1996,236,128418
1996,237,127881
1996,238,251718
1996,239,1520560
1996,240,199183
1996,241,319147
1996,242,1907210
1996,243,312116
1996,244,318432
1996,245,353562
1996,246,321080
1996,247,317382
1996,248,306902
1996,249,288732
1996,250,272377
1996,251,257488
1996,252,244332
1996,253,231122
1996,254,279596
1996,255,239803
1996,256,188772
1996,257,170729
1996,258,155833
1996,259,143706
1996,260,133329
1996,261,146781
1996,262,117704
1996,263,110925
1996,264,105027
1996,265,99787.7
1996,266,843596
1996,267,480722
1996,268,136703
1996,269,132238
1996,270,382470
1996,271,136721
1996,272,137446
1996,273,183104
1996,274,283108
1996,275,135637
1996,276,134063
1996,277,153084
1996,278,134309
1996,279,133853
1996,280,446488
1996,281,702593
1996,282,468099
1996,283,218099
1996,284,217753
1996,285,215676
1996,286,211726
1996,287,205157
1996,288,197302
1996,289,230103
1996,290,317669
1996,291,183483
1996,292,175470
1996,293,243230
1996,294,1638890
1996,295,603569
1996,296,457049
1996,297,548353
1996,298,571421
1996,299,583130
1996,300,678941
1996,301,800338
1996,302,964341
1996,303,1533840
1996,304,2132390
1996,305,1837240
1996,306,2115040
1996,307,6213850
1996,308,3833840
1996,309,3758700
1996,310,2698330
1996,311,1689090
1996,312,1452300
1996,313,2225350
1996,314,1423320
1996,315,1565050
1996,316,1183700
1996,317,1000170
1996,318,873599
1996,319,765020
1996,320,671098
1996,321,1149310
1996,322,2109830
1996,323,779953
1996,324,680669
1996,325,599096
1996,326,533042
1996,327,479082
1996,328,451223
1996,329,493159
1996,330,374235
1996,331,367741
1996,332,362723
1996,333,309293
1996,334,346684
1996,335,953146
1996,336,546811
1996,337,349346
1996,338,305748
1996,339,399173
1996,340,280200
1996,341,398995
1996,342,358092
1996,343,343233
1996,344,339066
1996,345,440802
1996,346,525758
1996,347,818123
1996,348,449802
1996,349,297974
1996,350,284217
1996,351,323447
1996,352,608155
1996,353,305100
1996,354,269312
1996,355,246442
1996,356,234651
1996,357,281168
1996,358,210040
1996,359,192857
1996,360,180521
1996,361,191596
1996,362,166706
1996,363,264298
1996,364,163120
1996,365,253149
1996,366,139892
1997,1,131381
1997,2,123670
1997,3,116678
1997,4,186798
1997,5,262644
1997,6,187350
1997,7,106949
1997,8,110452
1997,9,106371
1997,10,203919
1997,11,140466
1997,12,176926
1997,13,267236
1997,14,96588.6
1997,15,89770.6
1997,16,82454.9
1997,17,91634
1997,18,290287
1997,19,213715
1997,20,581827
1997,21,201020
1997,22,123235
1997,23,227636
1997,24,138352
1997,25,196345
1997,26,141488
1997,27,93615.5
1997,28,88448.4
1997,29,83422
1997,30,179211
1997,31,931083
1997,32,137697
1997,33,150957
1997,34,384050
1997,35,287850
1997,36,127180
1997,37,118132
1997,38,108734
1997,39,725787
1997,40,213388
1997,41,130383
1997,42,122250
1997,43,430480
1997,44,2192080
1997,45,1056510
1997,46,513885
1997,47,309108
1997,48,340562
1997,49,553875
1997,50,778136
1997,51,299841
1997,52,278746
1997,53,396880
1997,54,254194
1997,55,224436
1997,56,329134
1997,57,650192
1997,58,233758
1997,59,202756
1997,60,276862
1997,61,522094
1997,62,1297390
1997,63,272054
1997,64,341626
1997,65,498848
1997,66,314011
1997,67,209461
1997,68,189718
1997,69,172709
1997,70,180864
1997,71,270649
1997,72,145637
1997,73,180306
1997,74,494502
1997,75,554642
1997,76,175627
1997,77,169147
1997,78,234354
1997,79,137697
1997,80,129289
1997,81,114376
1997,82,115201
1997,83,108463
1997,84,91939.6
1997,85,243953
1997,86,357329
1997,87,167204
1997,88,232426
1997,89,119138
1997,90,104675
1997,91,88741.1
1997,92,83116.3
1997,93,78083.9
1997,94,73669.5
1997,95,69746.5
1997,96,66209.6
1997,97,63084.9
1997,98,68002.1
1997,99,231157
1997,100,96156.9
1997,101,118435
1997,102,66649
1997,103,57390.5
1997,104,54658
1997,105,52926.5
1997,106,134337
1997,107,53146.1
1997,108,63438.1
1997,109,538060
1997,110,814989
1997,111,173092
1997,112,95415.1
1997,113,105966
1997,114,109394
1997,115,1059390
1997,116,174199
1997,117,195659
1997,118,163424
1997,119,165779
1997,120,294238
1997,121,1140200
1997,122,483665
1997,123,287943
1997,124,347238
1997,125,555040
1997,126,290710
1997,127,271799
1997,128,259355
1997,129,246786
1997,130,227402
1997,131,1815880
1997,132,764968
1997,133,622954
1997,134,398746
1997,135,380722
1997,136,372135
1997,137,328481
1997,138,305220
1997,139,284785
1997,140,268845
1997,141,816125
1997,142,5693160
1997,143,1255170
1997,144,871870
1997,145,839628
1997,146,796560
1997,147,701312
1997,148,645116
1997,149,595150
1997,150,551000
1997,151,575594
1997,152,486534
1997,153,513611
1997,154,437143
1997,155,447844
1997,156,392954
1997,157,349737
1997,158,314023
1997,159,286554
1997,160,276735
1997,161,303606
1997,162,1425660
1997,163,522264
1997,164,346596
1997,165,451268
1997,166,320465
1997,167,311243
1997,168,303426
1997,169,295360
1997,170,288334
1997,171,281692
1997,172,321033
1997,173,290682
1997,174,269920
1997,175,264506
1997,176,258866
1997,177,245755
1997,178,231287
1997,179,630801
1997,180,2685750
1997,181,392410
1997,182,382125
1997,183,373294
1997,184,421395
1997,185,2856870
1997,186,1519750
1997,187,683159
1997,188,687855
1997,189,1197890
1997,190,3935470
1997,191,1861280
1997,192,1077780
1997,193,1121510
1997,194,953903
1997,195,1368270
1997,196,1298780
1997,197,3330980
1997,198,2563780
1997,199,1308560
1997,200,1703940
1997,201,1270830
1997,202,1080140
1997,203,1299950
1997,204,894887
1997,205,804674
1997,206,731516
1997,207,671704
1997,208,1113670
1997,209,655251
1997,210,633228
1997,211,601714
1997,212,569995
1997,213,629411
1997,214,493202
1997,215,427414
1997,216,394421
1997,217,417564
1997,218,358110
1997,219,321352
1997,220,395335
1997,221,295910
1997,222,282006
1997,223,267855
1997,224,254984
1997,225,250083
1997,226,232988
1997,227,223082
1997,228,213727
1997,229,205101
1997,230,197129
1997,231,251560
1997,232,187033
1997,233,180598
1997,234,174336
1997,235,167990
1997,236,161849
1997,237,228250
1997,238,153481
1997,239,365167
1997,240,891303
1997,241,179213
1997,242,176181
1997,243,625085
1997,244,191479
1997,245,189608
1997,246,226192
1997,247,185377
1997,248,195279
1997,249,179391
1997,250,891121
1997,251,720002
1997,252,241349
1997,253,327154
1997,254,304696
1997,255,234660
1997,256,225281
1997,257,216229
1997,258,207176
1997,259,196851
1997,260,328063
1997,261,223688
1997,262,201158
1997,263,187732
1997,264,180574
1997,265,172228
1997,266,158987
1997,267,149036
1997,268,178722
1997,269,133546
1997,270,126257
1997,271,119793
1997,272,227315
1997,273,114212
1997,274,151339
1997,275,0
1997,276,209523
1997,277,233849
1997,278,333104
1997,279,198591
1997,280,300505
1997,281,269529
1997,282,283660
1997,283,337924
1997,284,424130
1997,285,752429
1997,286,653905
1997,287,812093
1997,288,502949
1997,289,2929540
1997,290,1185520
1997,291,654009
1997,292,657777
1997,293,644461
1997,294,729407
1997,295,601834
1997,296,558343
1997,297,522875
1997,298,473484
1997,299,434975
1997,300,400932
1997,301,777318
1997,302,386191
1997,303,347705
1997,304,377492
1997,305,488145
1997,306,1039840
1997,307,349297
1997,308,311243
1997,309,285954
1997,310,263440
1997,311,244103
1997,312,257721
1997,313,215774
1997,314,213009
1997,315,196813
1997,316,186456
1997,317,178268
1997,318,899644
1997,319,244364
1997,320,216193
1997,321,203418
1997,322,200878
1997,323,476654
1997,324,333175
1997,325,214255
1997,326,191030
1997,327,182070
1997,328,173669
1997,329,180227
1997,330,184828
1997,331,154330
1997,332,149688
1997,333,505060
1997,334,665800
1997,335,187826
1997,336,186727
1997,337,256846
1997,338,166470
1997,339,817771
1997,340,197372
1997,341,188323
1997,342,286433
1997,343,180536
1997,344,413846
1997,345,356211
1997,346,194390
1997,347,185346
1997,348,174842
1997,349,169911
1997,350,151568
1997,351,159689
1997,352,133729
1997,353,126526
1997,354,155937
1997,355,316418
1997,356,127528
1997,357,109731
1997,358,102936
1997,359,96248
1997,360,89716.1
1997,361,1112180
1997,362,165245
1997,363,129378
1997,364,123597
1997,365,131160
1997,366,131458
1998,1,112593
1998,2,150202
1998,3,1045300
1998,4,319668
1998,5,165158
1998,6,160885
1998,7,156074
1998,8,150985
1998,9,145567
1998,10,133672
1998,11,122448
1998,12,113984
1998,13,118256
1998,14,245282
1998,15,99891.1
1998,16,93001.3
1998,17,90499.2
1998,18,95716.5
1998,19,329537
1998,20,82335.3
1998,21,75361.4
1998,22,69249.4
1998,23,77530.2
1998,24,60115.3
1998,25,84080.4
1998,26,54039.6
1998,27,68422.4
1998,28,48931.4
1998,29,46444.4
1998,30,44276.1
1998,31,43496
1998,32,43223.5
1998,33,257189
1998,34,47620.3
1998,35,40918.3
1998,36,39244.6
1998,37,37772.8
1998,38,62347.9
1998,39,94626.1
1998,40,276916
1998,41,39977.4
1998,42,37874
1998,43,36730.6
1998,44,35605.6
1998,45,34489.4
1998,46,33394.3
1998,47,32333.7
1998,48,34885
1998,49,89558.3
1998,50,31714.9
1998,51,29404.1
1998,52,419511
1998,53,122374
1998,54,507066
1998,55,2410480
1998,56,342568
1998,57,130579
1998,58,199236
1998,59,626843
1998,60,176583
1998,61,181960
1998,62,184374
1998,63,183371
1998,64,178341
1998,65,176169
1998,66,596187
1998,67,227879
1998,68,190194
1998,69,172869
1998,70,147377
1998,71,125847
1998,72,108425
1998,73,94242.3
1998,74,83166.8
1998,75,161009
1998,76,70115.8
1998,77,88108.1
1998,78,358387
1998,79,180329
1998,80,203967
1998,81,459343
1998,82,1144820
1998,83,163362
1998,84,133872
1998,85,129631
1998,86,134679
1998,87,133715
1998,88,117554
1998,89,113690
1998,90,792828
1998,91,172557
1998,92,152710
1998,93,150841
1998,94,204733
1998,95,132845
1998,96,139859
1998,97,111591
1998,98,101318
1998,99,92248.2
1998,100,84160.2
1998,101,77108.2
1998,102,71105.9
1998,103,81922.2
1998,104,1843080
1998,105,166227
1998,106,158444
1998,107,151389
1998,108,144607
1998,109,137561
1998,110,130973
1998,111,124573
1998,112,133130
1998,113,164366
1998,114,113396
1998,115,109852
1998,116,116030
1998,117,103776
1998,118,100518
1998,119,91244.3
1998,120,83336.5
1998,121,180383
1998,122,135106
1998,123,86084.9
1998,124,71675.2
1998,125,67767.1
1998,126,64227
1998,127,60813.3
1998,128,57521.6
1998,129,55830.1
1998,130,51725.2
1998,131,49270.6
1998,132,47067.4
1998,133,46604.5
1998,134,43401
1998,135,41906.4
1998,136,45676.8
1998,137,87268.6
1998,138,127994
1998,139,40628.7
1998,140,59547
1998,141,152382
1998,142,41222.3
1998,143,40329.4
1998,144,39538.8
1998,145,38835.2
1998,146,38195.9
1998,147,214530
1998,148,304804
1998,149,488777
1998,150,134870
1998,151,74064.2
1998,152,77036.2
1998,153,79024.8
1998,154,98693.5
1998,155,650061
1998,156,298196
1998,157,135242
1998,158,154792
1998,159,141696
1998,160,255786
1998,161,236170
1998,162,411866
1998,163,532493
1998,164,213463
1998,165,208134
1998,166,202942
1998,167,265814
1998,168,543385
1998,169,267505
1998,170,235817
1998,171,226705
1998,172,213273
1998,173,205394
1998,174,197840
1998,175,415024
1998,176,398166
1998,177,230403
1998,178,277963
1998,179,205706
1998,180,222152
1998,181,223573
1998,182,261912
1998,183,176001
1998,184,367524
1998,185,179891
1998,186,173157
1998,187,212387
1998,188,221353
1998,189,186928
1998,190,161345
1998,191,154923
1998,192,148946
1998,193,176153
1998,194,382864
1998,195,193497
1998,196,157282
1998,197,152304
1998,198,148370
1998,199,143306
1998,200,138161
1998,201,133100
1998,202,128246
1998,203,123211
1998,204,117851
1998,205,112799
1998,206,108297
1998,207,326436
1998,208,431374
1998,209,899215
1998,210,197121
1998,211,389012
1998,212,169357
1998,213,342386
1998,214,230730
1998,215,174883
1998,216,172767
1998,217,171130
1998,218,169424
1998,219,166719
1998,220,162806
1998,221,225036
1998,222,1365880
1998,223,1597100
1998,224,422411
1998,225,309162
1998,226,293470
1998,227,278599
1998,228,301913
1998,229,261013
1998,230,355996
1998,231,329083
1998,232,381101
1998,233,282704
1998,234,263273
1998,235,263646
1998,236,251204
1998,237,239024
1998,238,1311600
1998,239,928499
1998,240,353454
1998,241,328321
1998,242,407586
1998,243,795840
1998,244,323549
1998,245,300812
1998,246,283376
1998,247,267322
1998,248,252012
1998,249,372633
1998,250,1006020
1998,251,553558
1998,252,315672
1998,253,299444
1998,254,281836
1998,255,266796
1998,256,254204
1998,257,1108660
1998,258,426682
1998,259,321298
1998,260,312586
1998,261,304882
1998,262,301606
1998,263,652410
1998,264,752085
1998,265,402852
1998,266,381134
1998,267,341543
1998,268,407014
1998,269,1669220
1998,270,885688
1998,271,501064
1998,272,481818
1998,273,478162
1998,274,612813
1998,275,0
1998,276,448919
1998,277,432730
1998,278,649958
1998,279,461784
1998,280,576895
1998,281,561694
1998,282,719458
1998,283,1760820
1998,284,2511720
1998,285,1429010
1998,286,792778
1998,287,754596
1998,288,718841
1998,289,691716
1998,290,650194
1998,291,617714
1998,292,594757
1998,293,1280370
1998,294,1453150
1998,295,1008730
1998,296,1923460
1998,297,1096390
1998,298,1062420
1998,299,750416
1998,300,620320
1998,301,541972
1998,302,484840
1998,303,440831
1998,304,402672
1998,305,369399
1998,306,435940
1998,307,1202960
1998,308,411839
1998,309,376534
1998,310,348395
1998,311,320580
1998,312,296487
1998,313,275416
1998,314,420492
1998,315,2096860
1998,316,550394
1998,317,401566
1998,318,390397
1998,319,377998
1998,320,475405
1998,321,380090
1998,322,402259
1998,323,405760
1998,324,315399
1998,325,1424140
1998,326,438036
1998,327,391969
1998,328,374203
1998,329,396419
1998,330,329711
1998,331,301709
1998,332,1270170
1998,333,363825
1998,334,341306
1998,335,321655
1998,336,332652
1998,337,586292
1998,338,385988
1998,339,357757
1998,340,337738
1998,341,632958
1998,342,621757
1998,343,454846
1998,344,1601470
1998,345,1196040
1998,346,1311760
1998,347,1505250
1998,348,754571
1998,349,587670
1998,350,521600
1998,351,487009
1998,352,497588
1998,353,453984
1998,354,385026
1998,355,351776
1998,356,318030
1998,357,287485
1998,358,262680
1998,359,237208
1998,360,213306
1998,361,432568
1998,362,195146
1998,363,174853
1998,364,158088
1998,365,299222
1998,366,143620
1999,1,542814
1999,2,158788
1999,3,279082
1999,4,145031
1999,5,130150
1999,6,134029
1999,7,118082
1999,8,146617
1999,9,109350
1999,10,132678
1999,11,119143
1999,12,300305
1999,13,1051660
1999,14,1048240
1999,15,320092
1999,16,474934
1999,17,410784
1999,18,361196
1999,19,249881
1999,20,204109
1999,21,329492
1999,22,191799
1999,23,190707
1999,24,326473
1999,25,174083
1999,26,186038
1999,27,232642
1999,28,144160
1999,29,129985
1999,30,127568
1999,31,327183
1999,32,110836
1999,33,100481
1999,34,91740.6
1999,35,179217
1999,36,133370
1999,37,79433.2
1999,38,74138
1999,39,534866
1999,40,86283.5
1999,41,85140.1
1999,42,76670.3
1999,43,72564.7
1999,44,68714.4
1999,45,65092.8
1999,46,63380
1999,47,87138.2
1999,48,57969.8
1999,49,53447.1
1999,50,50863.4
1999,51,48494.6
1999,52,85374.4
1999,53,56792.8
1999,54,84045.3
1999,55,42572
1999,56,40755.9
1999,57,39152.7
1999,58,37721.6
1999,59,36440.4
1999,60,52400.9
1999,61,100731
1999,62,200359
1999,63,35700.9
1999,64,34679.3
1999,65,33713
1999,66,32796.9
1999,67,31897.3
1999,68,31047.2
1999,69,30221.9
1999,70,29452.4
1999,71,29385
1999,72,284801
1999,73,39359.5
1999,74,30335.7
1999,75,30073.2
1999,76,100544
1999,77,31343.4
1999,78,30893.4
1999,79,621900
1999,80,140565
1999,81,40389.4
1999,82,40603.3
1999,83,40580.1
1999,84,146016
1999,85,137848
1999,86,46067.7
1999,87,220534
1999,88,213793
1999,89,54919.8
1999,90,53386.4
1999,91,52936
1999,92,49644.6
1999,93,59599.6
1999,94,44833.1
1999,95,288865
1999,96,53993.2
1999,97,68369.7
1999,98,45864.2
1999,99,76019.3
1999,100,476179
1999,101,82927.2
1999,102,58326.6
1999,103,59694.6
1999,104,52878.8
1999,105,50130.6
1999,106,47461.9
1999,107,44963.2
1999,108,42572.6
1999,109,128584
1999,110,129590
1999,111,43736.1
1999,112,47762.3
1999,113,39705.4
1999,114,113132
1999,115,73461.2
1999,116,37416.5
1999,117,35356.8
1999,118,122393
1999,119,35129.8
1999,120,56713.3
1999,121,32441.7
1999,122,31102.3
1999,123,30002.6
1999,124,29094.9
1999,125,27445.6
1999,126,172244
1999,127,103132
1999,128,31881.3
1999,129,30880.2
1999,130,67014.3
1999,131,1651400
1999,132,1091520
1999,133,361627
1999,134,158644
1999,135,171392
1999,136,182324
1999,137,296861
1999,138,207906
1999,139,214891
1999,140,219416
1999,141,221000
1999,142,215345
1999,143,211374
1999,144,207501
1999,145,203210
1999,146,186108
1999,147,166510
1999,148,148622
1999,149,133356
1999,150,120336
1999,151,152388
1999,152,103373
1999,153,95014.3
1999,154,87813.4
1999,155,81557.1
1999,156,76153.3
1999,157,71572.6
1999,158,67653.2
1999,159,64214.7
1999,160,65824.9
1999,161,58614.9
1999,162,56107.4
1999,163,74068.4
1999,164,146017
1999,165,225822
1999,166,62094.7
1999,167,60694.2
1999,168,59353.9
1999,169,58053.7
1999,170,56860.7
1999,171,55718.3
1999,172,54641.7
1999,173,53680
1999,174,96960.2
1999,175,53869.5
1999,176,54955.5
1999,177,52454.7
1999,178,103503
1999,179,105830
1999,180,436466
1999,181,72309.7
1999,182,72085.5
1999,183,71749.9
1999,184,82343
1999,185,71547.4
1999,186,71211.1
1999,187,70814.3
1999,188,70221.6
1999,189,79897.2
1999,190,89167.6
1999,191,114368
1999,192,212778
1999,193,79831
1999,194,79361.4
1999,195,77172.9
1999,196,75114.2
1999,197,73114.4
1999,198,71234.4
1999,199,69449.3
1999,200,67713.4
1999,201,85158.5
1999,202,65647.8
1999,203,64224
1999,204,67758.9
1999,205,61489.4
1999,206,120041
1999,207,61586.7
1999,208,60059.3
1999,209,58597.7
1999,210,57210.7
1999,211,55920
1999,212,60464.9
1999,213,142183
1999,214,57225.3
1999,215,56241.3
1999,216,55068.1
1999,217,53899.8
1999,218,1372020
1999,219,101439
1999,220,103907
1999,221,105547
1999,222,106654
1999,223,107262
1999,224,563174
1999,225,131082
1999,226,132191
1999,227,132467
1999,228,171004
1999,229,131734
1999,230,129792
1999,231,127538
1999,232,124893
1999,233,1623660
1999,234,206779
1999,235,197666
1999,236,399159
1999,237,218764
1999,238,382192
1999,239,2086670
1999,240,470152
1999,241,307219
1999,242,294960
1999,243,281246
1999,244,269117
1999,245,261816
1999,246,257426
1999,247,253112
1999,248,982554
1999,249,315421
1999,250,322139
1999,251,293073
1999,252,281978
1999,253,364482
1999,254,327308
1999,255,240612
1999,256,222637
1999,257,208693
1999,258,877867
1999,259,240484
1999,260,228092
1999,261,217961
1999,262,209816
1999,263,286512
1999,264,874914
1999,265,249209
1999,266,241362
1999,267,233578
1999,268,225326
1999,269,218222
1999,270,212467
1999,271,207106
1999,272,201748
1999,273,215058
1999,274,1261620
1999,275,0
1999,276,393815
1999,277,250654
1999,278,1342400
1999,279,418076
1999,280,299293
1999,281,974769
1999,282,319528
1999,283,304178
1999,284,290575
1999,285,280623
1999,286,273292
1999,287,266266
1999,288,259344
1999,289,959555
1999,290,395920
1999,291,317459
1999,292,301742
1999,293,278921
1999,294,257942
1999,295,240368
1999,296,4213550
1999,297,1665900
1999,298,673955
1999,299,864711
1999,300,802480
1999,301,888571
1999,302,1106340
1999,303,1358930
1999,304,1325730
1999,305,1484810
1999,306,1673670
1999,307,2216400
1999,308,1175570
1999,309,953976
1999,310,1084990
1999,311,812944
1999,312,765402
1999,313,649970
1999,314,580768
1999,315,1642880
1999,316,694255
1999,317,1030140
1999,318,631005
1999,319,550696
1999,320,497945
1999,321,454336
1999,322,819446
1999,323,419847
1999,324,384347
1999,325,361953
1999,326,564603
1999,327,332990
1999,328,392549
1999,329,657970
1999,330,315576
1999,331,295429
1999,332,275466
1999,333,257557
1999,334,241707
1999,335,227298
1999,336,214418
1999,337,201658
1999,338,190169
1999,339,196260
1999,340,203031
1999,341,164030
1999,342,154984
1999,343,158976
1999,344,361332
1999,345,143563
1999,346,135989
1999,347,129234
1999,348,125937
1999,349,125280
1999,350,112694
1999,351,108005
1999,352,103649
1999,353,99556.8
1999,354,97926.7
1999,355,467003
1999,356,100643
1999,357,97072
1999,358,98994.2
1999,359,365021
1999,360,515660
1999,361,106997
1999,362,104273
1999,363,101372
1999,364,98271.3
1999,365,94857.6
1999,366,91237.7
2000,1,87577.4
2000,2,84091.8
2000,3,159030
2000,4,80253.4
2000,5,76368.2
2000,6,72829.2
2000,7,69506.1
2000,8,66064.5
2000,9,61874.8
2000,10,58423.9
2000,11,55496
2000,12,52940.7
2000,13,50627.5
2000,14,97611.2
2000,15,207542
2000,16,49064.8
2000,17,48756.7
2000,18,141719
2000,19,45481.1
2000,20,43760.6
2000,21,55765.6
2000,22,75500.2
2000,23,40749.9
2000,24,38868
2000,25,37570
2000,26,36343.1
2000,27,35159
2000,28,34019
2000,29,34335.6
2000,30,41655.1
2000,31,30917.6
2000,32,45975.3
2000,33,80573.8
2000,34,30612.1
2000,35,28046.8
2000,36,27216.3
2000,37,26440.6
2000,38,25733.9
2000,39,25086.6
2000,40,25707.3
2000,41,38364.4
2000,42,23457.7
2000,43,22944
2000,44,22454.8
2000,45,21987.2
2000,46,21540.4
2000,47,21110.3
2000,48,23954.6
2000,49,20304.2
2000,50,73060
2000,51,43200
2000,52,19385.3
2000,53,35455.3
2000,54,18840.1
2000,55,18400.7
2000,56,18076.5
2000,57,17764.3
2000,58,17463.1
2000,59,17171.6
2000,60,19691.3
2000,61,17288.3
2000,62,16358.4
2000,63,16101.2
2000,64,15852.5
2000,65,15608.2
2000,66,15370.5
2000,67,17544.9
2000,68,14919.8
2000,69,14703
2000,70,127767
2000,71,14431.5
2000,72,14233.6
2000,73,14039.1
2000,74,13847
2000,75,576859
2000,76,361601
2000,77,17975.9
2000,78,19169.2
2000,79,20234.4
2000,80,21142.8
2000,81,21931.8
2000,82,145103
2000,83,26211.8
2000,84,27064.1
2000,85,27015.8
2000,86,26778.8
2000,87,307038
2000,88,1433430
2000,89,102298
2000,90,101177
2000,91,96486.6
2000,92,92548.1
2000,93,89135.3
2000,94,85473.9
2000,95,81487.6
2000,96,77313.6
2000,97,72331.2
2000,98,372236
2000,99,85566.2
2000,100,306879
2000,101,98614.7
2000,102,702641
2000,103,223384
2000,104,118773
2000,105,107832
2000,106,98242.6
2000,107,89753.4
2000,108,767437
2000,109,13929600
2000,110,804647
2000,111,877181
2000,112,914256
2000,113,1328640
2000,114,1757990
2000,115,1229020
2000,116,939987
2000,117,856930
2000,118,773388
2000,119,697409
2000,120,629601
2000,121,616850
2000,122,811943
2000,123,1566930
2000,124,621673
2000,125,514235
2000,126,433370
2000,127,1297410
2000,128,452849
2000,129,399370
2000,130,357305
2000,131,324502
2000,132,318796
2000,133,1245610
2000,134,360414
2000,135,340576
2000,136,547146
2000,137,332240
2000,138,312625
2000,139,295514
2000,140,427579
2000,141,282352
2000,142,301027
2000,143,696101
2000,144,297480
2000,145,506587
2000,146,289642
2000,147,279815
2000,148,265135
2000,149,251945
2000,150,240037
2000,151,228369
2000,152,217755
2000,153,207855
2000,154,198649
2000,155,189645
2000,156,1081160
2000,157,251530
2000,158,243214
2000,159,235576
2000,160,226741
2000,161,218778
2000,162,211961
2000,163,205489
2000,164,198771
2000,165,192422
2000,166,187046
2000,167,181969
2000,168,176890
2000,169,172237
2000,170,168143
2000,171,160836
2000,172,154054
2000,173,147573
2000,174,215628
2000,175,140585
2000,176,137098
2000,177,167244
2000,178,227555
2000,179,187999
2000,180,1226360
2000,181,345797
2000,182,201945
2000,183,203726
2000,184,205390
2000,185,206947
2000,186,208177
2000,187,208695
2000,188,242979
2000,189,372827
2000,190,842615
2000,191,281799
2000,192,283594
2000,193,282984
2000,194,528634
2000,195,295594
2000,196,282697
2000,197,501135
2000,198,1421460
2000,199,425220
2000,200,389003
2000,201,379867
2000,202,370301
2000,203,360031
2000,204,833724
2000,205,389569
2000,206,372993
2000,207,357817
2000,208,343775
2000,209,328912
2000,210,315054
2000,211,301981
2000,212,288260
2000,213,269668
2000,214,252578
2000,215,276690
2000,216,222685
2000,217,215575
2000,218,192896
2000,219,1071880
2000,220,226732
2000,221,212762
2000,222,200256
2000,223,188893
2000,224,178587
2000,225,674790
2000,226,206313
2000,227,200673
2000,228,195655
2000,229,191429
2000,230,187670
2000,231,184076
2000,232,180874
2000,233,178283
2000,234,172292
2000,235,166792
2000,236,161654
2000,237,156335
2000,238,150817
2000,239,145455
2000,240,138305
2000,241,131870
2000,242,126103
2000,243,120906
2000,244,116057
2000,245,111459
2000,246,107021
2000,247,102810
2000,248,98949.9
2000,249,95333.4
2000,250,91842.4
2000,251,88513
2000,252,85440.1
2000,253,82572.1
2000,254,79921.5
2000,255,77441.8
2000,256,75018.7
2000,257,108555
2000,258,71610.7
2000,259,69543.8
2000,260,572046
2000,261,80991.6
2000,262,79621.7
2000,263,78266.2
2000,264,462878
2000,265,179768
2000,266,91710.4
2000,267,91444
2000,268,90968.7
2000,269,90276.1
2000,270,89255.8
2000,271,117949
2000,272,87712.2
2000,273,607134
2000,274,168875
2000,275,111827
2000,276,110165
2000,277,108822
2000,278,107840
2000,279,105374
2000,280,102634
2000,281,99995.8
2000,282,97458.9
2000,283,94839.1
2000,284,114700
2000,285,91363.7
2000,286,863612
2000,287,243566
2000,288,148694
2000,289,147390
2000,290,145795
2000,291,1162180
2000,292,440524
2000,293,273095
2000,294,337142
2000,295,406893
2000,296,2784920
2000,297,1173950
2000,298,1093000
2000,299,1264150
2000,300,1526330
2000,301,1620470
2000,302,3455920
2000,303,1701160
2000,304,1095620
2000,305,1015420
2000,306,914846
2000,307,819440
2000,308,733224
2000,309,1020210
2000,310,916648
2000,311,619495
2000,312,545491
2000,313,481123
2000,314,808254
2000,315,607202
2000,316,419928
2000,317,420930
2000,318,338264
2000,319,306390
2000,320,280200
2000,321,412430
2000,322,434720
2000,323,604279
2000,324,344327
2000,325,258966
2000,326,243517
2000,327,1474660
2000,328,429886
2000,329,319276
2000,330,304975
2000,331,291160
2000,332,280788
2000,333,287842
2000,334,257267
2000,335,245291
2000,336,232986
2000,337,227614
2000,338,275446
2000,339,202324
2000,340,190715
2000,341,238933
2000,342,170293
2000,343,163117
2000,344,146019
2000,345,136069
2000,346,267168
2000,347,150597
2000,348,140738
2000,349,596172
2000,350,135758
2000,351,129624
2000,352,123961
2000,353,118406
2000,354,479974
2000,355,780905
2000,356,835716
2000,357,292206
2000,358,468152
2000,359,789678
2000,360,775561
2000,361,280346
2000,362,274527
2000,363,268732
2000,364,255772
2000,365,242845
2000,366,230457
2001,1,219017
2001,2,207119
2001,3,215035
2001,4,176394
2001,5,159591
2001,6,145408
2001,7,599609
2001,8,188876
2001,9,147757
2001,10,133422
2001,11,120919
2001,12,411603
2001,13,879210
2001,14,252211
2001,15,188241
2001,16,194404
2001,17,142095
2001,18,180650
2001,19,311353
2001,20,146649
2001,21,126382
2001,22,731702
2001,23,156169
2001,24,142838
2001,25,133632
2001,26,212349
2001,27,256298
2001,28,125115
2001,29,153438
2001,30,207275
2001,31,101233
2001,32,93361
2001,33,86332.7
2001,34,122452
2001,35,94482.6
2001,36,72214.8
2001,37,67011.5
2001,38,62211.5
2001,39,58397.1
2001,40,55129.5
2001,41,78407.9
2001,42,50193.4
2001,43,47761.7
2001,44,45611.2
2001,45,58885.8
2001,46,204500
2001,47,128186
2001,48,44403.7
2001,49,42604.3
2001,50,162767
2001,51,42135
2001,52,185901
2001,53,42472.4
2001,54,41164.9
2001,55,53714.2
2001,56,39038.1
2001,57,838563
2001,58,185183
2001,59,70859
2001,60,106676
2001,61,609303
2001,62,450926
2001,63,1227080
2001,64,331887
2001,65,1467730
2001,66,251087
2001,67,246704
2001,68,393204
2001,69,406698
2001,70,259021
2001,71,467185
2001,72,247607
2001,73,302232
2001,74,498797
2001,75,230319
2001,76,965730
2001,77,276316
2001,78,252642
2001,79,214442
2001,80,284540
2001,81,179485
2001,82,154748
2001,83,138431
2001,84,124344
2001,85,144040
2001,86,172318
2001,87,100407
2001,88,91920
2001,89,474010
2001,90,234933
2001,91,103298
2001,92,111548
2001,93,201659
2001,94,319627
2001,95,112435
2001,96,113635
2001,97,85128
2001,98,80533.3
2001,99,76860.6
2001,100,73331.5
2001,101,69780.7
2001,102,66399.2
2001,103,63181.9
2001,104,59450.7
2001,105,278575
2001,106,236353
2001,107,824536
2001,108,199706
2001,109,113065
2001,110,102977
2001,111,100302
2001,112,932726
2001,113,143581
2001,114,142725
2001,115,141869
2001,116,176096
2001,117,198705
2001,118,736209
2001,119,747815
2001,120,243332
2001,121,239946
2001,122,228038
2001,123,216297
2001,124,204524
2001,125,192872
2001,126,181505
2001,127,724534
2001,128,366450
2001,129,211027
2001,130,198717
2001,131,188900
2001,132,180202
2001,133,169100
2001,134,156413
2001,135,144853
2001,136,134687
2001,137,125417
2001,138,117005
2001,139,113680
2001,140,193738
2001,141,507870
2001,142,129046
2001,143,121680
2001,144,115107
2001,145,109288
2001,146,104297
2001,147,99741.3
2001,148,95343.5
2001,149,91196.5
2001,150,87392.4
2001,151,84088.6
2001,152,81380.7
2001,153,79002.4
2001,154,76732.7
2001,155,74276.6
2001,156,70954.3
2001,157,67883.1
2001,158,65011
2001,159,62449.1
2001,160,60203.2
2001,161,58124
2001,162,56141.6
2001,163,224293
2001,164,377061
2001,165,71542.4
2001,166,70702.8
2001,167,69883.5
2001,168,336012
2001,169,81266.4
2001,170,85524.1
2001,171,82239.9
2001,172,82558.6
2001,173,82919.6
2001,174,87389.2
2001,175,83819.9
2001,176,84204.3
2001,177,84594
2001,178,84039.6
2001,179,102799
2001,180,720745
2001,181,148788
2001,182,124253
2001,183,268990
2001,184,131150
2001,185,128789
2001,186,125803
2001,187,122846
2001,188,120081
2001,189,117639
2001,190,115780
2001,191,114308
2001,192,112761
2001,193,111180
2001,194,120247
2001,195,105461
2001,196,117449
2001,197,96336.8
2001,198,489525
2001,199,107418
2001,200,537678
2001,201,5622910
2001,202,382820
2001,203,478156
2001,204,409600
2001,205,410798
2001,206,406388
2001,207,397804
2001,208,385628
2001,209,370909
2001,210,355340
2001,211,338718
2001,212,321869
2001,213,302270
2001,214,283804
2001,215,263987
2001,216,230334
2001,217,203701
2001,218,182173
2001,219,164548
2001,220,149888
2001,221,137555
2001,222,127123
2001,223,191035
2001,224,114882
2001,225,108319
2001,226,102644
2001,227,97680.1
2001,228,93342.2
2001,229,93822.7
2001,230,317702
2001,231,92100.3
2001,232,89179.9
2001,233,114963
2001,234,1129010
2001,235,432845
2001,236,135931
2001,237,137330
2001,238,137994
2001,239,138245
2001,240,138114
2001,241,137754
2001,242,137503
2001,243,136057
2001,244,134739
2001,245,1116050
2001,246,211253
2001,247,188794
2001,248,227503
2001,249,180613
2001,250,171489
2001,251,1617690
2001,252,291129
2001,253,244114
2001,254,235477
2001,255,234029
2001,256,290025
2001,257,214604
2001,258,207039
2001,259,200063
2001,260,271230
2001,261,247168
2001,262,677512
2001,263,206917
2001,264,198837
2001,265,191098
2001,266,178542
2001,267,167989
2001,268,159521
2001,269,152560
2001,270,146136
2001,271,530866
2001,272,156373
2001,273,150553
2001,274,145532
2001,275,0
2001,276,140049
2001,277,171213
2001,278,129589
2001,279,532616
2001,280,159142
2001,281,136573
2001,282,131756
2001,283,127058
2001,284,278749
2001,285,126867
2001,286,123281
2001,287,580174
2001,288,807748
2001,289,181102
2001,290,270003
2001,291,590636
2001,292,658882
2001,293,519743
2001,294,637049
2001,295,602802
2001,296,1995040
2001,297,1070660
2001,298,1228160
2001,299,1440900
2001,300,1704300
2001,301,775976
2001,302,763386
2001,303,735385
2001,304,1437900
2001,305,2582730
2001,306,1183250
2001,307,1193280
2001,308,1193130
2001,309,1287200
2001,310,1328210
2001,311,895942
2001,312,1265150
2001,313,757977
2001,314,964937
2001,315,957933
2001,316,620835
2001,317,984794
2001,318,576215
2001,319,503469
2001,320,449514
2001,321,727395
2001,322,530073
2001,323,675177
2001,324,470702
2001,325,372026
2001,326,344720
2001,327,358504
2001,328,297289
2001,329,273974
2001,330,253239
2001,331,236683
2001,332,221730
2001,333,208364
2001,334,196598
2001,335,186331
2001,336,176139
2001,337,166264
2001,338,156606
2001,339,147765
2001,340,139842
2001,341,132923
2001,342,126935
2001,343,121648
2001,344,116812
2001,345,112303
2001,346,108055
2001,347,104065
2001,348,116446
2001,349,97350.9
2001,350,94208.3
2001,351,91246.1
2001,352,88447.7
2001,353,85803.3
2001,354,92337.8
2001,355,81004
2001,356,100556
2001,357,607854
2001,358,824499
2001,359,185494
2001,360,95692.8
2001,361,104691
2001,362,1333870
2001,363,765943
2001,364,189902
2001,365,299210
2001,366,189376
2002,1,196311
2002,2,1078090
2002,3,365050
2002,4,374481
2002,5,294761
2002,6,280655
2002,7,257398
2002,8,235367
2002,9,215488
2002,10,197890
2002,11,176466
2002,12,161845
2002,13,294312
2002,14,137915
2002,15,123389
2002,16,167890
2002,17,1224850
2002,18,300966
2002,19,165468
2002,20,150167
2002,21,199495
2002,22,145740
2002,23,445675
2002,24,395325
2002,25,141220
2002,26,132296
2002,27,123752
2002,28,114778
2002,29,106493
2002,30,98939.5
2002,31,413186
2002,32,1024530
2002,33,158900
2002,34,210029
2002,35,487615
2002,36,319281
2002,37,156580
2002,38,145294
2002,39,457866
2002,40,198578
2002,41,222140
2002,42,136547
2002,43,125877
2002,44,118020
2002,45,110779
2002,46,102660
2002,47,92609.3
2002,48,464630
2002,49,151922
2002,50,96799.1
2002,51,88086
2002,52,80698.7
2002,53,74378.9
2002,54,68251.3
2002,55,62852.6
2002,56,740641
2002,57,101386
2002,58,82016.6
2002,59,77501.8
2002,60,102980
2002,61,78571
2002,62,103355
2002,63,65241
2002,64,61100.4
2002,65,151648
2002,66,356279
2002,67,68997.1
2002,68,65333.1
2002,69,61825.4
2002,70,58547.4
2002,71,53902.3
2002,72,464988
2002,73,489661
2002,74,605613
2002,75,188995
2002,76,101931
2002,77,97849.3
2002,78,94215.6
2002,79,92699.1
2002,80,85968.8
2002,81,80231.5
2002,82,125457
2002,83,73607.2
2002,84,69473.2
2002,85,169641
2002,86,69179.8
2002,87,64405.2
2002,88,59262.3
2002,89,99426.2
2002,90,52617
2002,91,47362.4
2002,92,52958.9
2002,93,160470
2002,94,43422
2002,95,41040.1
2002,96,38968.3
2002,97,90582.1
2002,98,36979
2002,99,35404.5
2002,100,33849.7
2002,101,32439.6
2002,102,31158.9
2002,103,90965.3
2002,104,30368.1
2002,105,29360.2
2002,106,250447
2002,107,196395
2002,108,35931
2002,109,35177.1
2002,110,34392.6
2002,111,33597.2
2002,112,32675.4
2002,113,1411030
2002,114,123123
2002,115,79896.2
2002,116,83697.8
2002,117,1233420
2002,118,407143
2002,119,175431
2002,120,187434
2002,121,214505
2002,122,195806
2002,123,273880
2002,124,222224
2002,125,201741
2002,126,197115
2002,127,190963
2002,128,173330
2002,129,284740
2002,130,161950
2002,131,150982
2002,132,137203
2002,133,124069
2002,134,112181
2002,135,101673
2002,136,92466.6
2002,137,323256
2002,138,95607.1
2002,139,155712
2002,140,87735.3
2002,141,82866.1
2002,142,78643
2002,143,74779.1
2002,144,70756.7
2002,145,67019.4
2002,146,63587.8
2002,147,60395.9
2002,148,57568.9
2002,149,55274.2
2002,150,53373.2
2002,151,51683.8
2002,152,49622.9
2002,153,47692.1
2002,154,45773.4
2002,155,43976.2
2002,156,42233.9
2002,157,68466.5
2002,158,65583.9
2002,159,40097.7
2002,160,38788
2002,161,37748.9
2002,162,36759.6
2002,163,35852.6
2002,164,35020.4
2002,165,34251.7
2002,166,33548.3
2002,167,32871.9
2002,168,32210.3
2002,169,31551.4
2002,170,30898.3
2002,171,30302.1
2002,172,29725
2002,173,29139.4
2002,174,83587.4
2002,175,29331.9
2002,176,28870.2
2002,177,29492.8
2002,178,38921.2
2002,179,327315
2002,180,34451.5
2002,181,34540.9
2002,182,34761.5
2002,183,70060
2002,184,87812.8
2002,185,37409.9
2002,186,37700.4
2002,187,38009.9
2002,188,38295.3
2002,189,38309.5
2002,190,53166.3
2002,191,48572.3
2002,192,477360
2002,193,80101.3
2002,194,60387.4
2002,195,62937.5
2002,196,83898.2
2002,197,132825
2002,198,316138
2002,199,80666.9
2002,200,81995.8
2002,201,355935
2002,202,292890
2002,203,117168
2002,204,120682
2002,205,123792
2002,206,126554
2002,207,168448
2002,208,412045
2002,209,150390
2002,210,150108
2002,211,149439
2002,212,148020
2002,213,144641
2002,214,141036
2002,215,137323
2002,216,131741
2002,217,124556
2002,218,117409
2002,219,110812
2002,220,104636
2002,221,985034
2002,222,255419
2002,223,146600
2002,224,146086
2002,225,135387
2002,226,585454
2002,227,148272
2002,228,142310
2002,229,146101
2002,230,131395
2002,231,125920
2002,232,120829
2002,233,116110
2002,234,282733
2002,235,118921
2002,236,112775
2002,237,105953
2002,238,100878
2002,239,428025
2002,240,119148
2002,241,114367
2002,242,109680
2002,243,105030
2002,244,100473
2002,245,349506
2002,246,201027
2002,247,346370
2002,248,124332
2002,249,122857
2002,250,146797
2002,251,122407
2002,252,121485
2002,253,129837
2002,254,118223
2002,255,115350
2002,256,269324
2002,257,122613
2002,258,120644
2002,259,118894
2002,260,115692
2002,261,111364
2002,262,105877
2002,263,100710
2002,264,96061.9
2002,265,91657.4
2002,266,308536
2002,267,96399
2002,268,92662.4
2002,269,89587.7
2002,270,86840.6
2002,271,83495.2
2002,272,168664
2002,273,81897.4
2002,274,79550.1
2002,275,0
2002,276,77447.1
2002,277,499388
2002,278,334088
2002,279,113764
2002,280,114610
2002,281,115307
2002,282,114477
2002,283,113457
2002,284,199058
2002,285,150059
2002,286,119546
2002,287,119089
2002,288,399994
2002,289,135290
2002,290,134327
2002,291,144580
2002,292,278280
2002,293,523052
2002,294,229603
2002,295,1284330
2002,296,486947
2002,297,277759
2002,298,277231
2002,299,273039
2002,300,280211
2002,301,804785
2002,302,339115
2002,303,301177
2002,304,289422
2002,305,275959
2002,306,481757
2002,307,295085
2002,308,259617
2002,309,430958
2002,310,243187
2002,311,222864
2002,312,205283
2002,313,189834
2002,314,175564
2002,315,288911
2002,316,167564
2002,317,147683
2002,318,168129
2002,319,217374
2002,320,452354
2002,321,176715
2002,322,133807
2002,323,123699
2002,324,222089
2002,325,197354
2002,326,121383
2002,327,136128
2002,328,287073
2002,329,109517
2002,330,104578
2002,331,319179
2002,332,110038
2002,333,285685
2002,334,1094740
2002,335,169759
2002,336,366217
2002,337,181360
2002,338,694058
2002,339,202499
2002,340,197579
2002,341,191634
2002,342,183887
2002,343,173475
2002,344,163040
2002,345,581632
2002,346,185435
2002,347,175124
2002,348,469693
2002,349,2224800
2002,350,393514
2002,351,326732
2002,352,306016
2002,353,546912
2002,354,1625130
2002,355,395348
2002,356,382161
2002,357,358456
2002,358,339509
2002,359,319080
2002,360,293112
2002,361,269015
2002,362,273982
2002,363,227642
2002,364,427171
2002,365,202028
2002,366,185254
2003,1,289595
2003,2,157455
2003,3,139984
2003,4,126431
2003,5,115217
2003,6,196526
2003,7,1279950
2003,8,194068
2003,9,162312
2003,10,151232
2003,11,141926
2003,12,150254
2003,13,559371
2003,14,163293
2003,15,678921
2003,16,231082
2003,17,168182
2003,18,160448
2003,19,337774
2003,20,387026
2003,21,169976
2003,22,154156
2003,23,140311
2003,24,128120
2003,25,173458
2003,26,115267
2003,27,243456
2003,28,1095050
2003,29,237672
2003,30,156169
2003,31,142795
2003,32,130848
2003,33,120081
2003,34,109511
2003,35,99578.6
2003,36,91701.7
2003,37,85449.7
2003,38,80009.3
2003,39,75149.9
2003,40,106435
2003,41,69581.4
2003,42,65221.2
2003,43,61039.2
2003,44,57419.6
2003,45,54988.6
2003,46,51780.7
2003,47,49348.3
2003,48,47358.3
2003,49,45600.5
2003,50,255513
2003,51,50108.1
2003,52,44847.8
2003,53,43301.2
2003,54,162021
2003,55,44958.4
2003,56,41287.5
2003,57,40078.7
2003,58,38932.6
2003,59,38529.2
2003,60,36752
2003,61,35743.4
2003,62,34813
2003,63,37164.3
2003,64,226058
2003,65,40215.6
2003,66,33873.6
2003,67,50410.8
2003,68,32285.4
2003,69,31406.5
2003,70,30586.3
2003,71,29810.8
2003,72,29073.7
2003,73,28373.6
2003,74,27709.8
2003,75,27078.5
2003,76,26477.4
2003,77,31592.4
2003,78,25414.7
2003,79,24840.2
2003,80,24304.2
2003,81,23801.3
2003,82,114212
2003,83,23374.4
2003,84,116512
2003,85,30729.4
2003,86,192636
2003,87,30120.6
2003,88,23107.1
2003,89,22737.3
2003,90,103360
2003,91,444815
2003,92,41791.6
2003,93,29098.8
2003,94,635556
2003,95,63063.8
2003,96,47872.4
2003,97,49318.7
2003,98,50446.4
2003,99,50747.2
2003,100,50716.6
2003,101,49400.2
2003,102,47909.1
2003,103,46274.2
2003,104,44815.2
2003,105,43334.4
2003,106,40648.8
2003,107,55463
2003,108,421254
2003,109,84818.4
2003,110,49428.5
2003,111,45821.1
2003,112,42699.8
2003,113,39903.7
2003,114,47503.1
2003,115,37109.7
2003,116,33532.6
2003,117,31859.6
2003,118,30386.6
2003,119,998772
2003,120,1191010
2003,121,118780
2003,122,126046
2003,123,127494
2003,124,127390
2003,125,126204
2003,126,190133
2003,127,326618
2003,128,206430
2003,129,144426
2003,130,143032
2003,131,141577
2003,132,144275
2003,133,1045780
2003,134,2945440
2003,135,508683
2003,136,483236
2003,137,415128
2003,138,397328
2003,139,2049430
2003,140,595232
2003,141,523450
2003,142,560824
2003,143,481065
2003,144,455586
2003,145,432013
2003,146,409157
2003,147,456519
2003,148,984819
2003,149,827707
2003,150,431515
2003,151,390503
2003,152,861335
2003,153,786175
2003,154,409039
2003,155,417296
2003,156,350746
2003,157,325868
2003,158,309798
2003,159,644424
2003,160,391322
2003,161,306624
2003,162,292599
2003,163,275859
2003,164,269224
2003,165,397302
2003,166,962783
2003,167,316419
2003,168,294320
2003,169,279900
2003,170,1704060
2003,171,1650350
2003,172,524024
2003,173,507156
2003,174,495161
2003,175,618647
2003,176,871724
2003,177,525990
2003,178,502845
2003,179,488372
2003,180,653711
2003,181,500091
2003,182,457612
2003,183,438637
2003,184,420610
2003,185,393293
2003,186,366693
2003,187,339320
2003,188,317923
2003,189,299280
2003,190,282278
2003,191,265898
2003,192,251005
2003,193,237341
2003,194,224487
2003,195,211751
2003,196,200101
2003,197,719264
2003,198,421971
2003,199,214450
2003,200,205364
2003,201,197189
2003,202,189679
2003,203,193020
2003,204,2067610
2003,205,273602
2003,206,269753
2003,207,265056
2003,208,410646
2003,209,1704610
2003,210,355391
2003,211,355007
2003,212,351098
2003,213,344135
2003,214,344866
2003,215,327441
2003,216,1630980
2003,217,500454
2003,218,676101
2003,219,454049
2003,220,420835
2003,221,429894
2003,222,368465
2003,223,343848
2003,224,315194
2003,225,290660
2003,226,269653
2003,227,251477
2003,228,235452
2003,229,221316
2003,230,208830
2003,231,193914
2003,232,180827
2003,233,169020
2003,234,158891
2003,235,149964
2003,236,142032
2003,237,135047
2003,238,128835
2003,239,123217
2003,240,118058
2003,241,113248
2003,242,108835
2003,243,104836
2003,244,101059
2003,245,97470.1
2003,246,94306.2
2003,247,124060
2003,248,88776.4
2003,249,85828.2
2003,250,359399
2003,251,88691.6
2003,252,86456.4
2003,253,84318.1
2003,254,82302.1
2003,255,80388.9
2003,256,89844.7
2003,257,76991.6
2003,258,75248.1
2003,259,73595.1
2003,260,72007.6
2003,261,70468.8
2003,262,68946.8
2003,263,67481.1
2003,264,66028.7
2003,265,64143.7
2003,266,62338.3
2003,267,60619.6
2003,268,1185040
2003,269,287340
2003,270,97333.9
2003,271,98865.4
2003,272,100255
2003,273,101408
2003,274,108676
2003,275,0
2003,276,102920
2003,277,904098
2003,278,141571
2003,279,144552
2003,280,415626
2003,281,163449
2003,282,164992
2003,283,165374
2003,284,157782
2003,285,150029
2003,286,142978
2003,287,136017
2003,288,415073
2003,289,141485
2003,290,135159
2003,291,140997
2003,292,128374
2003,293,139289
2003,294,202909
2003,295,2573610
2003,296,784401
2003,297,776428
2003,298,811944
2003,299,800214
2003,300,954335
2003,301,1676600
2003,302,1450550
2003,303,1730220
2003,304,3289060
2003,305,3287640
2003,306,3040930
2003,307,3584630
2003,308,2618280
2003,309,1530700
2003,310,1400360
2003,311,1421500
2003,312,1079490
2003,313,1764610
2003,314,1117320
2003,315,1190640
2003,316,865773
2003,317,1369030
2003,318,914869
2003,319,699630
2003,320,608646
2003,321,531101
2003,322,463522
2003,323,432613
2003,324,479360
2003,325,356280
2003,326,327277
2003,327,350085
2003,328,440846
2003,329,281004
2003,330,262995
2003,331,327738
2003,332,392098
2003,333,235211
2003,334,221525
2003,335,250990
2003,336,201422
2003,337,191586
2003,338,194671
2003,339,174332
2003,340,166699
2003,341,202569
2003,342,161391
2003,343,259515
2003,344,158281
2003,345,186034
2003,346,138116
2003,347,153298
2003,348,127555
2003,349,122672
2003,350,118107
2003,351,113802
2003,352,217428
2003,353,109527
2003,354,105914
2003,355,102454
2003,356,114403
2003,357,188742
2003,358,95533.4
2003,359,166892
2003,360,179788
2003,361,268371
2003,362,848526
2003,363,132593
2003,364,148562
2003,365,112901
2003,366,128505
2004,1,665039
2004,2,793412
2004,3,166397
2004,4,1006500
2004,5,1446570
2004,6,533055
2004,7,329709
2004,8,1485270
2004,9,433864
2004,10,445596
2004,11,388369
2004,12,629282
2004,13,756880
2004,14,706813
2004,15,448211
2004,16,354469
2004,17,315870
2004,18,454925
2004,19,504432
2004,20,856855
2004,21,2878870
2004,22,698765
2004,23,678885
2004,24,459766
2004,25,407567
2004,26,361695
2004,27,320315
2004,28,283457
2004,29,252517
2004,30,226820
2004,31,204586
2004,32,185724
2004,33,172118
2004,34,155836
2004,35,140481
2004,36,194689
2004,37,121060
2004,38,275533
2004,39,107644
2004,40,123248
2004,41,146507
2004,42,175464
2004,43,119127
2004,44,84096.8
2004,45,79647.3
2004,46,75741.8
2004,47,72261.3
2004,48,69181.8
2004,49,135159
2004,50,65875.6
2004,51,63423.1
2004,52,1402910
2004,53,1735340
2004,54,383198
2004,55,259209
2004,56,172180
2004,57,173525
2004,58,513974
2004,59,190528
2004,60,187221
2004,61,183991
2004,62,195468
2004,63,564308
2004,64,209628
2004,65,405863
2004,66,764024
2004,67,1475130
2004,68,1106700
2004,69,477288
2004,70,365383
2004,71,1098410
2004,72,384384
2004,73,973865
2004,74,360986
2004,75,446080
2004,76,308386
2004,77,280031
2004,78,465655
2004,79,463937
2004,80,257480
2004,81,236643
2004,82,205858
2004,83,181196
2004,84,187891
2004,85,147480
2004,86,133206
2004,87,121362
2004,88,110083
2004,89,126736
2004,90,94522.2
2004,91,122198
2004,92,179650
2004,93,83688.8
2004,94,573634
2004,95,301513
2004,96,276500
2004,97,295095
2004,98,108146
2004,99,104480
2004,100,100949
2004,101,97415.6
2004,102,94192.7
2004,103,91294.3
2004,104,88358.2
2004,105,88244.5
2004,106,628700
2004,107,506804
2004,108,2126270
2004,109,255891
2004,110,255346
2004,111,1100750
2004,112,878509
2004,113,344492
2004,114,337148
2004,115,588306
2004,116,2202450
2004,117,576191
2004,118,610905
2004,119,551697
2004,120,1004960
2004,121,769559
2004,122,534796
2004,123,475820
2004,124,430190
2004,125,391795
2004,126,355446
2004,127,527404
2004,128,321901
2004,129,295453
2004,130,271377
2004,131,243723
2004,132,220031
2004,133,200072
2004,134,183516
2004,135,168620
2004,136,155715
2004,137,1221420
2004,138,336320
2004,139,290487
2004,140,501072
2004,141,231188
2004,142,223247
2004,143,215902
2004,144,208618
2004,145,277108
2004,146,203033
2004,147,198369
2004,148,193671
2004,149,566342
2004,150,3455380
2004,151,1279150
2004,152,2409830
2004,153,710633
2004,154,701703
2004,155,678445
2004,156,680781
2004,157,623010
2004,158,591544
2004,159,1202240
2004,160,819127
2004,161,619475
2004,162,590454
2004,163,564270
2004,164,534215
2004,165,535522
2004,166,770153
2004,167,507013
2004,168,413135
2004,169,378139
2004,170,350869
2004,171,325972
2004,172,313613
2004,173,2190360
2004,174,545576
2004,175,452557
2004,176,433335
2004,177,415938
2004,178,699902
2004,179,419188
2004,180,406558
2004,181,391666
2004,182,1643580
2004,183,507614
2004,184,496531
2004,185,484770
2004,186,472907
2004,187,461147
2004,188,433120
2004,189,589092
2004,190,408683
2004,191,388371
2004,192,370062
2004,193,351450
2004,194,681630
2004,195,2228190
2004,196,559135
2004,197,524953
2004,198,1929230
2004,199,569415
2004,200,558016
2004,201,3107000
2004,202,685888
2004,203,641040
2004,204,595457
2004,205,553246
2004,206,514325
2004,207,480847
2004,208,2228770
2004,209,658137
2004,210,594618
2004,211,536003
2004,212,487205
2004,213,440112
2004,214,483607
2004,215,379801
2004,216,348339
2004,217,347933
2004,218,332238
2004,219,809218
2004,220,615267
2004,221,347655
2004,222,335848
2004,223,316744
2004,224,300470
2004,225,286979
2004,226,275523
2004,227,265283
2004,228,256037
2004,229,247692
2004,230,240257
2004,231,232698
2004,232,224209
2004,233,282650
2004,234,209076
2004,235,198190
2004,236,188329
2004,237,179140
2004,238,170665
2004,239,162945
2004,240,155777
2004,241,149067
2004,242,142697
2004,243,136684
2004,244,131088
2004,245,125875
2004,246,120984
2004,247,116381
2004,248,111923
2004,249,202592
2004,250,107277
2004,251,103511
2004,252,2237210
2004,253,177037
2004,254,180235
2004,255,182838
2004,256,184308
2004,257,184900
2004,258,184924
2004,259,184200
2004,260,182718
2004,261,180868
2004,262,178849
2004,263,176324
2004,264,172595
2004,265,168492
2004,266,164088
2004,267,151904
2004,268,141111
2004,269,131613
2004,270,346537
2004,271,128690
2004,272,121445
2004,273,114836
2004,274,108787
2004,275,103194
2004,276,97959.3
2004,277,93268.4
2004,278,89254.6
2004,279,213494
2004,280,123792
2004,281,382713
2004,282,162233
2004,283,208065
2004,284,216115
2004,285,255420
2004,286,276488
2004,287,346757
2004,288,434664
2004,289,535641
2004,290,647295
2004,291,1381640
2004,292,498385
2004,293,988784
2004,294,1163960
2004,295,595818
2004,296,519990
2004,297,514423
2004,298,501271
2004,299,501497
2004,300,584679
2004,301,421411
2004,302,506754
2004,303,360938
2004,304,328032
2004,305,769008
2004,306,478477
2004,307,436575
2004,308,497598
2004,309,299185
2004,310,409242
2004,311,248952
2004,312,228970
2004,313,210883
2004,314,385870
2004,315,199281
2004,316,186773
2004,317,187030
2004,318,1059770
2004,319,987049
2004,320,736196
2004,321,314995
2004,322,304466
2004,323,290718
2004,324,274841
2004,325,257273
2004,326,241183
2004,327,254087
2004,328,265194
2004,329,320390
2004,330,206285
2004,331,553000
2004,332,1450980
2004,333,391262
2004,334,311605
2004,335,286759
2004,336,262881
2004,337,240760
2004,338,388082
2004,339,740475
2004,340,256422
2004,341,369519
2004,342,241072
2004,343,368939
2004,344,226816
2004,345,288154
2004,346,206093
2004,347,185274
2004,348,192841
2004,349,154211
2004,350,143558
2004,351,512875
2004,352,158213
2004,353,141659
2004,354,206406
2004,355,260707
2004,356,124780
2004,357,116352
2004,358,107709
2004,359,100250
2004,360,121098
2004,361,95151.1
2004,362,471157
2004,363,231710
2004,364,113767
2004,365,96477
2004,366,91510.2
2005,1,400228
2005,2,141054
2005,3,198763
2005,4,119630
2005,5,92488.9
2005,6,410819
2005,7,111371
2005,8,112072
2005,9,95465.5
2005,10,91138.7
2005,11,270201
2005,12,181501
2005,13,91254.7
2005,14,86748.8
2005,15,135371
2005,16,408492
2005,17,111185
2005,18,345549
2005,19,99362.9
2005,20,89822
2005,21,83852.5
2005,22,78675.1
2005,23,262744
2005,24,79081
2005,25,74257.4
2005,26,310779
2005,27,77404.2
2005,28,72834.5
2005,29,266649
2005,30,75111.3
2005,31,70035.6
2005,32,65427.7
2005,33,62619.7
2005,34,56525.9
2005,35,52909.1
2005,36,106281
2005,37,49158.4
2005,38,169424
2005,39,57284.3
2005,40,45937.8
2005,41,43289
2005,42,40936
2005,43,3071920
2005,44,136918
2005,45,1257590
2005,46,192146
2005,47,263586
2005,48,206665
2005,49,1329210
2005,50,291070
2005,51,283446
2005,52,275292
2005,53,261389
2005,54,1061410
2005,55,357096
2005,56,311947
2005,57,293409
2005,58,3459940
2005,59,1297810
2005,60,581890
2005,61,554554
2005,62,591304
2005,63,1081050
2005,64,448258
2005,65,372612
2005,66,556219
2005,67,322501
2005,68,286488
2005,69,256527
2005,70,231062
2005,71,208711
2005,72,189404
2005,73,319081
2005,74,657823
2005,75,545244
2005,76,233111
2005,77,182891
2005,78,164024
2005,79,148733
2005,80,136091
2005,81,127562
2005,82,285363
2005,83,476806
2005,84,134865
2005,85,127327
2005,86,120286
2005,87,113899
2005,88,107730
2005,89,100740
2005,90,165816
2005,91,91730.7
2005,92,1045430
2005,93,140550
2005,94,128346
2005,95,123475
2005,96,118836
2005,97,113437
2005,98,107039
2005,99,101466
2005,100,96369.7
2005,101,1151020
2005,102,337130
2005,103,160855
2005,104,158132
2005,105,154243
2005,106,149927
2005,107,139728
2005,108,249245
2005,109,149721
2005,110,460690
2005,111,4816950
2005,112,461371
2005,113,481350
2005,114,491417
2005,115,491241
2005,116,463788
2005,117,433808
2005,118,405568
2005,119,379006
2005,120,371855
2005,121,5592330
2005,122,920659
2005,123,1123730
2005,124,863518
2005,125,801699
2005,126,692008
2005,127,605597
2005,128,537297
2005,129,482829
2005,130,437055
2005,131,397547
2005,132,363802
2005,133,335755
2005,134,312530
2005,135,292796
2005,136,284204
2005,137,549353
2005,138,696674
2005,139,375407
2005,140,263517
2005,141,447569
2005,142,608442
2005,143,286520
2005,144,460548
2005,145,265467
2005,146,256307
2005,147,248054
2005,148,240337
2005,149,232729
2005,150,225503
2005,151,218631
2005,152,260453
2005,153,458644
2005,154,218443
2005,155,208824
2005,156,199261
2005,157,189116
2005,158,827352
2005,159,226622
2005,160,218306
2005,161,210411
2005,162,203098
2005,163,196758
2005,164,191098
2005,165,185611
2005,166,1045850
2005,167,260886
2005,168,246576
2005,169,242877
2005,170,238890
2005,171,234773
2005,172,230326
2005,173,231071
2005,174,426950
2005,175,225623
2005,176,251587
2005,177,214095
2005,178,573668
2005,179,295544
2005,180,237422
2005,181,451343
2005,182,2834660
2005,183,460497
2005,184,490890
2005,185,2156000
2005,186,616588
2005,187,617737
2005,188,613873
2005,189,601594
2005,190,659385
2005,191,1448270
2005,192,677282
2005,193,1821620
2005,194,1486000
2005,195,927011
2005,196,816222
2005,197,790612
2005,198,685877
2005,199,631945
2005,200,574983
2005,201,526430
2005,202,484664
2005,203,462515
2005,204,420802
2005,205,394764
2005,206,367722
2005,207,2043180
2005,208,483384
2005,209,438312
2005,210,400983
2005,211,370367
2005,212,344862
2005,213,322433
2005,214,301999
2005,215,283560
2005,216,266875
2005,217,275618
2005,218,532308
2005,219,285980
2005,220,1265530
2005,221,903139
2005,222,377217
2005,223,1246570
2005,224,355884
2005,225,340435
2005,226,575599
2005,227,362926
2005,228,579731
2005,229,2273920
2005,230,548081
2005,231,554840
2005,232,556211
2005,233,552504
2005,234,545158
2005,235,525119
2005,236,502880
2005,237,482480
2005,238,457089
2005,239,431995
2005,240,404406
2005,241,374551
2005,242,348512
2005,243,324967
2005,244,296927
2005,245,272620
2005,246,251569
2005,247,233407
2005,248,217548
2005,249,203594
2005,250,191083
2005,251,179777
2005,252,169511
2005,253,160194
2005,254,151833
2005,255,156323
2005,256,297777
2005,257,138548
2005,258,132710
2005,259,127333
2005,260,1159070
2005,261,158109
2005,262,453003
2005,263,166997
2005,264,166842
2005,265,166990
2005,266,227016
2005,267,223910
2005,268,192427
2005,269,177205
2005,270,177773
2005,271,177260
2005,272,176067
2005,273,174122
2005,274,187324
2005,275,0
2005,276,181086
2005,277,160022
2005,278,152087
2005,279,144750
2005,280,137779
2005,281,131124
2005,282,124436
2005,283,290195
2005,284,121583
2005,285,116269
2005,286,137237
2005,287,107487
2005,288,102853
2005,289,98579.9
2005,290,94560.8
2005,291,90773.6
2005,292,87256.3
2005,293,83925.2
2005,294,80747.9
2005,295,305454
2005,296,83391.4
2005,297,80783.7
2005,298,1749670
2005,299,161259
2005,300,240240
2005,301,313529
2005,302,817580
2005,303,3608920
2005,304,1008070
2005,305,1173040
2005,306,1386740
2005,307,1520520
2005,308,7280890
2005,309,1938170
2005,310,1341780
2005,311,1287350
2005,312,1204020
2005,313,2320220
2005,314,1210200
2005,315,1029760
2005,316,913904
2005,317,806569
2005,318,695897
2005,319,606190
2005,320,530635
2005,321,467473
2005,322,414665
2005,323,360971
2005,324,317251
2005,325,282200
2005,326,255028
2005,327,231486
2005,328,307117
2005,329,1205880
2005,330,289451
2005,331,251656
2005,332,296146
2005,333,372856
2005,334,242470
2005,335,217202
2005,336,510077
2005,337,222734
2005,338,304919
2005,339,211512
2005,340,204486
2005,341,197523
2005,342,190794
2005,343,183562
2005,344,172545
2005,345,162323
2005,346,152827
2005,347,143986
2005,348,135881
2005,349,128886
2005,350,168854
2005,351,150411
2005,352,131586
2005,353,109134
2005,354,104069
2005,355,100173
2005,356,477126
2005,357,112719
2005,358,130715
2005,359,99369
2005,360,114634
2005,361,159956
2005,362,128869
2005,363,90447.2
2005,364,193091
2005,365,104682
2005,366,100942
2006,1,83198.7
2006,2,80367.9
2006,3,77630
2006,4,429000
2006,5,100489
2006,6,82029.5
2006,7,577117
2006,8,93856.3
2006,9,89848.6
2006,10,136920
2006,11,199224
2006,12,116651
2006,13,81648.6
2006,14,77282.2
2006,15,73070.7
2006,16,69222.8
2006,17,111057
2006,18,65066.3
2006,19,61514.8
2006,20,58236.1
2006,21,55242.5
2006,22,51884.4
2006,23,86052.5
2006,24,47591.6
2006,25,45191.2
2006,26,42930.2
2006,27,40892.4
2006,28,201545
2006,29,48848.5
2006,30,581735
2006,31,49712.3
2006,32,231530
2006,33,69870.9
2006,34,49806.5
2006,35,48305.6
2006,36,196096
2006,37,197016
2006,38,112715
2006,39,1443840
2006,40,142749
2006,41,115486
2006,42,116976
2006,43,114483
2006,44,277816
2006,45,132415
2006,46,164223
2006,47,313754
2006,48,639764
2006,49,281873
2006,50,155858
2006,51,132648
2006,52,121628
2006,53,111105
2006,54,96536.2
2006,55,95366.7
2006,56,395757
2006,57,90843
2006,58,253549
2006,59,83892.2
2006,60,76136.7
2006,61,69216.9
2006,62,62778.8
2006,63,56401.2
2006,64,50897.8
2006,65,46266.3
2006,66,43709.9
2006,67,43581.3
2006,68,36859
2006,69,36459
2006,70,225202
2006,71,56848.8
2006,72,35479.4
2006,73,42492.9
2006,74,32634.2
2006,75,29974.2
2006,76,493009
2006,77,38467.8
2006,78,68229.9
2006,79,49904.8
2006,80,35753
2006,81,100620
2006,82,35465.5
2006,83,34294
2006,84,33178.2
2006,85,31806.2
2006,86,30570.8
2006,87,29455
2006,88,28392.2
2006,89,50323.2
2006,90,247901
2006,91,50160.2
2006,92,44757.8
2006,93,74234.6
2006,94,29414.1
2006,95,28107.5
2006,96,26867.6
2006,97,25799
2006,98,24846.6
2006,99,23995.7
2006,100,23231.5
2006,101,22531
2006,102,21881.5
2006,103,21287.5
2006,104,20721.3
2006,105,20037.3
2006,106,19411.8
2006,107,112752
2006,108,58257.1
2006,109,93946.8
2006,110,34342.6
2006,111,19874.3
2006,112,19373.8
2006,113,18901.2
2006,114,18459.5
2006,115,18051.6
2006,116,17660.8
2006,117,17301.3
2006,118,16973.6
2006,119,98511
2006,120,17475.4
2006,121,17213.1
2006,122,55501.6
2006,123,17457.2
2006,124,16707.1
2006,125,16322.9
2006,126,15957.6
2006,127,20726.6
2006,128,15352.3
2006,129,15040
2006,130,1024990
2006,131,9514160
2006,132,285736
2006,133,300618
2006,134,1582470
2006,135,1047850
2006,136,1449640
2006,137,1639230
2006,138,870819
2006,139,891139
2006,140,892913
2006,141,904086
2006,142,841507
2006,143,798512
2006,144,935427
2006,145,2043060
2006,146,849724
2006,147,1226970
2006,148,1595660
2006,149,746921
2006,150,632554
2006,151,547212
2006,152,477700
2006,153,422981
2006,154,378933
2006,155,352622
2006,156,315752
2006,157,292655
2006,158,273321
2006,159,255961
2006,160,398383
2006,161,239454
2006,162,224528
2006,163,415250
2006,164,215808
2006,165,204517
2006,166,194917
2006,167,186318
2006,168,178436
2006,169,210428
2006,170,1059700
2006,171,227557
2006,172,224913
2006,173,222527
2006,174,220079
2006,175,807648
2006,176,507624
2006,177,282256
2006,178,329556
2006,179,284970
2006,180,284394
2006,181,297153
2006,182,283695
2006,183,1604830
2006,184,419828
2006,185,405749
2006,186,393939
2006,187,379413
2006,188,365213
2006,189,353921
2006,190,340198
2006,191,325971
2006,192,312983
2006,193,300522
2006,194,288851
2006,195,277978
2006,196,267635
2006,197,258164
2006,198,242224
2006,199,226441
2006,200,1296120
2006,201,274488
2006,202,259867
2006,203,246747
2006,204,234826
2006,205,223835
2006,206,213520
2006,207,203714
2006,208,194222
2006,209,1179370
2006,210,288889
2006,211,234871
2006,212,226624
2006,213,783151
2006,214,249001
2006,215,366142
2006,216,233378
2006,217,2188690
2006,218,1446510
2006,219,423239
2006,220,448397
2006,221,421989
2006,222,421960
2006,223,420251
2006,224,407356
2006,225,394223
2006,226,1007370
2006,227,448994
2006,228,450366
2006,229,1571710
2006,230,538735
2006,231,521694
2006,232,494100
2006,233,2072130
2006,234,629382
2006,235,594038
2006,236,560698
2006,237,632715
2006,238,1437840
2006,239,688394
2006,240,597063
2006,241,565359
2006,242,535680
2006,243,507202
2006,244,800682
2006,245,511026
2006,246,613623
2006,247,453771
2006,248,437094
2006,249,1201690
2006,250,1334140
2006,251,537333
2006,252,507589
2006,253,478500
2006,254,451562
2006,255,428111
2006,256,407183
2006,257,540074
2006,258,390284
2006,259,373456
2006,260,357936
2006,261,342511
2006,262,328172
2006,263,391447
2006,264,305852
2006,265,284566
2006,266,265428
2006,267,248335
2006,268,232982
2006,269,219221
2006,270,206872
2006,271,195855
2006,272,185483
2006,273,176219
2006,274,167687
2006,275,0
2006,276,159802
2006,277,227286
2006,278,149492
2006,279,143004
2006,280,136963
2006,281,131342
2006,282,126113
2006,283,121229
2006,284,116565
2006,285,112009
2006,286,107670
2006,287,593140
2006,288,158217
2006,289,137058
2006,290,161268
2006,291,205917
2006,292,214915
2006,293,268130
2006,294,329360
2006,295,411239
2006,296,514749
2006,297,637707
2006,298,554431
2006,299,237723
2006,300,456898
2006,301,324460
2006,302,271082
2006,303,268941
2006,304,264078
2006,305,256162
2006,306,246506
2006,307,300595
2006,308,231163
2006,309,414137
2006,310,238109
2006,311,268214
2006,312,203743
2006,313,298586
2006,314,832597
2006,315,231720
2006,316,215866
2006,317,200813
2006,318,186622
2006,319,189574
2006,320,205941
2006,321,155063
2006,322,144831
2006,323,136317
2006,324,127765
2006,325,119708
2006,326,112086
2006,327,167443
2006,328,1472580
2006,329,379078
2006,330,546474
2006,331,227496
2006,332,201916
2006,333,194406
2006,334,186589
2006,335,178826
2006,336,171323
2006,337,163729
2006,338,156132
2006,339,148556
2006,340,140749
2006,341,132805
2006,342,125158
2006,343,114043
2006,344,104378
2006,345,95358.8
2006,346,87470.5
2006,347,700890
2006,348,119036
2006,349,546448
2006,350,123244
2006,351,648416
2006,352,319673
2006,353,146731
2006,354,180663
2006,355,233053
2006,356,137175
2006,357,131919
2006,358,127008
2006,359,122426
2006,360,117484
2006,361,111918
2006,362,203586
2006,363,102884
2006,364,93580.5
2006,365,85517.2
2006,366,96191.6
2007,1,71724.4
2007,2,780426
2007,3,998811
2007,4,380395
2007,5,187852
2007,6,145186
2007,7,138530
2007,8,435269
2007,9,207753
2007,10,263116
2007,11,147155
2007,12,140185
2007,13,134245
2007,14,127670
2007,15,181724
2007,16,119376
2007,17,109357
2007,18,97813.1
2007,19,87295.2
2007,20,292652
2007,21,85116.9
2007,22,77317.1
2007,23,169784
2007,24,263318
2007,25,1184010
2007,26,698787
2007,27,2280460
2007,28,2259360
2007,29,2829190
2007,30,877601
2007,31,774038
2007,32,531618
2007,33,716242
2007,34,566070
2007,35,576141
2007,36,1743290
2007,37,1102670
2007,38,612191
2007,39,554416
2007,40,907569
2007,41,485530
2007,42,408189
2007,43,748722
2007,44,351525
2007,45,284521
2007,46,766024
2007,47,270702
2007,48,234433
2007,49,360602
2007,50,198288
2007,51,175318
2007,52,909575
2007,53,694869
2007,54,223849
2007,55,203908
2007,56,187043
2007,57,172462
2007,58,462092
2007,59,396900
2007,60,174388
2007,61,160327
2007,62,199482
2007,63,141550
2007,64,131260
2007,65,415762
2007,66,135945
2007,67,125652
2007,68,115841
2007,69,253013
2007,70,109099
2007,71,102514
2007,72,110274
2007,73,91977.5
2007,74,86903.5
2007,75,82563.5
2007,76,78682.2
2007,77,139886
2007,78,74318.5
2007,79,71327.8
2007,80,68312.3
2007,81,91716
2007,82,63972.3
2007,83,61758.7
2007,84,59682.4
2007,85,57803.8
2007,86,73191
2007,87,245766
2007,88,208723
2007,89,869707
2007,90,215755
2007,91,464205
2007,92,117635
2007,93,93843.5
2007,94,548375
2007,95,2123010
2007,96,260634
2007,97,234329
2007,98,497570
2007,99,277068
2007,100,282418
2007,101,283811
2007,102,277180
2007,103,266164
2007,104,246796
2007,105,229403
2007,106,235546
2007,107,2017100
2007,108,941416
2007,109,606782
2007,110,400609
2007,111,354288
2007,112,317704
2007,113,286704
2007,114,261889
2007,115,240654
2007,116,349071
2007,117,234778
2007,118,203859
2007,119,190660
2007,120,178732
2007,121,723626
2007,122,222421
2007,123,202894
2007,124,340438
2007,125,176638
2007,126,163659
2007,127,667440
2007,128,215466
2007,129,370496
2007,130,185030
2007,131,176698
2007,132,168624
2007,133,160931
2007,134,478903
2007,135,176226
2007,136,168007
2007,137,161204
2007,138,154949
2007,139,148308
2007,140,1097800
2007,141,216487
2007,142,434760
2007,143,774879
2007,144,257127
2007,145,265940
2007,146,245430
2007,147,239614
2007,148,234081
2007,149,226036
2007,150,759830
2007,151,2190430
2007,152,448508
2007,153,448557
2007,154,444124
2007,155,509357
2007,156,836142
2007,157,444739
2007,158,421110
2007,159,399303
2007,160,378550
2007,161,540431
2007,162,3385210
2007,163,705252
2007,164,680614
2007,165,645322
2007,166,769402
2007,167,817681
2007,168,560447
2007,169,516986
2007,170,1843160
2007,171,628329
2007,172,590837
2007,173,557775
2007,174,527787
2007,175,500827
2007,176,879332
2007,177,1458270
2007,178,580877
2007,179,539686
2007,180,504527
2007,181,472365
2007,182,442313
2007,183,416076
2007,184,402276
2007,185,599576
2007,186,371168
2007,187,350246
2007,188,332157
2007,189,316266
2007,190,301975
2007,191,287006
2007,192,270077
2007,193,255463
2007,194,242285
2007,195,230273
2007,196,219369
2007,197,354782
2007,198,212783
2007,199,204322
2007,200,194844
2007,201,185248
2007,202,176240
2007,203,168075
2007,204,161285
2007,205,155446
2007,206,811679
2007,207,460739
2007,208,204320
2007,209,853239
2007,210,301730
2007,211,251925
2007,212,251931
2007,213,251396
2007,214,250313
2007,215,249025
2007,216,1945460
2007,217,402978
2007,218,412304
2007,219,467701
2007,220,577005
2007,221,590508
2007,222,1353370
2007,223,1198400
2007,224,589580
2007,225,567371
2007,226,545552
2007,227,524207
2007,228,617847
2007,229,604342
2007,230,520795
2007,231,454907
2007,232,423970
2007,233,397196
2007,234,385679
2007,235,352284
2007,236,332354
2007,237,310436
2007,238,288707
2007,239,269642
2007,240,252995
2007,241,238551
2007,242,225581
2007,243,223595
2007,244,199785
2007,245,188192
2007,246,177798
2007,247,168348
2007,248,251884
2007,249,156840
2007,250,149626
2007,251,143151
2007,252,137228
2007,253,131683
2007,254,126502
2007,255,121645
2007,256,117034
2007,257,112698
2007,258,108633
2007,259,104806
2007,260,101231
2007,261,97931.4
2007,262,94879.3
2007,263,91822.3
2007,264,88912.2
2007,265,86174.7
2007,266,126306
2007,267,82210.8
2007,268,160176
2007,269,79751.1
2007,270,77618.1
2007,271,150822
2007,272,97299.7
2007,273,74393.2
2007,274,72560.3
2007,275,0
2007,276,501283
2007,277,2339930
2007,278,151620
2007,279,160556
2007,280,168798
2007,281,176269
2007,282,182544
2007,283,187532
2007,284,190775
2007,285,392827
2007,286,215396
2007,287,218903
2007,288,220435
2007,289,217424
2007,290,781583
2007,291,2009200
2007,292,369390
2007,293,341780
2007,294,333022
2007,295,294292
2007,296,275848
2007,297,394212
2007,298,628058
2007,299,449166
2007,300,420295
2007,301,484717
2007,302,587708
2007,303,660031
2007,304,775220
2007,305,909882
2007,306,781481
2007,307,718349
2007,308,464895
2007,309,411182
2007,310,1068650
2007,311,447036
2007,312,424420
2007,313,399604
2007,314,375519
2007,315,351994
2007,316,328378
2007,317,347694
2007,318,927043
2007,319,342776
2007,320,416590
2007,321,4956460
2007,322,2483940
2007,323,848690
2007,324,809934
2007,325,784991
2007,326,705647
2007,327,652248
2007,328,600333
2007,329,550317
2007,330,504606
2007,331,834168
2007,332,1799400
2007,333,1800060
2007,334,753412
2007,335,691098
2007,336,623489
2007,337,846539
2007,338,500332
2007,339,443505
2007,340,397871
2007,341,359756
2007,342,328248
2007,343,302327
2007,344,279763
2007,345,259257
2007,346,239327
2007,347,237805
2007,348,351548
2007,349,198952
2007,350,185240
2007,351,173111
2007,352,374425
2007,353,210467
2007,354,157954
2007,355,164938
2007,356,224526
2007,357,139621
2007,358,132956
2007,359,126818
2007,360,121141
2007,361,115825
2007,362,111834
2007,363,267708
2007,364,107295
2007,365,102851
2007,366,98803.9
2008,1,266465
2008,2,219101
2008,3,101506
2008,4,827618
2008,5,191360
2008,6,112827
2008,7,109918
2008,8,107049
2008,9,131908
2008,10,101434
2008,11,124091
2008,12,176391
2008,13,219199
2008,14,100430
2008,15,95011.9
2008,16,91171.8
2008,17,128386
2008,18,85258.5
2008,19,79315.5
2008,20,603552
2008,21,180272
2008,22,203135
2008,23,92831.8
2008,24,88136.8
2008,25,83802.1
2008,26,104808
2008,27,75855.6
2008,28,450607
2008,29,493414
2008,30,100543
2008,31,95143.6
2008,32,90890.7
2008,33,87092
2008,34,83444.1
2008,35,824740
2008,36,1248240
2008,37,212502
2008,38,175389
2008,39,160392
2008,40,151401
2008,41,315505
2008,42,206205
2008,43,139689
2008,44,127487
2008,45,116723
2008,46,109347
2008,47,177608
2008,48,96515.1
2008,49,194399
2008,50,135713
2008,51,81117.8
2008,52,72475
2008,53,65403.4
2008,54,381033
2008,55,72135.6
2008,56,99251.1
2008,57,62076.5
2008,58,237781
2008,59,60920.1
2008,60,197110
2008,61,131513
2008,62,58339.1
2008,63,54862.7
2008,64,51451.1
2008,65,52936.7
2008,66,45721.5
2008,67,84066.8
2008,68,63072.7
2008,69,103306
2008,70,65978
2008,71,78342.6
2008,72,139080
2008,73,39732.9
2008,74,37737.5
2008,75,35749.6
2008,76,33966.8
2008,77,32436.8
2008,78,31044.8
2008,79,145078
2008,80,31358.9
2008,81,211294
2008,82,347708
2008,83,1101180
2008,84,211278
2008,85,78765.1
2008,86,80550.6
2008,87,179064
2008,88,282472
2008,89,92829.4
2008,90,92027.4
2008,91,90555.8
2008,92,88538.5
2008,93,86200
2008,94,83014.8
2008,95,80122.6
2008,96,75946.7
2008,97,70460
2008,98,62871.8
2008,99,56241
2008,100,50567.1
2008,101,51215.4
2008,102,41921.7
2008,103,38324.7
2008,104,328319
2008,105,44858.4
2008,106,41865.6
2008,107,39248.1
2008,108,57716.9
2008,109,35961.5
2008,110,34333.2
2008,111,32850.9
2008,112,31510.9
2008,113,30260.2
2008,114,29074.2
2008,115,77974.8
2008,116,28430.5
2008,117,27540.1
2008,118,26700.8
2008,119,25529.1
2008,120,31512.6
2008,121,27424.5
2008,122,23006.8
2008,123,22274.2
2008,124,21601.1
2008,125,20982
2008,126,20398.9
2008,127,19848.4
2008,128,19341.5
2008,129,18877.5
2008,130,18424.5
2008,131,18008.1
2008,132,262453
2008,133,99024.3
2008,134,545183
2008,135,105232
2008,136,32850
2008,137,34454.7
2008,138,35931.5
2008,139,37251.4
2008,140,38377.7
2008,141,39307
2008,142,810705
2008,143,74337.1
2008,144,79823.7
2008,145,84764.3
2008,146,137296
2008,147,310524
2008,148,262339
2008,149,1182350
2008,150,2227820
2008,151,339586
2008,152,353291
2008,153,362808
2008,154,367585
2008,155,368112
2008,156,366193
2008,157,350385
2008,158,334664
2008,159,319589
2008,160,305257
2008,161,291588
2008,162,276881
2008,163,323440
2008,164,366098
2008,165,239761
2008,166,217189
2008,167,210743
2008,168,181802
2008,169,183120
2008,170,256825
2008,171,156148
2008,172,320241
2008,173,468909
2008,174,278288
2008,175,177142
2008,176,641186
2008,177,275028
2008,178,208701
2008,179,204985
2008,180,231248
2008,181,199759
2008,182,196064
2008,183,765207
2008,184,628682
2008,185,281108
2008,186,280539
2008,187,327249
2008,188,275678
2008,189,293100
2008,190,264185
2008,191,254132
2008,192,256439
2008,193,270839
2008,194,230815
2008,195,262083
2008,196,219188
2008,197,344474
2008,198,220246
2008,199,187408
2008,200,213083
2008,201,166663
2008,202,156716
2008,203,791199
2008,204,590523
2008,205,197746
2008,206,188974
2008,207,297226
2008,208,179212
2008,209,210873
2008,210,340807
2008,211,1990170
2008,212,276883
2008,213,271540
2008,214,1107250
2008,215,499549
2008,216,421043
2008,217,339644
2008,218,335719
2008,219,328526
2008,220,323205
2008,221,313608
2008,222,304787
2008,223,295670
2008,224,309579
2008,225,361969
2008,226,628728
2008,227,270464
2008,228,620160
2008,229,349814
2008,230,248826
2008,231,231018
2008,232,382729
2008,233,288019
2008,234,219447
2008,235,210560
2008,236,202644
2008,237,195415
2008,238,188695
2008,239,182443
2008,240,176719
2008,241,170036
2008,242,163070
2008,243,155176
2008,244,224842
2008,245,223863
2008,246,144190
2008,247,1355090
2008,248,199013
2008,249,193313
2008,250,213995
2008,251,211504
2008,252,489044
2008,253,189814
2008,254,183932
2008,255,289093
2008,256,180026
2008,257,175428
2008,258,171538
2008,259,2350780
2008,260,359253
2008,261,369857
2008,262,365549
2008,263,479547
2008,264,1133060
2008,265,437194
2008,266,424912
2008,267,404472
2008,268,383300
2008,269,362588
2008,270,342166
2008,271,322865
2008,272,917413
2008,273,350907
2008,274,318680
2008,275,290102
2008,276,328351
2008,277,249027
2008,278,229070
2008,279,1663440
2008,280,1456780
2008,281,360916
2008,282,1574580
2008,283,3542070
2008,284,597917
2008,285,573880
2008,286,549397
2008,287,524758
2008,288,508350
2008,289,563299
2008,290,552624
2008,291,575256
2008,292,543111
2008,293,647744
2008,294,2423630
2008,295,1101030
2008,296,1146070
2008,297,1242250
2008,298,1345350
2008,299,1469640
2008,300,1633100
2008,301,1806630
2008,302,2070770
2008,303,2281640
2008,304,1335700
2008,305,1041490
2008,306,1306430
2008,307,1116370
2008,308,886349
2008,309,1010020
2008,310,1094150
2008,311,772483
2008,312,669047
2008,313,605259
2008,314,548043
2008,315,496031
2008,316,448103
2008,317,773626
2008,318,453895
2008,319,378769
2008,320,347934
2008,321,321204
2008,322,297750
2008,323,276976
2008,324,257790
2008,325,239959
2008,326,224403
2008,327,210955
2008,328,199030
2008,329,188123
2008,330,178091
2008,331,174323
2008,332,249798
2008,333,205713
2008,334,995912
2008,335,185301
2008,336,178979
2008,337,174107
2008,338,166565
2008,339,199975
2008,340,156422
2008,341,150656
2008,342,145028
2008,343,139368
2008,344,173083
2008,345,871067
2008,346,171003
2008,347,167140
2008,348,462593
2008,349,174123
2008,350,164929
2008,351,163008
2008,352,900144
2008,353,237255
2008,354,436540
2008,355,206723
2008,356,588139
2008,357,234576
2008,358,251461
2008,359,208887
2008,360,195279
2008,361,182369
2008,362,169914
2008,363,389353
2008,364,164772
2008,365,153939
2008,366,143772
2009,1,620330
2009,2,159745
2009,3,146411
2009,4,524803
2009,5,836135
2009,6,222477
2009,7,175928
2009,8,162350
2009,9,149315
2009,10,137049
2009,11,345071
2009,12,132031
2009,13,122270
2009,14,113501
2009,15,333407
2009,16,113199
2009,17,134210
2009,18,98838.7
2009,19,217145
2009,20,91415.3
2009,21,83711.9
2009,22,76931.4
2009,23,74023.4
2009,24,146327
2009,25,65706.7
2009,26,61375.7
2009,27,65404.4
2009,28,57829.4
2009,29,149261
2009,30,68484.4
2009,31,56002.3
2009,32,47246.4
2009,33,45003.4
2009,34,75921.1
2009,35,140038
2009,36,81834.7
2009,37,41593.4
2009,38,81082.5
2009,39,39785.5
2009,40,102445
2009,41,37654.2
2009,42,36340.6
2009,43,35123
2009,44,76421.3
2009,45,381329
2009,46,39243.4
2009,47,38113
2009,48,300924
2009,49,41980.8
2009,50,40533.4
2009,51,164472
2009,52,40961
2009,53,55266.8
2009,54,1322900
2009,55,273913
2009,56,88632
2009,57,90283.6
2009,58,584548
2009,59,116920
2009,60,112759
2009,61,108000
2009,62,102717
2009,63,95439.4
2009,64,258477
2009,65,96151.1
2009,66,89927.2
2009,67,89390.5
2009,68,130316
2009,69,84574.3
2009,70,106463
2009,71,61752.8
2009,72,242484
2009,73,141296
2009,74,59773.6
2009,75,87211.4
2009,76,179410
2009,77,85222.2
2009,78,50996
2009,79,47161.5
2009,80,43814.4
2009,81,40915
2009,82,38529.5
2009,83,36399
2009,84,34450.6
2009,85,32632.6
2009,86,30998.3
2009,87,47557
2009,88,28366.3
2009,89,27078.8
2009,90,25913.6
2009,91,166934
2009,92,39209.1
2009,93,26043.1
2009,94,25007.7
2009,95,24092.5
2009,96,23255.8
2009,97,22491.4
2009,98,65116
2009,99,1348230
2009,100,48276.1
2009,101,51039.3
2009,102,665846
2009,103,76277.7
2009,104,81532.5
2009,105,939718
2009,106,149153
2009,107,136206
2009,108,139218
2009,109,141721
2009,110,143337
2009,111,143875
2009,112,143896
2009,113,142749
2009,114,130443
2009,115,119204
2009,116,109467
2009,117,98950.1
2009,118,274766
2009,119,196620
2009,120,284507
2009,121,2077040
2009,122,234081
2009,123,556303
2009,124,258147
2009,125,234602
2009,126,227893
2009,127,222786
2009,128,230457
2009,129,208793
2009,130,202423
2009,131,217730
2009,132,191441
2009,133,181970
2009,134,172760
2009,135,163065
2009,136,145642
2009,137,130870
2009,138,117481
2009,139,109600
2009,140,97113.2
2009,141,89541.1
2009,142,83113.1
2009,143,77605.6
2009,144,75181.2
2009,145,68701
2009,146,64964.4
2009,147,61685.6
2009,148,996354
2009,149,104699
2009,150,594611
2009,151,2121810
2009,152,252848
2009,153,261060
2009,154,276075
2009,155,287676
2009,156,296780
2009,157,303900
2009,158,308000
2009,159,509201
2009,160,357640
2009,161,329175
2009,162,393453
2009,163,315732
2009,164,300338
2009,165,282438
2009,166,271308
2009,167,647256
2009,168,296996
2009,169,1420930
2009,170,356046
2009,171,335595
2009,172,318845
2009,173,304335
2009,174,290053
2009,175,277583
2009,176,267220
2009,177,257600
2009,178,343224
2009,179,393466
2009,180,259804
2009,181,252872
2009,182,243568
2009,183,234789
2009,184,1198230
2009,185,510421
2009,186,275872
2009,187,258749
2009,188,293595
2009,189,233234
2009,190,220786
2009,191,210031
2009,192,201753
2009,193,194559
2009,194,705873
2009,195,3517800
2009,196,1080340
2009,197,555683
2009,198,548681
2009,199,657883
2009,200,1713710
2009,201,745750
2009,202,545820
2009,203,973198
2009,204,522470
2009,205,490473
2009,206,469005
2009,207,455149
2009,208,1269550
2009,209,548936
2009,210,502979
2009,211,447457
2009,212,392254
2009,213,352639
2009,214,321169
2009,215,292635
2009,216,269386
2009,217,250069
2009,218,232573
2009,219,217785
2009,220,204906
2009,221,196816
2009,222,677634
2009,223,213029
2009,224,201290
2009,225,190875
2009,226,181904
2009,227,174128
2009,228,167129
2009,229,160825
2009,230,155218
2009,231,150180
2009,232,145581
2009,233,141177
2009,234,136886
2009,235,132851
2009,236,129048
2009,237,124025
2009,238,119271
2009,239,114842
2009,240,110790
2009,241,107015
2009,242,103425
2009,243,99991.3
2009,244,96729.4
2009,245,93646
2009,246,90727.1
2009,247,87902.3
2009,248,108711
2009,249,187130
2009,250,83850.7
2009,251,81646
2009,252,79543.9
2009,253,77484.3
2009,254,75394.2
2009,255,73338.8
2009,256,71367
2009,257,95329.3
2009,258,68098.4
2009,259,66275.8
2009,260,64562.8
2009,261,62907
2009,262,61304.3
2009,263,59720.5
2009,264,249068
2009,265,62738.2
2009,266,59807.4
2009,267,58591.3
2009,268,74192
2009,269,56826
2009,270,55781.5
2009,271,54773
2009,272,53714.2
2009,273,187909
2009,274,54703.2
2009,275,0
2009,276,212058
2009,277,57072.6
2009,278,56602.3
2009,279,56145.8
2009,280,55200.9
2009,281,54155.5
2009,282,52949.6
2009,283,55731.5
2009,284,154945
2009,285,52239.5
2009,286,51094.5
2009,287,49975
2009,288,48961.8
2009,289,47697.9
2009,290,46425.5
2009,291,44928.7
2009,292,43599.4
2009,293,42411.6
2009,294,117298
2009,295,43972.3
2009,296,63642.9
2009,297,92043.7
2009,298,132926
2009,299,175069
2009,300,222734
2009,301,581687
2009,302,426723
2009,303,672119
2009,304,1455830
2009,305,1055130
2009,306,1315160
2009,307,878163
2009,308,438513
2009,309,1925420
2009,310,595811
2009,311,603286
2009,312,953590
2009,313,623502
2009,314,598363
2009,315,563548
2009,316,518139
2009,317,852022
2009,318,486487
2009,319,441882
2009,320,714285
2009,321,500018
2009,322,352202
2009,323,310024
2009,324,270083
2009,325,237568
2009,326,595860
2009,327,372350
2009,328,231403
2009,329,205790
2009,330,189251
2009,331,174077
2009,332,158795
2009,333,145390
2009,334,133920
2009,335,126199
2009,336,116170
2009,337,348765
2009,338,207160
2009,339,306595
2009,340,757618
2009,341,365667
2009,342,981012
2009,343,594578
2009,344,240413
2009,345,221578
2009,346,207023
2009,347,200798
2009,348,194451
2009,349,187497
2009,350,629546
2009,351,213909
2009,352,585660
2009,353,245152
2009,354,219575
2009,355,204718
2009,356,189390
2009,357,171622
2009,358,154755
2009,359,432087
2009,360,506201
2009,361,167121
2009,362,232406
2009,363,160718
2009,364,304883
2009,365,406004
2009,366,151005
2010,1,139746
2010,2,130579
2010,3,143628
2010,4,654411
2010,5,393998
2010,6,655157
2010,7,184367
2010,8,174776
2010,9,184032
2010,10,557524
2010,11,322582
2010,12,364765
2010,13,213707
2010,14,1202760
2010,15,241581
2010,16,595720
2010,17,258545
2010,18,393349
2010,19,876967
2010,20,281611
2010,21,871093
2010,22,313682
2010,23,270326
2010,24,248179
2010,25,238402
2010,26,204764
2010,27,261685
2010,28,175802
2010,29,156692
2010,30,140721
2010,31,463600
2010,32,466678
2010,33,516934
2010,34,175178
2010,35,154939
2010,36,139654
2010,37,126827
2010,38,149225
2010,39,108679
2010,40,100763
2010,41,93915.3
2010,42,791093
2010,43,146654
2010,44,119091
2010,45,113103
2010,46,106113
2010,47,101664
2010,48,483300
2010,49,106713
2010,50,99595.9
2010,51,93211.3
2010,52,319110
2010,53,101440
2010,54,667569
2010,55,128955
2010,56,114854
2010,57,375750
2010,58,380867
2010,59,136437
2010,60,564333
2010,61,138695
2010,62,694829
2010,63,161730
2010,64,2574920
2010,65,315650
2010,66,309357
2010,67,301652
2010,68,281590
2010,69,261360
2010,70,244742
2010,71,984710
2010,72,285655
2010,73,259360
2010,74,888584
2010,75,1215720
2010,76,372081
2010,77,330527
2010,78,298428
2010,79,256582
2010,80,648164
2010,81,297054
2010,82,220393
2010,83,543185
2010,84,629122
2010,85,236427
2010,86,213257
2010,87,193862
2010,88,177114
2010,89,189782
2010,90,1453690
2010,91,634466
2010,92,258801
2010,93,242324
2010,94,228498
2010,95,212890
2010,96,198455
2010,97,185596
2010,98,172053
2010,99,158357
2010,100,146883
2010,101,136967
2010,102,169613
2010,103,227619
2010,104,1571820
2010,105,652734
2010,106,246980
2010,107,230993
2010,108,216489
2010,109,244807
2010,110,261198
2010,111,191727
2010,112,182555
2010,113,174516
2010,114,166884
2010,115,159275
2010,116,427134
2010,117,170116
2010,118,162306
2010,119,517555
2010,120,496073
2010,121,224657
2010,122,175674
2010,123,165588
2010,124,156502
2010,125,199704
2010,126,162059
2010,127,137483
2010,128,130744
2010,129,124810
2010,130,144849
2010,131,115458
2010,132,221947
2010,133,129869
2010,134,108849
2010,135,102961
2010,136,97591
2010,137,92779.9
2010,138,529756
2010,139,191696
2010,140,492762
2010,141,198789
2010,142,134979
2010,143,133235
2010,144,131051
2010,145,128355
2010,146,455651
2010,147,1338130
2010,148,230290
2010,149,234444
2010,150,1368950
2010,151,1613900
2010,152,476883
2010,153,459398
2010,154,569532
2010,155,657172
2010,156,459439
2010,157,443006
2010,158,426535
2010,159,438212
2010,160,398644
2010,161,379638
2010,162,351385
2010,163,325555
2010,164,302249
2010,165,296646
2010,166,257503
2010,167,293903
2010,168,269787
2010,169,207736
2010,170,191938
2010,171,178862
2010,172,167641
2010,173,469563
2010,174,399420
2010,175,185104
2010,176,177605
2010,177,190855
2010,178,218336
2010,179,255441
2010,180,166954
2010,181,163853
2010,182,158264
2010,183,154031
2010,184,297952
2010,185,158194
2010,186,841136
2010,187,888845
2010,188,259905
2010,189,824806
2010,190,305199
2010,191,306491
2010,192,355947
2010,193,2642280
2010,194,526455
2010,195,535120
2010,196,539483
2010,197,736438
2010,198,558637
2010,199,547958
2010,200,535128
2010,201,511903
2010,202,477218
2010,203,437653
2010,204,396514
2010,205,361646
2010,206,332064
2010,207,306793
2010,208,276425
2010,209,261399
2010,210,1990500
2010,211,362363
2010,212,325077
2010,213,301008
2010,214,280690
2010,215,262826
2010,216,246765
2010,217,233040
2010,218,221518
2010,219,211354
2010,220,202214
2010,221,193836
2010,222,205326
2010,223,180368
2010,224,174054
2010,225,163791
2010,226,154759
2010,227,146665
2010,228,139376
2010,229,132752
2010,230,126607
2010,231,120932
2010,232,852317
2010,233,143438
2010,234,139109
2010,235,135153
2010,236,131477
2010,237,127933
2010,238,124551
2010,239,955389
2010,240,2166110
2010,241,251239
2010,242,261850
2010,243,271106
2010,244,279927
2010,245,286595
2010,246,291051
2010,247,288338
2010,248,285343
2010,249,280189
2010,250,273168
2010,251,264126
2010,252,254210
2010,253,244629
2010,254,230648
2010,255,211037
2010,256,194030
2010,257,179239
2010,258,166310
2010,259,154950
2010,260,144895
2010,261,139423
2010,262,128045
2010,263,120802
2010,264,114179
2010,265,108154
2010,266,102809
2010,267,98020.9
2010,268,261955
2010,269,1343840
2010,270,203481
2010,271,144845
2010,272,149556
2010,273,142484
2010,274,140824
2010,275,0
2010,276,138919
2010,277,202171
2010,278,156468
2010,279,137613
2010,280,135513
2010,281,133003
2010,282,130201
2010,283,127105
2010,284,123242
2010,285,115907
2010,286,109305
2010,287,674534
2010,288,2464080
2010,289,1361340
2010,290,736333
2010,291,561995
2010,292,671004
2010,293,788524
2010,294,918132
2010,295,1062960
2010,296,1226310
2010,297,3761150
2010,298,2013520
2010,299,2220230
2010,300,2736800
2010,301,2765890
2010,302,3004020
2010,303,3857170
2010,304,1903240
2010,305,4546520
2010,306,1690090
2010,307,1449370
2010,308,1247300
2010,309,1080620
2010,310,942276
2010,311,824926
2010,312,713617
2010,313,621849
2010,314,1081330
2010,315,579016
2010,316,517470
2010,317,463749
2010,318,415829
2010,319,397559
2010,320,345545
2010,321,339464
2010,322,538207
2010,323,295138
2010,324,276709
2010,325,260540
2010,326,246053
2010,327,243389
2010,328,222133
2010,329,210492
2010,330,560516
2010,331,866604
2010,332,591555
2010,333,254873
2010,334,248222
2010,335,240969
2010,336,232602
2010,337,221580
2010,338,1241280
2010,339,551173
2010,340,329208
2010,341,279559
2010,342,270225
2010,343,260835
2010,344,293913
2010,345,244314
2010,346,230500
2010,347,721453
2010,348,251852
2010,349,236009
2010,350,389260
2010,351,221998
2010,352,209109
2010,353,263707
2010,354,565135
2010,355,203278
2010,356,188986
2010,357,175435
2010,358,231819
2010,359,191164
2010,360,150127
2010,361,140500
2010,362,130059
2010,363,390178
2010,364,129555
2010,365,136020
2010,366,113784
