datetime,site_no,00062_Maximum,00062_Maximum_cd,00062_Minimum,00062_Minimum_cd,00062_Mean,00062_Mean_cd
2016-10-01,01447780,1302.61,A,1301.65,A,1302.23,A
2016-10-02,01447780,1302.8,A,1302.42,A,1302.66,A
2016-10-03,01447780,1302.42,A,1301.45,A,1301.97,A
2016-10-04,01447780,1301.45,A,1300.64,A,1300.97,A
2016-10-05,01447780,1300.64,A,1300.06,A,1300.27,A
2016-10-06,01447780,1300.76,A,1300.25,A,1300.53,A
2016-10-07,01447780,1300.95,A,1300.53,A,1300.71,A
2016-10-08,01447780,1300.54,A,1300.51,A,1300.53,A
2016-10-09,01447780,1300.51,A,1300.41,A,1300.46,A
2016-10-10,01447780,1300.96,A,1300.45,A,1300.68,A
2016-10-11,01447780,1301.47,A,1300.96,A,1301.36,A
2016-10-12,01447780,1301.42,A,1300.79,A,1301.31,A
2016-10-13,01447780,1300.79,A,1299.88,A,1300.12,A
2016-10-14,01447780,1300.48,A,1300.14,A,1300.31,A
2016-10-15,01447780,1300.68,A,1300.48,A,1300.58,A
2016-10-16,01447780,1300.86,A,1300.68,A,1300.77,A
2016-10-17,01447780,1300.92,A,1300.84,A,1300.9,A
2016-10-18,01447780,1300.84,A,1300.57,A,1300.64,A
2016-10-19,01447780,1300.57,A,1300.54,A,1300.56,A
2016-10-20,01447780,1300.99,A,1300.54,A,1300.78,A
2016-10-21,01447780,1301.25,A,1300.99,A,1301.16,A
2016-10-22,01447780,1301.14,A,1301.09,A,1301.11,A
2016-10-23,01447780,1301.33,A,1301.12,A,1301.22,A
2016-10-24,01447780,1301.36,A,1301.02,A,1301.29,A
2016-10-25,01447780,1301.02,A,1300.28,A,1300.52,A
2016-10-26,01447780,1300.28,A,1300.11,A,1300.18,A
2016-10-27,01447780,1300.53,A,1300.08,A,1300.18,A
2016-10-28,01447780,1301.93,A,1300.53,A,1301.43,A
2016-10-29,01447780,1302.07,A,1301.93,A,1302.03,A
2016-10-30,01447780,1302.21,A,1301.95,A,1302.04,A
2016-10-31,01447780,1302.64,A,1302.21,A,1302.51,A
2016-11-01,01447780,1302.42,A,1301.5,A,1302.01,A
2016-11-02,01447780,1301.5,A,1300.64,A,1300.95,A
2016-11-03,01447780,1300.64,A,1300.33,A,1300.5,A
2016-11-04,01447780,1300.35,A,1300.17,A,1300.25,A
2016-11-05,01447780,1300.59,A,1300.35,A,1300.47,A
2016-11-06,01447780,1300.71,A,1300.59,A,1300.66,A
2016-11-07,01447780,1300.71,A,1300.54,A,1300.68,A
2016-11-08,01447780,1300.54,A,1300.14,A,1300.21,A
2016-11-09,01447780,1300.19,A,1300.13,A,1300.15,A
2016-11-10,01447780,1300.31,A,1300.13,A,1300.19,A
2016-11-11,01447780,1300.67,A,1300.31,A,1300.51,A
2016-11-12,01447780,1300.86,A,1300.67,A,1300.77,A
2016-11-13,01447780,1300.99,A,1300.86,A,1300.92,A
2016-11-14,01447780,1301.05,A,1300.99,A,1301.02,A
2016-11-15,01447780,1301.08,A,1301.05,A,1301.07,A
2016-11-16,01447780,1301.1,A,1301.08,A,1301.1,A
2016-11-17,01447780,1301.13,A,1301.1,A,1301.11,A
2016-11-18,01447780,1301.32,A,1301.13,A,1301.2,A
2016-11-19,01447780,1301.53,A,1301.32,A,1301.41,A
2016-11-20,01447780,1301.99,A,1301.53,A,1301.76,A
2016-11-21,01447780,1302.43,A,1301.99,A,1302.21,A
2016-11-22,01447780,1302.08,A,1301.36,A,1301.72,A
2016-11-23,01447780,1301.36,A,1300.77,A,1300.93,A
2016-11-24,01447780,1300.82,A,1300.77,A,1300.79,A
2016-11-25,01447780,1301.14,A,1300.82,A,1300.94,A
2016-11-26,01447780,1301.77,A,1301.14,A,1301.44,A
2016-11-27,01447780,1302.26,A,1301.77,A,1302.09,A
2016-11-28,01447780,1302.39,A,1302.26,A,1302.34,A
2016-11-29,01447780,1302.44,A,1301.02,A,1301.99,A
2016-11-30,01447780,1301.02,A,1300.02,A,1300.5,A
2016-12-01,01447780,1303.54,A,1300.64,A,1302.79,A
2016-12-02,01447780,1303.04,A,1300.55,A,1301.52,A
2016-12-03,01447780,1301.22,A,1300.85,A,1301.12,A
2016-12-04,01447780,1300.85,A,1300.17,A,1300.46,A
2016-12-05,01447780,1300.71,A,1300.53,A,1300.67,A
2016-12-06,01447780,1300.63,A,1300.2,A,1300.42,A
2016-12-07,01447780,1301.01,A,1300.56,A,1300.89,A
2016-12-08,01447780,1301.11,A,1300.99,A,1301.05,A
2016-12-09,01447780,1301.0,A,1300.78,A,1300.9,A
2016-12-10,01447780,1301.09,A,1300.98,A,1301.06,A
2016-12-11,01447780,1301.53,A,1300.48,A,1300.88,A
2016-12-12,01447780,1303.79,A,1301.53,A,1302.59,A
2016-12-13,01447780,1304.53,A,1303.26,A,1304.0,A
2016-12-14,01447780,1303.26,A,1301.72,A,1302.39,A
2016-12-15,01447780,1301.72,A,1300.57,A,1300.98,A
2016-12-16,01447780,1301.85,A,1300.87,A,1301.11,A
2016-12-17,01447780,1303.42,A,1301.85,A,1302.75,A
2016-12-18,01447780,1305.06,A,1303.42,A,1304.23,A
2016-12-19,01447780,1305.75,A,1304.77,A,1305.35,A
2016-12-20,01447780,1304.77,A,1302.29,A,1303.27,A
2016-12-21,01447780,1302.29,A,1300.37,A,1301.3,A
2016-12-22,01447780,1300.37,A,1299.69,A,1299.89,A
2016-12-23,01447780,1300.21,A,1299.92,A,1300.03,A
2016-12-24,01447780,1300.55,A,1300.21,A,1300.34,A
2016-12-25,01447780,1300.99,A,1300.55,A,1300.77,A
2016-12-26,01447780,1301.23,A,1300.99,A,1301.12,A
2016-12-27,01447780,1301.88,A,1301.23,A,1301.42,A
2016-12-28,01447780,1302.6,A,1301.88,A,1302.31,A
2016-12-29,01447780,1302.07,A,1301.05,A,1301.53,A
2016-12-30,01447780,1301.05,A,1300.32,A,1300.58,A
2016-12-31,01447780,1300.52,A,1300.13,A,1300.3,A
2017-01-01,01447780,1300.83,A,1300.52,A,1300.72,A
2017-01-02,01447780,1300.83,A,1300.77,A,1300.81,A
2017-01-03,01447780,1301.38,A,1300.74,A,1300.85,A
2017-01-04,01447780,1302.85,A,1301.38,A,1302.44,A
2017-01-05,01447780,1303.01,A,1301.58,A,1302.53,A
2017-01-06,01447780,1301.58,A,1300.33,A,1300.68,A
2017-01-07,01447780,1300.78,A,1299.68,A,1300.17,A
2017-01-08,01447780,1300.8,A,1300.52,A,1300.66,A
2017-01-09,01447780,1300.66,A,1299.83,A,1300.25,A
2017-01-10,01447780,1301.15,A,1300.57,A,1300.81,A
2017-01-11,01447780,1302.23,A,1301.15,A,1301.7,A
2017-01-12,01447780,1303.5,A,1302.23,A,1303.0,A
2017-01-13,01447780,1304.71,A,1302.11,A,1303.7,A
2017-01-14,01447780,1302.11,A,1299.84,A,1300.8,A
2017-01-15,01447780,1302.03,A,1301.34,A,1301.85,A
2017-01-16,01447780,1302.02,A,1300.73,A,1301.28,A
2017-01-17,01447780,1300.73,A,1299.83,A,1300.14,A
2017-01-18,01447780,1300.86,A,1299.84,A,1300.25,A
2017-01-19,01447780,1301.61,A,1300.86,A,1301.37,A
2017-01-20,01447780,1302.13,A,1301.6,A,1301.68,A
2017-01-21,01447780,1304.98,A,1302.13,A,1303.6,A
2017-01-22,01447780,1306.91,A,1304.98,A,1306.04,A
2017-01-23,01447780,1307.44,A,1304.82,A,1306.47,A
2017-01-24,01447780,1304.82,A,1302.36,A,1303.58,A
2017-01-25,01447780,1302.36,A,1301.35,A,1301.75,A
2017-01-26,01447780,1302.76,A,1302.05,A,1302.42,A
2017-01-27,01447780,1303.27,A,1302.76,A,1303.13,A
2017-01-28,01447780,1303.23,A,1302.07,A,1302.77,A
2017-01-29,01447780,1302.07,A,1299.63,A,1300.94,A
2017-01-30,01447780,1299.63,A,1298.67,A,1299.08,A
2017-01-31,01447780,1300.14,A,1299.35,A,1299.59,A
2017-02-01,01447780,1300.81,A,1300.14,A,1300.65,A
2017-02-02,01447780,1300.8,A,1300.36,A,1300.62,A
2017-02-03,01447780,1300.36,A,1299.51,A,1299.95,A
2017-02-04,01447780,1301.15,A,1300.25,A,1300.6,A
2017-02-05,01447780,1301.94,A,1301.14,A,1301.42,A
2017-02-06,01447780,1302.2,A,1301.64,A,1301.98,A
2017-02-07,01447780,1301.64,A,1301.07,A,1301.26,A
2017-02-08,01447780,1301.35,A,1301.08,A,1301.17,A
2017-02-09,01447780,1302.16,A,1301.35,A,1301.8,A
2017-02-10,01447780,1301.42,A,1299.74,A,1300.53,A
2017-02-11,01447780,1302.17,A,1301.06,A,1301.65,A
2017-02-12,01447780,1303.96,A,1302.17,A,1302.84,A
2017-02-13,01447780,1304.97,A,1303.96,A,1304.64,A
2017-02-14,01447780,1304.43,A,1302.68,A,1303.6,A
2017-02-15,01447780,1302.68,A,1300.61,A,1301.65,A
2017-02-16,01447780,1300.61,A,1299.88,A,1300.05,A
2017-02-17,01447780,1300.74,A,1299.91,A,1300.13,A
2017-02-18,01447780,1302.54,A,1300.74,A,1301.61,A
2017-02-19,01447780,1303.89,A,1302.54,A,1303.5,A
2017-02-20,01447780,1305.86,A,1303.89,A,1304.91,A
2017-02-21,01447780,1310.02,A,1305.86,A,1307.52,A
2017-02-22,01447780,1314.83,A,1310.02,A,1312.47,A
2017-02-23,01447780,1319.29,A,1314.83,A,1317.12,A
2017-02-24,01447780,1322.76,A,1319.29,A,1321.23,A
2017-02-25,01447780,1328.42,A,1322.76,A,1324.42,A
2017-02-26,01447780,1339.17,A,1328.42,A,1334.51,A
2017-02-27,01447780,1345.5,A,1339.17,A,1342.43,A
2017-02-28,01447780,1350.13,A,1345.5,A,1347.97,A
2017-03-01,01447780,1353.48,A,1350.13,A,1351.85,A
2017-03-02,01447780,1354.75,A,1353.48,A,1354.45,A
2017-03-03,01447780,1355.13,A,1354.26,A,1354.57,A
2017-03-04,01447780,1356.58,A,1355.13,A,1355.92,A
2017-03-05,01447780,1357.33,A,1356.58,A,1356.92,A
2017-03-06,01447780,1357.59,A,1357.33,A,1357.51,A
2017-03-07,01447780,1357.7,A,1357.59,A,1357.63,A
2017-03-08,01447780,1358.45,A,1357.7,A,1358.04,A
2017-03-09,01447780,1358.62,A,1358.45,A,1358.55,A
2017-03-10,01447780,1358.79,A,1358.46,A,1358.55,A
2017-03-11,01447780,1359.33,A,1358.79,A,1359.07,A
2017-03-12,01447780,1359.59,A,1359.33,A,1359.46,A
2017-03-13,01447780,1359.87,A,1359.52,A,1359.66,A
2017-03-14,01447780,1360.11,A,1359.38,A,1359.91,A
2017-03-15,01447780,1359.38,A,1357.96,A,1358.65,A
2017-03-16,01447780,1357.96,A,1356.51,A,1357.22,A
2017-03-17,01447780,1356.51,A,1355.51,A,1355.87,A
2017-03-18,01447780,1356.34,A,1355.88,A,1356.13,A
2017-03-19,01447780,1356.67,A,1356.34,A,1356.49,A
2017-03-20,01447780,1357.01,A,1356.67,A,1356.83,A
2017-03-21,01447780,1357.19,A,1357.01,A,1357.12,A
2017-03-22,01447780,1357.34,A,1357.15,A,1357.29,A
2017-03-23,01447780,1357.26,A,1356.82,A,1357.05,A
2017-03-24,01447780,1356.86,A,1356.51,A,1356.68,A
2017-03-25,01447780,1358.22,A,1356.86,A,1357.4,A
2017-03-26,01447780,1360.96,A,1358.22,A,1359.6,A
2017-03-27,01447780,1363.2,A,1360.96,A,1362.05,A
2017-03-28,01447780,1364.26,A,1363.2,A,1363.99,A
2017-03-29,01447780,1364.68,A,1362.88,A,1364.06,A
2017-03-30,01447780,1362.88,A,1356.09,A,1360.04,A
2017-03-31,01447780,1356.46,A,1351.04,A,1353.5,A
2017-04-01,01447780,1366.21,A,1356.46,A,1362.2,A
2017-04-02,01447780,1366.2,A,1364.64,A,1365.62,A
2017-04-03,01447780,1364.64,A,1361.06,A,1362.99,A
2017-04-04,01447780,1361.06,A,1356.11,A,1358.9,A
2017-04-05,01447780,1356.11,A,1351.01,A,1353.05,A
2017-04-06,01447780,1352.94,A,1349.79,A,1350.47,A
2017-04-07,01447780,1359.76,A,1352.94,A,1357.55,A
2017-04-08,01447780,1360.71,A,1359.63,A,1359.99,A
2017-04-09,01447780,1361.65,A,1360.71,A,1361.37,A
2017-04-10,01447780,1361.94,A,1361.57,A,1361.75,A
2017-04-11,01447780,1361.96,A,1361.79,A,1361.9,A
2017-04-12,01447780,1361.86,A,1361.66,A,1361.76,A
2017-04-13,01447780,1362.05,A,1361.85,A,1361.91,A
2017-04-14,01447780,1363.03,A,1362.05,A,1362.4,A
2017-04-15,01447780,1364.21,A,1363.03,A,1363.64,A
2017-04-16,01447780,1365.24,A,1364.21,A,1364.71,A
2017-04-17,01447780,1366.89,A,1365.24,A,1366.02,A
2017-04-18,01447780,1368.31,A,1366.89,A,1367.63,A
2017-04-19,01447780,1368.85,A,1368.31,A,1368.71,A
2017-04-20,01447780,1368.83,A,1368.74,A,1368.78,A
2017-04-21,01447780,1369.68,A,1368.73,A,1369.18,A
2017-04-22,01447780,1370.15,A,1369.68,A,1369.97,A
2017-04-23,01447780,1370.16,A,1370.0,A,1370.11,A
2017-04-24,01447780,1370.0,A,1369.39,A,1369.72,A
2017-04-25,01447780,1369.39,A,1368.05,A,1368.84,A
2017-04-26,01447780,1368.05,A,1367.0,A,1367.35,A
2017-04-27,01447780,1367.0,A,1366.89,A,1366.92,A
2017-04-28,01447780,1367.22,A,1366.97,A,1367.06,A
2017-04-29,01447780,1367.71,A,1367.22,A,1367.47,A
2017-04-30,01447780,1368.04,A,1367.71,A,1367.89,A
2017-05-01,01447780,1368.23,A,1368.04,A,1368.14,A
2017-05-02,01447780,1368.44,A,1368.22,A,1368.34,A
2017-05-03,01447780,1368.47,A,1368.26,A,1368.39,A
2017-05-04,01447780,1368.26,A,1367.81,A,1368.04,A
2017-05-05,01447780,1367.97,A,1367.62,A,1367.73,A
2017-05-06,01447780,1369.75,A,1367.97,A,1368.87,A
2017-05-07,01447780,1370.46,A,1369.75,A,1370.09,A
2017-05-08,01447780,1370.68,A,1370.24,A,1370.49,A
2017-05-09,01447780,1370.24,A,1370.02,A,1370.08,A
2017-05-10,01447780,1370.36,A,1370.12,A,1370.24,A
2017-05-11,01447780,1370.37,A,1370.27,A,1370.33,A
2017-05-12,01447780,1370.27,A,1370.19,A,1370.2,A
2017-05-13,01447780,1370.42,A,1369.93,A,1370.07,A
2017-05-14,01447780,1371.65,A,1370.42,A,1371.31,A
2017-05-15,01447780,1371.58,A,1370.53,A,1371.21,A
2017-05-16,01447780,1370.53,A,1369.97,A,1370.13,A
2017-05-17,01447780,1370.42,A,1370.2,A,1370.33,A
2017-05-18,01447780,1370.36,A,1370.18,A,1370.26,A
2017-05-19,01447780,1370.22,A,1370.09,A,1370.18,A
2017-05-20,01447780,1370.09,A,1369.56,A,1369.75,A
2017-05-21,01447780,1369.76,A,1369.69,A,1369.73,A
2017-05-22,01447780,1369.93,A,1369.75,A,1369.82,A
2017-05-23,01447780,1370.02,A,1369.93,A,1370.0,A
2017-05-24,01447780,1370.02,A,1369.99,A,1370.01,A
2017-05-25,01447780,1370.19,A,1370.02,A,1370.08,A
2017-05-26,01447780,1370.33,A,1370.19,A,1370.28,A
2017-05-27,01447780,1370.32,A,1369.85,A,1369.98,A
2017-05-28,01447780,1369.88,A,1369.25,A,1369.43,A
2017-05-29,01447780,1370.26,A,1369.25,A,1369.63,A
2017-05-30,01447780,1370.62,A,1370.26,A,1370.49,A
2017-05-31,01447780,1370.36,A,1370.08,A,1370.17,A
2017-06-01,01447780,1370.12,A,1370.03,A,1370.08,A
2017-06-02,01447780,1370.1,A,1370.03,A,1370.07,A
2017-06-03,01447780,1370.13,A,1370.1,A,1370.11,A
2017-06-04,01447780,1370.12,A,1370.06,A,1370.09,A
2017-06-05,01447780,1370.22,A,1370.12,A,1370.18,A
2017-06-06,01447780,1371.08,A,1370.19,A,1370.56,A
2017-06-07,01447780,1371.53,A,1370.88,A,1371.27,A
2017-06-08,01447780,1370.88,A,1370.41,A,1370.59,A
2017-06-09,01447780,1370.65,A,1370.5,A,1370.58,A
2017-06-10,01447780,1370.5,A,1369.9,A,1370.12,A
2017-06-11,01447780,1369.9,A,1369.5,A,1369.63,A
2017-06-12,01447780,1369.72,A,1369.45,A,1369.55,A
2017-06-13,01447780,1370.07,A,1369.72,A,1369.89,A
2017-06-14,01447780,1370.27,A,1370.07,A,1370.23,A
2017-06-15,01447780,1370.26,A,1370.05,A,1370.17,A
2017-06-17,01447780,1370.19,A,1370.0,A,1370.1,A
2017-06-18,01447780,1370.35,A,1370.19,A,1370.28,A
2017-06-20,01447780,1370.17,A,1369.95,A,1370.0,A
2017-06-21,01447780,1369.95,A,1369.86,A,1369.89,A
2017-06-22,01447780,1370.07,A,1369.86,A,1369.94,A
2017-06-23,01447780,1370.23,A,1370.07,A,1370.16,A
2017-06-24,01447780,1370.23,A,1369.58,A,1369.84,A
2017-06-25,01447780,1369.58,A,1369.06,A,1369.21,A
2017-06-26,01447780,1369.36,A,1369.14,A,1369.22,A
2017-06-27,01447780,1369.56,A,1369.36,A,1369.46,A
2017-06-28,01447780,1369.73,A,1369.56,A,1369.65,A
2017-06-29,01447780,1369.78,A,1369.73,A,1369.76,A
2017-06-30,01447780,1369.79,A,1369.69,A,1369.77,A
2017-07-01,01447780,1369.69,A,1369.56,A,1369.6,A
2017-07-02,01447780,1369.65,A,1369.56,A,1369.62,A
2017-07-03,01447780,1369.65,A,1369.55,A,1369.61,A
2017-07-04,01447780,1369.56,A,1369.33,A,1369.45,A
2017-07-05,01447780,1369.33,A,1368.96,A,1369.15,A
2017-07-06,01447780,1368.96,A,1368.56,A,1368.76,A
2017-07-07,01447780,1368.65,A,1368.51,A,1368.55,A
2017-07-08,01447780,1368.64,A,1367.93,A,1368.12,A
2017-07-09,01447780,1367.96,A,1367.09,A,1367.35,A
2017-07-10,01447780,1367.09,A,1366.77,A,1366.94,A
2017-07-11,01447780,1366.77,A,1366.39,A,1366.58,A
2017-07-12,01447780,1366.39,A,1365.95,A,1366.18,A
2017-07-13,01447780,1365.95,A,1365.5,A,1365.72,A
2017-07-14,01447780,1366.85,A,1365.39,A,1365.79,A
2017-07-15,01447780,1368.98,A,1366.85,A,1368.0,A
2017-07-16,01447780,1370.08,A,1368.98,A,1369.6,A
2017-07-17,01447780,1370.95,A,1370.08,A,1370.36,A
2017-07-18,01447780,1371.61,A,1370.95,A,1371.42,A
2017-07-19,01447780,1371.84,A,1371.61,A,1371.67,A
2017-07-20,01447780,1371.93,A,1371.71,A,1371.83,A
2017-07-21,01447780,1371.71,A,1371.5,A,1371.6,A
2017-07-22,01447780,1371.5,A,1370.48,A,1370.75,A
2017-07-23,01447780,1370.5,A,1369.52,A,1369.77,A
2017-07-24,01447780,1371.21,A,1369.54,A,1370.5,A
2017-07-25,01447780,1371.15,A,1370.68,A,1370.89,A
2017-07-26,01447780,1370.68,A,1370.36,A,1370.49,A
2017-07-27,01447780,1370.52,A,1370.32,A,1370.42,A
2017-07-28,01447780,1370.32,A,1370.11,A,1370.18,A
2017-07-29,01447780,1370.24,A,1369.87,A,1370.03,A
2017-07-30,01447780,1370.24,A,1369.75,A,1369.88,A
2017-07-31,01447780,1369.86,A,1369.72,A,1369.78,A
2017-08-01,01447780,1369.97,A,1369.86,A,1369.92,A
2017-08-02,01447780,1369.99,A,1369.97,A,1369.98,A
2017-08-03,01447780,1370.1,A,1369.98,A,1370.03,A
2017-08-04,01447780,1370.19,A,1370.1,A,1370.14,A
2017-08-05,01447780,1370.18,A,1369.54,A,1369.74,A
2017-08-06,01447780,1369.67,A,1368.94,A,1369.13,A
2017-08-07,01447780,1369.11,A,1368.97,A,1369.02,A
2017-08-08,01447780,1369.33,A,1369.11,A,1369.23,A
2017-08-09,01447780,1369.36,A,1369.33,A,1369.36,A
2017-08-10,01447780,1369.36,A,1369.27,A,1369.32,A
2017-08-11,01447780,1369.27,A,1369.15,A,1369.2,A
2017-08-12,01447780,1369.15,A,1368.61,A,1368.82,A
2017-08-13,01447780,1368.92,A,1368.36,A,1368.55,A
2017-08-14,01447780,1368.65,A,1368.53,A,1368.61,A
2017-08-15,01447780,1368.67,A,1368.64,A,1368.66,A
2017-08-16,01447780,1368.64,A,1368.48,A,1368.57,A
2017-08-17,01447780,1368.48,A,1368.19,A,1368.34,A
2017-08-18,01447780,1368.19,A,1367.91,A,1368.05,A
2017-08-19,01447780,1367.91,A,1366.82,A,1367.16,A
2017-08-20,01447780,1366.82,A,1365.65,A,1366.02,A
2017-08-21,01447780,1365.65,A,1365.44,A,1365.52,A
2017-08-22,01447780,1365.46,A,1365.13,A,1365.31,A
2017-08-23,01447780,1365.13,A,1365.01,A,1365.07,A
2017-08-24,01447780,1365.01,A,1364.69,A,1364.86,A
2017-08-25,01447780,1364.69,A,1364.16,A,1364.46,A
2017-08-26,01447780,1364.16,A,1361.02,A,1361.94,A
2017-08-27,01447780,1361.02,A,1359.19,A,1359.78,A
2017-08-28,01447780,1359.19,A,1358.67,A,1358.91,A
2017-08-29,01447780,1358.67,A,1358.18,A,1358.44,A
2017-08-30,01447780,1358.18,A,1357.63,A,1357.91,A
2017-08-31,01447780,1357.63,A,1357.14,A,1357.37,A
2017-09-01,01447780,1357.14,A,1356.49,A,1356.9,A
2017-09-02,01447780,1356.49,A,1352.48,A,1353.62,A
2017-09-03,01447780,1352.48,A,1350.15,A,1350.86,A
2017-09-04,01447780,1350.15,A,1349.66,A,1349.91,A
2017-09-05,01447780,1349.66,A,1349.06,A,1349.35,A
2017-09-06,01447780,1349.08,A,1348.98,A,1349.01,A
2017-09-07,01447780,1349.22,A,1348.93,A,1349.14,A
2017-09-08,01447780,1348.93,A,1348.64,A,1348.72,A
2017-09-09,01447780,1348.81,A,1348.62,A,1348.76,A
2017-09-10,01447780,1348.62,A,1347.93,A,1348.31,A
2017-09-11,01447780,1347.93,A,1347.38,A,1347.6,A
2017-09-12,01447780,1347.38,A,1346.98,A,1347.17,A
2017-09-13,01447780,1346.98,A,1346.54,A,1346.77,A
2017-09-14,01447780,1346.54,A,1346.26,A,1346.37,A
2017-09-15,01447780,1346.26,A,1346.02,A,1346.14,A
2017-09-16,01447780,1346.02,A,1345.8,A,1345.9,A
2017-09-17,01447780,1345.8,A,1345.71,A,1345.76,A
2017-09-18,01447780,1345.78,A,1345.49,A,1345.67,A
2017-09-19,01447780,1345.49,A,1345.12,A,1345.29,A
2017-09-20,01447780,1345.12,A,1344.78,A,1344.95,A
2017-09-21,01447780,1344.78,A,1344.42,A,1344.59,A
2017-09-22,01447780,1344.42,A,1344.1,A,1344.25,A
2017-09-23,01447780,1344.1,A,1343.76,A,1343.93,A
2017-09-24,01447780,1343.76,A,1343.39,A,1343.57,A
2017-09-25,01447780,1343.39,A,1343.04,A,1343.2,A
2017-09-26,01447780,1343.04,A,1342.68,A,1342.86,A
2017-09-27,01447780,1342.68,A,1342.3,A,1342.49,A
2017-09-28,01447780,1342.3,A,1341.98,A,1342.11,A
2017-09-29,01447780,1341.98,A,1341.7,A,1341.84,A
2017-09-30,01447780,1341.7,A,1341.42,A,1341.56,A
2017-10-01,01447780,1341.42,A,1341.16,A,1341.29,A
2017-10-02,01447780,1341.16,A,1340.86,A,1341.02,A
2017-10-03,01447780,1340.86,A,1340.53,A,1340.69,A
2017-10-04,01447780,1340.53,A,1340.2,A,1340.37,A
2017-10-05,01447780,1340.2,A,1339.85,A,1340.03,A
2017-10-06,01447780,1339.85,A,1339.46,A,1339.67,A
2017-10-07,01447780,1339.46,A,1318.42,A,1329.35,A
2017-10-08,01447780,1318.42,A,1306.83,A,1310.5,A
2017-10-09,01447780,1307.68,A,1306.23,A,1306.61,A
2017-10-10,01447780,1309.4,A,1307.22,A,1308.43,A
2017-10-11,01447780,1307.22,A,1302.94,A,1305.12,A
2017-10-12,01447780,1302.94,A,1300.36,A,1301.03,A
2017-10-13,01447780,1301.16,A,1300.29,A,1300.57,A
2017-10-14,01447780,1302.81,A,1301.16,A,1302.03,A
2017-10-15,01447780,1304.07,A,1302.81,A,1303.45,A
2017-10-16,01447780,1304.43,A,1303.39,A,1303.94,A
2017-10-17,01447780,1303.39,A,1302.27,A,1302.85,A
2017-10-18,01447780,1302.27,A,1300.91,A,1301.6,A
2017-10-19,01447780,1300.91,A,1300.47,A,1300.63,A
2017-10-20,01447780,1300.94,A,1300.46,A,1300.8,A
2017-10-21,01447780,1300.61,A,1300.15,A,1300.36,A
2017-10-22,01447780,1301.13,A,1300.61,A,1300.88,A
2017-10-23,01447780,1301.27,A,1301.02,A,1301.16,A
2017-10-24,01447780,1301.26,A,1300.98,A,1301.07,A
2017-10-25,01447780,1301.49,A,1301.26,A,1301.41,A
2017-10-26,01447780,1301.34,A,1300.98,A,1301.18,A
2017-10-27,01447780,1300.98,A,1300.62,A,1300.74,A
2017-10-28,01447780,1301.38,A,1300.67,A,1301.04,A
2017-10-29,01447780,1302.33,A,1301.38,A,1301.73,A
2017-10-30,01447780,1304.4,A,1302.33,A,1303.76,A
2017-10-31,01447780,1303.37,A,1300.99,A,1301.76,A
2017-11-01,01447780,1301.42,A,1301.09,A,1301.23,A
2017-11-02,01447780,1301.51,A,1301.01,A,1301.36,A
2017-11-03,01447780,1301.01,A,1300.24,A,1300.58,A
2017-11-04,01447780,1301.28,A,1300.7,A,1301.04,A
2017-11-05,01447780,1301.57,A,1301.28,A,1301.43,A
2017-11-06,01447780,1301.68,A,1301.39,A,1301.57,A
2017-11-07,01447780,1301.39,A,1300.15,A,1300.97,A
2017-11-08,01447780,1300.45,A,1299.44,A,1299.87,A
2017-11-09,01447780,1301.07,A,1300.45,A,1300.88,A
2017-11-10,01447780,1301.46,A,1301.07,A,1301.3,A
2017-11-11,01447780,1301.42,A,1300.72,A,1301.11,A
2017-11-12,01447780,1300.72,A,1300.32,A,1300.41,A
2017-11-13,01447780,1300.33,A,1300.29,A,1300.31,A
2017-11-14,01447780,1300.29,A,1300.16,A,1300.23,A
2017-11-15,01447780,1300.16,A,1300.06,A,1300.11,A
2017-11-16,01447780,1300.42,A,1300.16,A,1300.28,A
2017-11-17,01447780,1300.62,A,1300.42,A,1300.55,A
2017-11-18,01447780,1300.75,A,1300.62,A,1300.64,A
2017-11-19,01447780,1302.75,A,1300.75,A,1301.54,A
2017-11-20,01447780,1303.61,A,1302.63,A,1303.16,A
2017-11-21,01447780,1302.63,A,1301.27,A,1301.85,A
2017-11-22,01447780,1301.27,A,1300.87,A,1301.05,A
2017-11-23,01447780,1302.05,A,1301.26,A,1301.65,A
2017-11-24,01447780,1302.54,A,1302.05,A,1302.32,A
2017-11-25,01447780,1304.72,A,1302.54,A,1302.97,A
2017-11-26,01447780,1305.67,A,1304.72,A,1305.52,A
2017-11-27,01447780,1305.64,A,1304.47,A,1305.22,A
2017-11-28,01447780,1304.47,A,1302.74,A,1303.61,A
2017-11-29,01447780,1302.74,A,1301.33,A,1301.95,A
2017-11-30,01447780,1301.33,A,1300.66,A,1300.89,A
2017-12-01,01447780,1301.14,A,1300.8,A,1300.98,A
2017-12-02,01447780,1301.33,A,1301.14,A,1301.24,A
2017-12-03,01447780,1301.42,A,1301.33,A,1301.38,A
2017-12-04,01447780,1301.43,A,1301.38,A,1301.41,A
2017-12-05,01447780,1301.54,A,1301.38,A,1301.41,A
2017-12-06,01447780,1302.44,A,1301.54,A,1302.08,A
2017-12-07,01447780,1302.33,A,1301.79,A,1302.1,A
2017-12-08,01447780,1301.79,A,1300.33,A,1301.1,A
2017-12-09,01447780,1300.36,A,1299.83,A,1300.08,A
2017-12-10,01447780,1301.0,A,1300.36,A,1300.65,A
2017-12-11,01447780,1301.52,A,1301.0,A,1301.29,A
2017-12-12,01447780,1301.29,A,1300.72,A,1301.01,A
2017-12-13,01447780,1300.72,A,1300.13,A,1300.3,A
2017-12-14,01447780,1300.62,A,1300.21,A,1300.36,A
2017-12-15,01447780,1300.61,A,1300.01,A,1300.26,A
2017-12-16,01447780,1300.92,A,1300.23,A,1300.42,A
2017-12-17,01447780,1302.29,A,1300.92,A,1301.58,A
2017-12-18,01447780,1302.74,A,1302.29,A,1302.55,A
2017-12-19,01447780,1302.39,A,1302.12,A,1302.22,A
2017-12-20,01447780,1302.13,A,1301.66,A,1301.99,A
2017-12-21,01447780,1301.66,A,1300.58,A,1301.13,A
2017-12-22,01447780,1300.58,A,1299.95,A,1300.14,A
2017-12-23,01447780,1301.58,A,1300.1,A,1300.5,A
2017-12-24,01447780,1306.4,A,1301.58,A,1304.08,A
2017-12-25,01447780,1307.94,A,1305.81,A,1307.04,A
2017-12-26,01447780,1305.81,A,1301.16,A,1303.25,A
2017-12-27,01447780,1301.16,A,1299.34,A,1299.84,A
2017-12-28,01447780,1300.59,A,1299.99,A,1300.24,A
2017-12-29,01447780,1301.4,A,1300.59,A,1300.9,A
2017-12-30,01447780,1302.03,A,1301.4,A,1301.65,A
2017-12-31,01447780,1302.71,A,1302.03,A,1302.36,A
2018-01-01,01447780,1303.18,A,1302.71,A,1302.87,A
2018-01-02,01447780,1303.31,A,1303.03,A,1303.2,A
2018-01-03,01447780,1303.03,A,1302.14,A,1302.54,A
2018-01-04,01447780,1302.14,A,1301.26,A,1301.7,A
2018-01-05,01447780,1301.26,A,1300.72,A,1300.92,A
2018-01-06,01447780,1300.9,A,1300.85,A,1300.88,A
2018-01-07,01447780,1300.86,A,1300.74,A,1300.79,A
2018-01-08,01447780,1300.9,A,1300.77,A,1300.81,A
2018-01-09,01447780,1301.05,A,1300.9,A,1301.0,A
2018-01-10,01447780,1301.01,A,1300.72,A,1300.87,A
2018-01-11,01447780,1300.72,A,1300.4,A,1300.57,A
2018-01-12,01447780,1303.59,A,1300.4,A,1301.09,A
2018-01-13,01447780,1322.32,A,1303.59,A,1316.51,A
2018-01-16,01447780,1313.2,A,1306.72,A,1310.15,A
2018-01-17,01447780,1306.72,A,1300.61,A,1302.9,A
2018-01-18,01447780,1301.1,A,1300.36,A,1300.65,A
2018-01-19,01447780,1300.7,A,1299.49,A,1300.06,A
2018-01-20,01447780,1301.38,A,1300.7,A,1301.01,A
2018-01-21,01447780,1301.39,A,1301.01,A,1301.22,A
2018-01-22,01447780,1301.01,A,1300.73,A,1300.84,A
2018-01-23,01447780,1314.27,A,1300.95,A,1305.87,A
2018-01-24,01447780,1318.9,A,1314.27,A,1317.57,A
2018-01-25,01447780,1317.1,A,1309.27,A,1313.57,A
2018-01-26,01447780,1309.27,A,1303.46,A,1305.34,A
2018-01-27,01447780,1306.68,A,1305.45,A,1306.14,A
2018-01-28,01447780,1305.45,A,1302.89,A,1304.2,A
2018-01-29,01447780,1302.89,A,1300.72,A,1301.46,A
2018-01-30,01447780,1300.77,A,1300.18,A,1300.49,A
2018-01-31,01447780,1301.2,A,1299.58,A,1300.19,A
2018-02-01,01447780,1301.74,A,1301.2,A,1301.59,A
2018-02-02,01447780,1301.53,A,1300.9,A,1301.32,A
2018-02-03,01447780,1300.9,A,1299.71,A,1300.24,A
2018-02-04,01447780,1301.7,A,1300.72,A,1301.11,A
2018-02-05,01447780,1302.63,A,1301.7,A,1302.35,A
2018-02-06,01447780,1302.27,A,1301.37,A,1301.59,A
2018-02-07,01447780,1301.39,A,1300.55,A,1300.83,A
2018-02-08,01447780,1301.38,A,1300.76,A,1301.13,A
2018-02-09,01447780,1301.35,A,1300.67,A,1300.96,A
2018-02-10,01447780,1300.67,A,1299.62,A,1300.13,A
2018-02-11,01447780,1304.53,A,1299.59,A,1300.93,A
2018-02-12,01447780,1308.56,A,1304.53,A,1307.29,A
2018-02-13,01447780,1306.59,A,1302.36,A,1303.75,A
2018-02-14,01447780,1302.48,A,1300.98,A,1301.8,A
2018-02-15,01447780,1304.73,A,1302.36,A,1303.71,A
2018-02-16,01447780,1307.83,A,1304.73,A,1306.7,A
2018-02-17,01447780,1307.91,A,1304.12,A,1306.62,A
2018-02-18,01447780,1304.19,A,1301.04,A,1302.73,A
2018-02-19,01447780,1305.56,A,1304.19,A,1305.13,A
2018-02-20,01447780,1305.88,A,1304.74,A,1305.29,A
2018-02-21,01447780,1304.75,A,1301.81,A,1303.79,A
2018-02-22,01447780,1302.47,A,1300.12,A,1300.95,A
2018-02-23,01447780,1304.63,A,1302.47,A,1303.76,A
2018-02-24,01447780,1305.89,A,1304.63,A,1305.46,A
2018-02-25,01447780,1321.43,A,1305.57,A,1311.73,A
2018-02-26,01447780,1325.67,A,1321.43,A,1324.05,A
2018-02-27,01447780,1321.69,A,1311.15,A,1316.01,A
2018-02-28,01447780,1311.15,A,1304.17,A,1306.77,A
2018-03-01,01447780,1304.17,A,1300.67,A,1302.43,A
2018-03-02,01447780,1310.73,A,1300.66,A,1304.88,A
2018-03-03,01447780,1324.75,A,1310.73,A,1316.87,A
2018-03-04,01447780,1335.41,A,1324.75,A,1330.57,A
2018-03-05,01447780,1338.02,A,1335.41,A,1337.25,A
2018-03-06,01447780,1336.98,A,1334.46,A,1335.78,A
2018-03-07,01447780,1334.46,A,1331.74,A,1333.1,A
2018-03-08,01447780,1331.74,A,1328.3,A,1330.11,A
2018-03-09,01447780,1328.3,A,1325.75,A,1326.96,A
2018-03-10,01447780,1332.48,A,1327.94,A,1330.32,A
2018-03-11,01447780,1335.89,A,1332.48,A,1334.25,A
2018-03-12,01447780,1336.79,A,1335.89,A,1336.64,A
2018-03-13,01447780,1336.76,A,1335.88,A,1336.57,A
2018-03-14,01447780,1335.88,A,1332.54,A,1334.39,A
2018-03-15,01447780,1332.54,A,1327.9,A,1330.39,A
2018-03-16,01447780,1327.9,A,1326.14,A,1326.72,A
2018-03-17,01447780,1329.33,A,1327.16,A,1328.26,A
2018-03-18,01447780,1331.14,A,1329.33,A,1330.27,A
2018-03-19,01447780,1331.75,A,1331.14,A,1331.62,A
2018-03-20,01447780,1331.76,A,1331.68,A,1331.73,A
2018-03-21,01447780,1331.69,A,1331.51,A,1331.6,A
2018-03-22,01447780,1332.05,A,1331.42,A,1331.65,A
2018-03-23,01447780,1332.92,A,1332.05,A,1332.49,A
2018-03-24,01447780,1333.72,A,1332.92,A,1333.32,A
2018-03-25,01447780,1334.61,A,1333.72,A,1334.16,A
2018-03-26,01447780,1335.35,A,1334.61,A,1334.98,A
2018-03-27,01447780,1336.21,A,1335.35,A,1335.77,A
2018-03-28,01447780,1337.43,A,1336.21,A,1336.76,A
2018-03-29,01447780,1340.09,A,1337.43,A,1338.57,A
2018-03-30,01447780,1348.22,A,1340.09,A,1343.54,A
2018-03-31,01447780,1355.98,A,1348.22,A,1352.39,A
2018-04-01,01447780,1361.57,A,1355.98,A,1358.89,A
2018-04-02,01447780,1363.26,A,1361.57,A,1362.85,A
2018-04-03,01447780,1362.79,A,1361.49,A,1362.07,A
2018-04-04,01447780,1361.49,A,1361.02,A,1361.18,A
2018-04-05,01447780,1361.08,A,1359.43,A,1360.57,A
2018-04-06,01447780,1359.43,A,1358.53,A,1358.81,A
2018-04-07,01447780,1360.2,A,1359.22,A,1359.8,A
2018-04-08,01447780,1361.02,A,1360.2,A,1360.5,A
2018-04-09,01447780,1361.58,A,1361.02,A,1361.38,A
2018-04-10,01447780,1361.67,A,1361.58,A,1361.65,A
2018-04-11,01447780,1361.66,A,1361.4,A,1361.55,A
2018-04-12,01447780,1361.4,A,1361.27,A,1361.3,A
2018-04-13,01447780,1361.83,A,1361.26,A,1361.38,A
2018-04-14,01447780,1363.07,A,1361.83,A,1362.45,A
2018-04-15,01447780,1364.17,A,1363.07,A,1363.63,A
2018-04-16,01447780,1365.45,A,1364.17,A,1364.67,A
2018-04-17,01447780,1366.44,A,1365.42,A,1366.05,A
2018-04-18,01447780,1365.42,A,1362.32,A,1363.87,A
2018-04-19,01447780,1362.32,A,1360.62,A,1361.09,A
2018-04-20,01447780,1361.88,A,1360.75,A,1361.01,A
2018-04-21,01447780,1364.05,A,1361.88,A,1363.02,A
2018-04-22,01447780,1365.68,A,1364.05,A,1364.9,A
2018-04-23,01447780,1366.36,A,1365.68,A,1366.13,A
2018-04-24,01447780,1366.06,A,1364.99,A,1365.54,A
2018-04-25,01447780,1364.99,A,1364.69,A,1364.79,A
2018-04-26,01447780,1364.69,A,1362.23,A,1364.01,A
2018-04-27,01447780,1362.23,A,1359.3,A,1360.5,A
2018-04-28,01447780,1364.59,A,1361.21,A,1362.95,A
2018-04-29,01447780,1367.32,A,1364.59,A,1366.03,A
2018-04-30,01447780,1367.97,A,1367.32,A,1367.86,A
2018-05-01,01447780,1367.93,A,1367.53,A,1367.76,A
2018-05-02,01447780,1367.53,A,1366.46,A,1367.07,A
2018-05-03,01447780,1366.46,A,1365.44,A,1365.84,A
2018-05-04,01447780,1365.55,A,1365.14,A,1365.32,A
2018-05-05,01447780,1366.46,A,1365.55,A,1366.01,A
2018-05-06,01447780,1367.58,A,1366.46,A,1366.95,A
2018-05-07,01447780,1369.04,A,1367.58,A,1368.33,A
2018-05-08,01447780,1369.56,A,1369.04,A,1369.4,A
2018-05-09,01447780,1369.65,A,1369.56,A,1369.62,A
2018-05-10,01447780,1369.71,A,1369.62,A,1369.64,A
2018-05-11,01447780,1369.86,A,1369.01,A,1369.57,A
2018-05-12,01447780,1369.58,A,1368.51,A,1368.88,A
2018-05-13,01447780,1371.45,A,1369.58,A,1370.64,A
2018-05-14,01447780,1371.59,A,1370.94,A,1371.36,A
2018-05-15,01447780,1370.94,A,1370.56,A,1370.71,A
2018-05-16,01447780,1371.7,A,1370.42,A,1370.68,A
2018-05-17,01447780,1372.7,A,1371.27,A,1372.16,A
2018-05-18,01447780,1371.27,A,1367.21,A,1369.34,A
2018-05-19,01447780,1370.25,A,1367.21,A,1368.12,A
2018-05-20,01447780,1371.71,A,1370.25,A,1371.38,A
2018-05-21,01447780,1371.36,A,1369.99,A,1370.41,A
2018-05-22,01447780,1370.97,A,1369.93,A,1370.27,A
2018-05-23,01447780,1371.95,A,1370.97,A,1371.6,A
2018-05-24,01447780,1371.93,A,1370.8,A,1371.44,A
2018-05-25,01447780,1370.8,A,1370.21,A,1370.39,A
2018-05-26,01447780,1370.59,A,1370.49,A,1370.55,A
2018-05-27,01447780,1370.5,A,1370.42,A,1370.46,A
2018-05-28,01447780,1370.42,A,1370.15,A,1370.27,A
2018-05-29,01447780,1370.24,A,1370.15,A,1370.22,A
2018-05-30,01447780,1370.24,A,1370.06,A,1370.14,A
2018-05-31,01447780,1370.35,A,1370.24,A,1370.31,A
2018-06-01,01447780,1370.42,A,1370.35,A,1370.4,A
2018-06-02,01447780,1370.42,A,1370.34,A,1370.4,A
2018-06-03,01447780,1370.34,A,1370.05,A,1370.21,A
2018-06-04,01447780,1370.05,A,1369.94,A,1369.97,A
2018-06-05,01447780,1370.12,A,1369.98,A,1370.02,A
2018-06-06,01447780,1370.2,A,1370.12,A,1370.18,A
2018-06-07,01447780,1370.2,A,1370.17,A,1370.18,A
2018-06-08,01447780,1370.18,A,1370.12,A,1370.16,A
2018-06-09,01447780,1370.12,A,1369.62,A,1369.79,A
2018-06-10,01447780,1369.8,A,1369.25,A,1369.46,A
2018-06-11,01447780,1370.21,A,1369.61,A,1369.98,A
2018-06-12,01447780,1370.21,A,1370.13,A,1370.18,A
2018-06-13,01447780,1370.17,A,1370.07,A,1370.09,A
2018-06-14,01447780,1370.56,A,1370.17,A,1370.42,A
2018-06-15,01447780,1370.57,A,1370.32,A,1370.48,A
2018-06-16,01447780,1370.32,A,1370.11,A,1370.16,A
2018-06-17,01447780,1370.11,A,1369.89,A,1370.01,A
2018-06-18,01447780,1370.04,A,1369.81,A,1369.87,A
2018-06-19,01447780,1370.35,A,1370.04,A,1370.24,A
2018-06-20,01447780,1370.36,A,1370.29,A,1370.34,A
2018-06-21,01447780,1370.3,A,1370.16,A,1370.25,A
2018-06-22,01447780,1370.16,A,1370.06,A,1370.08,A
2018-06-23,01447780,1370.06,A,1369.39,A,1369.59,A
2018-06-24,01447780,1369.54,A,1368.97,A,1369.16,A
2018-06-25,01447780,1369.55,A,1369.19,A,1369.39,A
2018-06-26,01447780,1369.76,A,1369.55,A,1369.66,A
2018-06-27,01447780,1369.93,A,1369.76,A,1369.83,A
2018-06-28,01447780,1370.52,A,1369.93,A,1370.26,A
2018-06-29,01447780,1370.94,A,1370.52,A,1370.75,A
2018-06-30,01447780,1370.98,A,1370.92,A,1370.96,A
2018-07-01,01447780,1370.92,A,1370.49,A,1370.73,A
2018-07-02,01447780,1370.49,A,1370.19,A,1370.29,A
2018-07-03,01447780,1370.19,A,1369.94,A,1370.07,A
2018-07-04,01447780,1369.99,A,1369.78,A,1369.85,A
2018-07-05,01447780,1370.37,A,1369.99,A,1370.3,A
2018-07-06,01447780,1370.29,A,1370.12,A,1370.19,A
2018-07-07,01447780,1370.12,A,1369.39,A,1369.59,A
2018-07-08,01447780,1369.39,A,1368.42,A,1368.72,A
2018-07-09,01447780,1368.42,A,1368.1,A,1368.27,A
2018-07-10,01447780,1368.1,A,1367.73,A,1367.91,A
2018-07-11,01447780,1367.73,A,1367.38,A,1367.55,A
2018-07-12,01447780,1367.38,A,1366.94,A,1367.16,A
2018-07-13,01447780,1366.94,A,1366.56,A,1366.74,A
2018-07-14,01447780,1366.56,A,1366.19,A,1366.37,A
2018-07-15,01447780,1366.19,A,1365.88,A,1366.03,A
2018-07-16,01447780,1365.88,A,1365.53,A,1365.71,A
2018-07-17,01447780,1365.53,A,1365.28,A,1365.37,A
2018-07-18,01447780,1365.39,A,1365.29,A,1365.36,A
2018-07-19,01447780,1365.38,A,1365.24,A,1365.32,A
2018-07-20,01447780,1365.24,A,1364.85,A,1365.06,A
2018-07-21,01447780,1364.85,A,1363.51,A,1363.93,A
2018-07-22,01447780,1364.05,A,1362.76,A,1363.14,A
2018-07-23,01447780,1368.19,A,1364.05,A,1366.88,A
2018-07-24,01447780,1376.25,A,1368.19,A,1370.97,A
2018-07-25,01447780,1389.51,A,1376.25,A,1382.93,A
2018-07-26,01447780,1394.98,A,1389.51,A,1393.65,A
2018-07-27,01447780,1394.65,A,1390.15,A,1392.54,A
2018-07-28,01447780,1390.15,A,1383.42,A,1387.14,A
2018-07-29,01447780,1383.42,A,1374.18,A,1378.97,A
2018-07-30,01447780,1374.18,A,1370.06,A,1370.9,A
2018-07-31,01447780,1370.24,A,1370.17,A,1370.2,A
2018-08-01,01447780,1370.61,A,1370.23,A,1370.44,A
2018-08-02,01447780,1370.75,A,1369.93,A,1370.45,A
2018-08-03,01447780,1369.93,A,1368.72,A,1369.16,A
2018-08-04,01447780,1375.07,A,1368.99,A,1372.31,A
2018-08-05,01447780,1377.07,A,1375.07,A,1376.47,A
2018-08-06,01447780,1376.57,A,1372.34,A,1374.58,A
2018-08-07,01447780,1372.34,A,1369.96,A,1370.56,A
2018-08-08,01447780,1370.07,A,1370.01,A,1370.04,A
2018-08-09,01447780,1370.06,A,1369.96,A,1370.0,A
2018-08-10,01447780,1369.96,A,1369.86,A,1369.9,A
2018-08-11,01447780,1369.91,A,1369.66,A,1369.79,A
2018-08-12,01447780,1369.66,A,1369.48,A,1369.56,A
2018-08-13,01447780,1377.06,A,1369.64,A,1371.26,A
2018-08-14,01447780,1384.87,A,1377.06,A,1382.65,A
2018-08-15,01447780,1384.28,A,1380.07,A,1382.57,A
2018-08-16,01447780,1380.07,A,1372.13,A,1376.24,A
2018-08-17,01447780,1372.13,A,1365.69,A,1368.06,A
2018-08-18,01447780,1367.1,A,1365.77,A,1366.5,A
2018-08-19,01447780,1368.43,A,1367.1,A,1367.66,A
2018-08-20,01447780,1369.63,A,1368.43,A,1369.13,A
2018-08-21,01447780,1370.23,A,1369.63,A,1369.93,A
2018-08-22,01447780,1370.59,A,1370.23,A,1370.46,A
2018-08-23,01447780,1370.32,A,1370.11,A,1370.16,A
2018-08-24,01447780,1370.11,A,1369.93,A,1370.01,A
2018-08-25,01447780,1369.93,A,1368.02,A,1368.6,A
2018-08-26,01447780,1368.02,A,1367.14,A,1367.41,A
2018-08-27,01447780,1367.49,A,1367.05,A,1367.22,A
2018-08-28,01447780,1367.96,A,1367.49,A,1367.74,A
2018-08-29,01447780,1368.28,A,1367.96,A,1368.13,A
2018-08-30,01447780,1368.51,A,1368.28,A,1368.41,A
2018-08-31,01447780,1369.77,A,1368.51,A,1368.89,A
2018-09-01,01447780,1369.77,A,1368.27,A,1368.87,A
2018-09-02,01447780,1368.27,A,1367.66,A,1367.83,A
2018-09-03,01447780,1367.69,A,1367.4,A,1367.57,A
2018-09-04,01447780,1367.4,A,1366.89,A,1367.14,A
2018-09-05,01447780,1366.89,A,1363.0,A,1365.56,A
2018-09-06,01447780,1363.0,A,1356.46,A,1359.82,A
2018-09-07,01447780,1356.46,A,1348.87,A,1352.74,A
2018-09-08,01447780,1348.87,A,1340.11,A,1344.6,A
2018-09-09,01447780,1340.11,A,1330.94,A,1335.44,A
2018-09-10,01447780,1334.64,A,1329.07,A,1331.11,A
2018-09-11,01447780,1336.19,A,1331.82,A,1334.82,A
2018-09-12,01447780,1331.82,A,1324.87,A,1328.82,A
2018-09-13,01447780,1324.87,A,1320.44,A,1321.4,A
2018-09-14,01447780,1322.21,A,1319.94,A,1320.77,A
2018-09-15,01447780,1323.98,A,1322.21,A,1323.28,A
2018-09-16,01447780,1324.15,A,1323.95,A,1324.09,A
2018-09-17,01447780,1323.95,A,1322.84,A,1323.42,A
2018-09-18,01447780,1337.89,A,1322.84,A,1327.81,A
2018-09-19,01447780,1349.04,A,1337.89,A,1345.07,A
2018-09-20,01447780,1350.61,A,1349.04,A,1350.17,A
2018-09-21,01447780,1350.61,A,1350.27,A,1350.48,A
2018-09-22,01447780,1350.79,A,1350.57,A,1350.73,A
2018-09-23,01447780,1350.76,A,1350.16,A,1350.52,A
2018-09-24,01447780,1350.16,A,1349.01,A,1349.62,A
2018-09-25,01447780,1349.92,A,1348.46,A,1348.93,A
2018-09-26,01447780,1351.61,A,1349.92,A,1351.08,A
2018-09-27,01447780,1351.6,A,1350.47,A,1351.25,A
2018-09-28,01447780,1352.7,A,1350.3,A,1351.34,A
2018-09-29,01447780,1353.1,A,1352.7,A,1352.97,A
2018-09-30,01447780,1352.73,A,1350.23,A,1351.64,A
2018-10-01,01447780,1350.23,A,1348.69,A,1349.18,A
2018-10-02,01447780,1350.88,A,1348.34,A,1348.64,A
2018-10-03,01447780,1354.99,A,1350.88,A,1353.49,A
2018-10-04,01447780,1351.77,A,1347.97,A,1349.5,A
2018-10-05,01447780,1347.97,A,1332.09,A,1340.46,A
2018-10-06,01447780,1332.09,A,1320.48,A,1326.55,A
2018-10-07,01447780,1320.48,A,1309.59,A,1313.89,A
2018-10-08,01447780,1309.59,A,1306.42,A,1308.13,A
2018-10-09,01447780,1306.42,A,1302.07,A,1304.33,A
2018-10-10,01447780,1302.07,A,1300.03,A,1300.49,A
2018-10-11,01447780,1318.86,A,1300.0,A,1305.13,A
2018-10-12,01447780,1326.19,A,1318.86,A,1324.75,A
2018-10-13,01447780,1324.4,A,1313.95,A,1319.62,A
2018-10-14,01447780,1313.95,A,1305.81,A,1308.85,A
2018-10-15,01447780,1305.81,A,1301.86,A,1303.34,A
2018-10-16,01447780,1304.32,A,1301.78,A,1303.4,A
2018-10-17,01447780,1301.78,A,1299.77,A,1300.35,A
2018-10-18,01447780,1300.63,A,1299.14,A,1299.8,A
2018-10-19,01447780,1301.94,A,1300.63,A,1301.2,A
2018-10-20,01447780,1303.36,A,1301.94,A,1302.66,A
2018-10-21,01447780,1305.27,A,1303.36,A,1304.42,A
2018-10-22,01447780,1305.51,A,1302.56,A,1304.59,A
2018-10-23,01447780,1302.56,A,1300.38,A,1300.97,A
2018-10-24,01447780,1300.38,A,1300.17,A,1300.21,A
2018-10-25,01447780,1300.17,A,1300.01,A,1300.08,A
2018-10-26,01447780,1300.01,A,1299.92,A,1299.96,A
2018-10-27,01447780,1303.51,A,1299.95,A,1300.92,A
2018-10-28,01447780,1306.57,A,1303.51,A,1305.6,A
2018-10-29,01447780,1305.19,A,1303.85,A,1304.38,A
2018-10-30,01447780,1303.85,A,1301.06,A,1302.7,A
2018-10-31,01447780,1301.06,A,1299.83,A,1300.07,A
2018-11-01,01447780,1300.12,A,1299.58,A,1299.84,A
2018-11-02,01447780,1302.84,A,1300.12,A,1300.82,A
2018-11-03,01447780,1323.22,A,1302.84,A,1315.7,A
2018-11-04,01447780,1323.22,A,1315.38,A,1320.59,A
2018-11-05,01447780,1315.38,A,1304.44,A,1308.68,A
2018-11-06,01447780,1304.44,A,1302.2,A,1303.15,A
2018-11-07,01447780,1305.34,A,1303.42,A,1304.72,A
2018-11-08,01447780,1303.42,A,1300.34,A,1301.27,A
2018-11-09,01447780,1301.2,A,1299.18,A,1299.9,A
2018-11-10,01447780,1307.56,A,1301.2,A,1305.89,A
2018-11-11,01447780,1307.44,A,1304.49,A,1305.9,A
2018-11-12,01447780,1304.49,A,1301.51,A,1303.27,A
2018-11-13,01447780,1304.81,A,1300.81,A,1302.46,A
2018-11-14,01447780,1305.22,A,1302.31,A,1304.35,A
2018-11-15,01447780,1302.31,A,1300.31,A,1301.42,A
2018-11-16,01447780,1303.18,A,1302.21,A,1302.68,A
2018-11-17,01447780,1303.31,A,1302.86,A,1303.18,A
2018-11-18,01447780,1302.86,A,1300.82,A,1301.98,A
2018-11-19,01447780,1301.48,A,1299.9,A,1300.61,A
2018-11-20,01447780,1302.49,A,1301.48,A,1302.21,A
2018-11-21,01447780,1302.95,A,1301.99,A,1302.33,A
2018-11-22,01447780,1303.29,A,1302.8,A,1303.12,A
2018-11-23,01447780,1302.8,A,1301.14,A,1301.81,A
2018-11-24,01447780,1304.49,A,1301.94,A,1302.61,A
2018-11-25,01447780,1319.03,A,1304.49,A,1313.82,A
2018-11-26,01447780,1323.49,A,1319.03,A,1320.67,A
2018-11-27,01447780,1343.69,A,1323.49,A,1335.39,A
2018-11-28,01447780,1346.23,A,1343.69,A,1345.64,A
2018-11-29,01447780,1345.3,A,1335.01,A,1341.42,A
2018-11-30,01447780,1335.01,A,1320.82,A,1326.79,A
2018-12-01,01447780,1320.82,A,1311.9,A,1316.52,A
2018-12-02,01447780,1311.9,A,1306.8,A,1308.84,A
2018-12-03,01447780,1306.8,A,1302.85,A,1305.01,A
2018-12-04,01447780,1302.85,A,1300.46,A,1301.48,A
2018-12-05,01447780,1302.28,A,1301.66,A,1302.1,A
2018-12-06,01447780,1301.66,A,1300.74,A,1300.98,A
2018-12-07,01447780,1301.47,A,1300.32,A,1300.75,A
2018-12-08,01447780,1303.09,A,1301.47,A,1302.4,A
2018-12-09,01447780,1303.28,A,1303.09,A,1303.22,A
2018-12-10,01447780,1303.19,A,1302.54,A,1302.91,A
2018-12-11,01447780,1302.54,A,1301.06,A,1301.81,A
2018-12-12,01447780,1301.06,A,1300.0,A,1300.35,A
2018-12-13,01447780,1300.18,A,1299.98,A,1300.06,A
2018-12-14,01447780,1300.5,A,1300.18,A,1300.33,A
2018-12-15,01447780,1302.06,A,1300.5,A,1301.17,A
2018-12-16,01447780,1313.8,A,1302.06,A,1306.38,A
2018-12-17,01447780,1318.76,A,1313.8,A,1316.65,A
2018-12-18,01447780,1314.52,A,1303.93,A,1309.67,A
2018-12-19,01447780,1303.93,A,1299.72,A,1300.98,A
2018-12-20,01447780,1301.57,A,1299.54,A,1300.85,A
2018-12-21,01447780,1338.63,A,1299.5,A,1315.15,A
2018-12-22,01447780,1351.13,A,1338.63,A,1348.54,A
2018-12-23,01447780,1350.77,A,1344.29,A,1348.09,A
2018-12-24,01447780,1344.29,A,1330.75,A,1338.23,A
2018-12-25,01447780,1330.75,A,1310.98,A,1321.39,A
2018-12-26,01447780,1310.98,A,1303.19,A,1304.73,A
2018-12-27,01447780,1303.74,A,1302.66,A,1303.35,A
2018-12-28,01447780,1306.54,A,1302.19,A,1303.38,A
2018-12-29,01447780,1311.9,A,1306.54,A,1309.66,A
2018-12-30,01447780,1313.09,A,1311.9,A,1312.76,A
2018-12-31,01447780,1313.08,A,1312.2,A,1312.61,A
2019-01-01,01447780,1319.01,A,1312.53,A,1316.02,A
2019-01-02,01447780,1320.28,A,1311.19,A,1317.35,A
2019-01-03,01447780,1311.19,A,1301.12,A,1304.32,A
2019-01-04,01447780,1302.08,A,1300.95,A,1301.75,A
2019-01-05,01447780,1303.74,A,1300.67,A,1301.57,A
2019-01-06,01447780,1306.98,A,1303.74,A,1305.76,A
2019-01-07,01447780,1307.06,A,1303.08,A,1305.74,A
2019-01-08,01447780,1303.08,A,1300.07,A,1300.89,A
2019-01-09,01447780,1301.85,A,1300.54,A,1301.36,A
2019-01-10,01447780,1301.85,A,1300.78,A,1301.49,A
2019-01-11,01447780,1300.78,A,1299.72,A,1300.06,A
2019-01-12,01447780,1300.25,A,1300.06,A,1300.16,A
2019-01-13,01447780,1300.06,A,1299.43,A,1299.77,A
2019-01-14,01447780,1300.26,A,1298.97,A,1299.47,A
2019-01-15,01447780,1300.72,A,1300.26,A,1300.52,A
2019-01-16,01447780,1300.72,A,1300.43,A,1300.58,A
2019-01-17,01447780,1300.43,A,1299.96,A,1300.11,A
2019-01-18,01447780,1300.13,A,1299.83,A,1299.94,A
2019-01-19,01447780,1300.72,A,1300.13,A,1300.4,A
2019-01-20,01447780,1303.28,A,1300.72,A,1301.91,A
2019-01-21,01447780,1303.35,A,1302.8,A,1303.2,A
2019-01-22,01447780,1302.8,A,1301.98,A,1302.33,A
2019-01-23,01447780,1302.45,A,1300.01,A,1301.49,A
2019-01-24,01447780,1327.69,A,1299.46,A,1306.99,A
2019-01-25,01447780,1344.26,A,1327.69,A,1339.74,A
2019-01-26,01447780,1344.26,A,1338.33,A,1342.25,A
2019-01-27,01447780,1338.33,A,1324.52,A,1331.91,A
2019-01-28,01447780,1324.52,A,1307.35,A,1315.86,A
2019-01-29,01447780,1307.35,A,1301.54,A,1302.47,A
2019-01-30,01447780,1301.62,A,1300.18,A,1300.9,A
2019-01-31,01447780,1300.19,A,1298.78,A,1299.4,A
2019-02-01,01447780,1301.75,A,1300.16,A,1300.66,A
2019-02-02,01447780,1303.11,A,1301.51,A,1302.0,A
2019-02-03,01447780,1304.94,A,1303.11,A,1303.93,A
2019-02-04,01447780,1305.38,A,1303.31,A,1304.57,A
2019-02-05,01447780,1303.31,A,1301.69,A,1302.25,A
2019-02-06,01447780,1302.09,A,1300.88,A,1301.6,A
2019-02-07,01447780,1301.24,A,1300.51,A,1300.83,A
2019-02-08,01447780,1305.41,A,1300.73,A,1302.6,A
2019-02-09,01447780,1306.63,A,1305.41,A,1306.44,A
2019-02-10,01447780,1306.5,A,1302.69,A,1304.75,A
2019-02-11,01447780,1302.69,A,1299.86,A,1300.69,A
2019-02-12,01447780,1299.97,A,1299.4,A,1299.69,A
2019-02-13,01447780,1299.42,A,1299.04,A,1299.21,A
2019-02-14,01447780,1299.66,A,1299.42,A,1299.59,A
2019-02-15,01447780,1301.01,A,1299.31,A,1299.8,A
2019-02-16,01447780,1304.42,A,1301.01,A,1302.83,A
2019-02-17,01447780,1305.31,A,1304.42,A,1304.86,A
2019-02-18,01447780,1304.44,A,1302.97,A,1303.77,A
2019-02-19,01447780,1302.97,A,1300.87,A,1301.79,A
2019-02-20,01447780,1300.87,A,1299.58,A,1300.03,A
2019-02-21,01447780,1300.49,A,1299.59,A,1299.92,A
2019-02-22,01447780,1300.97,A,1300.49,A,1300.79,A
2019-02-23,01447780,1300.58,A,1299.78,A,1300.07,A
2019-02-24,01447780,1302.35,A,1299.69,A,1300.41,A
2019-02-25,01447780,1304.12,A,1302.08,A,1303.2,A
2019-02-26,01447780,1302.08,A,1300.22,A,1300.78,A
2019-02-27,01447780,1301.11,A,1300.72,A,1300.95,A
2019-02-28,01447780,1300.72,A,1299.81,A,1300.2,A
2019-03-01,01447780,1300.04,A,1299.56,A,1299.76,A
2019-03-02,01447780,1300.63,A,1300.04,A,1300.35,A
2019-03-03,01447780,1300.94,A,1300.63,A,1300.76,A
2019-03-04,01447780,1301.24,A,1300.81,A,1301.07,A
2019-03-05,01447780,1300.81,A,1299.76,A,1300.17,A
2019-03-06,01447780,1299.91,A,1299.29,A,1299.58,A
2019-03-07,01447780,1300.65,A,1299.09,A,1299.67,A
2019-03-08,01447780,1301.17,A,1300.65,A,1300.88,A
2019-03-09,01447780,1301.22,A,1301.15,A,1301.18,A
2019-03-10,01447780,1302.57,A,1301.2,A,1301.67,A
2019-03-11,01447780,1303.41,A,1302.57,A,1303.17,A
2019-03-12,01447780,1303.59,A,1302.64,A,1303.28,A
2019-03-13,01447780,1302.64,A,1301.21,A,1301.79,A
2019-03-14,01447780,1301.36,A,1300.56,A,1300.86,A
2019-03-15,01447780,1310.55,A,1301.36,A,1304.91,A
2019-03-16,01447780,1321.82,A,1310.55,A,1316.79,A
2019-03-17,01447780,1327.35,A,1321.82,A,1324.88,A
2019-03-18,01447780,1330.32,A,1327.35,A,1328.92,A
2019-03-19,01447780,1332.37,A,1330.32,A,1331.42,A
2019-03-20,01447780,1334.37,A,1332.37,A,1333.33,A
2019-03-21,01447780,1336.84,A,1334.37,A,1335.16,A
2019-03-22,01447780,1343.39,A,1336.84,A,1340.67,A
2019-03-23,01447780,1346.39,A,1343.39,A,1344.63,A
2019-03-24,01447780,1349.61,A,1346.39,A,1348.19,A
2019-03-25,01447780,1350.95,A,1349.61,A,1350.48,A
2019-03-26,01447780,1351.08,A,1350.95,A,1351.04,A
2019-03-27,01447780,1351.05,A,1350.78,A,1350.89,A
2019-03-28,01447780,1351.22,A,1351.05,A,1351.16,A
2019-03-29,01447780,1352.24,A,1351.22,A,1351.45,A
2019-03-30,01447780,1354.65,A,1352.24,A,1353.45,A
2019-03-31,01447780,1357.08,A,1354.65,A,1355.86,A
2019-04-01,01447780,1357.8,A,1357.08,A,1357.52,A
2019-04-02,01447780,1357.2,A,1355.76,A,1356.51,A
2019-04-03,01447780,1355.76,A,1353.91,A,1354.86,A
2019-04-04,01447780,1353.91,A,1351.74,A,1352.85,A
2019-04-05,01447780,1351.74,A,1351.01,A,1351.27,A
2019-04-06,01447780,1353.87,A,1351.71,A,1352.77,A
2019-04-07,01447780,1355.79,A,1353.87,A,1354.85,A
2019-04-08,01447780,1356.82,A,1355.79,A,1356.41,A
2019-04-09,01447780,1357.26,A,1356.82,A,1357.07,A
2019-04-10,01447780,1357.57,A,1357.26,A,1357.42,A
2019-04-11,01447780,1357.95,A,1357.57,A,1357.74,A
2019-04-12,01447780,1358.62,A,1357.95,A,1358.16,A
2019-04-13,01447780,1363.82,A,1358.62,A,1361.12,A
2019-04-14,01447780,1367.34,A,1363.82,A,1365.82,A
2019-04-15,01447780,1372.83,A,1367.34,A,1371.36,A
2019-04-16,01447780,1372.66,A,1368.54,A,1370.93,A
2019-04-17,01447780,1368.54,A,1361.53,A,1365.22,A
2019-04-18,01447780,1361.53,A,1355.42,A,1357.69,A
2019-04-19,01447780,1355.42,A,1354.56,A,1354.86,A
2019-04-20,01447780,1361.08,A,1355.42,A,1358.37,A
2019-04-21,01447780,1365.15,A,1361.08,A,1363.29,A
2019-04-22,01447780,1365.89,A,1365.15,A,1365.6,A
2019-04-23,01447780,1365.2,A,1362.19,A,1363.92,A
2019-04-24,01447780,1362.19,A,1360.88,A,1361.51,A
2019-04-25,01447780,1361.11,A,1360.05,A,1360.68,A
2019-04-26,01447780,1361.67,A,1360.23,A,1360.62,A
2019-04-27,01447780,1366.36,A,1361.67,A,1364.15,A
2019-04-28,01447780,1369.72,A,1366.36,A,1368.11,A
2019-04-29,01447780,1370.58,A,1369.72,A,1370.27,A
2019-04-30,01447780,1369.98,A,1368.26,A,1369.26,A
2019-05-01,01447780,1368.26,A,1365.57,A,1366.95,A
2019-05-02,01447780,1365.57,A,1364.11,A,1364.54,A
2019-05-03,01447780,1364.33,A,1363.8,A,1364.0,A
2019-05-04,01447780,1365.63,A,1364.33,A,1364.99,A
2019-05-05,01447780,1368.28,A,1365.63,A,1366.68,A
2019-05-06,01447780,1370.16,A,1368.28,A,1369.53,A
2019-05-07,01447780,1370.33,A,1369.85,A,1370.17,A
2019-05-08,01447780,1369.85,A,1369.55,A,1369.64,A
2019-05-09,01447780,1369.7,A,1369.62,A,1369.66,A
2019-05-10,01447780,1369.7,A,1369.17,A,1369.53,A
2019-05-11,01447780,1369.17,A,1368.7,A,1368.9,A
2019-05-12,01447780,1371.33,A,1369.03,A,1370.09,A
2019-05-13,01447780,1371.74,A,1371.05,A,1371.32,A
2019-05-14,01447780,1372.56,A,1371.74,A,1372.25,A
2019-05-15,01447780,1371.76,A,1369.19,A,1370.38,A
2019-05-16,01447780,1369.19,A,1368.33,A,1368.53,A
2019-05-17,01447780,1368.95,A,1368.46,A,1368.63,A
2019-05-18,01447780,1369.48,A,1368.95,A,1369.19,A
2019-05-19,01447780,1370.0,A,1369.48,A,1369.76,A
2019-05-20,01447780,1370.22,A,1370.0,A,1370.16,A
2019-05-21,01447780,1370.22,A,1370.14,A,1370.19,A
2019-05-22,01447780,1370.22,A,1370.18,A,1370.2,A
2019-05-23,01447780,1370.31,A,1370.16,A,1370.24,A
2019-05-24,01447780,1370.35,A,1370.28,A,1370.33,A
2019-05-25,01447780,1370.28,A,1370.07,A,1370.14,A
2019-05-26,01447780,1370.08,A,1369.82,A,1369.92,A
2019-05-27,01447780,1370.25,A,1369.99,A,1370.14,A
2019-05-28,01447780,1370.27,A,1370.16,A,1370.22,A
2019-05-29,01447780,1371.33,A,1370.14,A,1370.37,A
2019-05-30,01447780,1371.71,A,1370.75,A,1371.26,A
2019-05-31,01447780,1371.41,A,1370.76,A,1371.19,A
2019-06-01,01447780,1371.36,A,1370.42,A,1370.85,A
2019-06-02,01447780,1371.1,A,1370.71,A,1370.98,A
2019-06-03,01447780,1371.08,A,1370.86,A,1370.97,A
2019-06-04,01447780,1370.93,A,1370.37,A,1370.69,A
2019-06-05,01447780,1370.37,A,1370.14,A,1370.21,A
2019-06-06,01447780,1370.38,A,1370.24,A,1370.3,A
2019-06-07,01447780,1370.41,A,1370.38,A,1370.4,A
2019-06-08,01447780,1370.38,A,1370.05,A,1370.16,A
2019-06-09,01447780,1370.05,A,1369.58,A,1369.74,A
2019-06-10,01447780,1369.58,A,1369.51,A,1369.54,A
2019-06-11,01447780,1369.98,A,1369.56,A,1369.84,A
2019-06-12,01447780,1369.99,A,1369.96,A,1369.98,A
2019-06-13,01447780,1370.21,A,1369.99,A,1370.07,A
2019-06-14,01447780,1370.36,A,1370.21,A,1370.32,A
2019-06-15,01447780,1370.36,A,1370.17,A,1370.25,A
2019-06-16,01447780,1370.18,A,1370.02,A,1370.11,A
2019-06-17,01447780,1370.02,A,1369.96,A,1369.97,A
2019-06-18,01447780,1370.53,A,1369.97,A,1370.15,A
2019-06-19,01447780,1370.69,A,1370.23,A,1370.49,A
2019-06-20,01447780,1370.44,A,1370.01,A,1370.13,A
2019-06-21,01447780,1371.54,A,1370.44,A,1371.07,A
2019-06-22,01447780,1372.27,A,1370.61,A,1371.72,A
2019-06-23,01447780,1372.18,A,1370.7,A,1371.67,A
2019-06-24,01447780,1370.7,A,1369.82,A,1370.03,A
2019-06-25,01447780,1370.2,A,1370.01,A,1370.13,A
2019-06-26,01447780,1370.01,A,1369.87,A,1369.91,A
2019-06-27,01447780,1370.16,A,1369.97,A,1370.08,A
2019-06-28,01447780,1370.29,A,1370.16,A,1370.19,A
2019-06-29,01447780,1370.39,A,1370.29,A,1370.35,A
2019-06-30,01447780,1370.45,A,1370.39,A,1370.43,A
2019-07-01,01447780,1370.44,A,1370.36,A,1370.4,A
2019-07-02,01447780,1370.42,A,1370.34,A,1370.4,A
2019-07-03,01447780,1370.34,A,1370.28,A,1370.3,A
2019-07-04,01447780,1370.31,A,1370.27,A,1370.29,A
2019-07-05,01447780,1370.27,A,1370.22,A,1370.24,A
2019-07-06,01447780,1370.22,A,1369.47,A,1369.68,A
2019-07-07,01447780,1369.59,A,1369.14,A,1369.31,A
2019-07-08,01447780,1370.46,A,1369.32,A,1369.91,A
2019-07-09,01447780,1370.46,A,1370.22,A,1370.34,A
2019-07-10,01447780,1370.22,A,1370.06,A,1370.1,A
2019-07-11,01447780,1370.09,A,1370.05,A,1370.07,A
2019-07-12,01447780,1370.12,A,1370.06,A,1370.08,A
2019-07-13,01447780,1370.16,A,1370.12,A,1370.14,A
2019-07-14,01447780,1370.16,A,1370.09,A,1370.13,A
2019-07-15,01447780,1370.09,A,1369.91,A,1370.01,A
2019-07-16,01447780,1369.91,A,1369.62,A,1369.76,A
2019-07-17,01447780,1369.62,A,1369.46,A,1369.53,A
2019-07-18,01447780,1370.16,A,1369.56,A,1369.81,A
2019-07-19,01447780,1370.39,A,1370.16,A,1370.33,A
2019-07-20,01447780,1370.29,A,1369.65,A,1369.84,A
2019-07-21,01447780,1369.65,A,1368.91,A,1369.11,A
2019-07-22,01447780,1370.73,A,1368.95,A,1369.38,A
2019-07-23,01447780,1372.01,A,1370.55,A,1371.38,A
2019-07-24,01447780,1370.55,A,1369.8,A,1369.92,A
2019-07-25,01447780,1369.83,A,1369.73,A,1369.79,A
2019-07-26,01447780,1369.88,A,1369.73,A,1369.79,A
2019-07-27,01447780,1369.87,A,1369.48,A,1369.65,A
2019-07-28,01447780,1369.69,A,1369.06,A,1369.24,A
2019-07-29,01447780,1369.29,A,1369.17,A,1369.24,A
2019-07-30,01447780,1369.31,A,1369.27,A,1369.3,A
2019-07-31,01447780,1369.28,A,1369.2,A,1369.23,A
2019-08-01,01447780,1369.2,A,1369.08,A,1369.14,A
2019-08-02,01447780,1369.08,A,1368.95,A,1369.01,A
2019-08-03,01447780,1368.95,A,1368.24,A,1368.44,A
2019-08-04,01447780,1368.27,A,1367.34,A,1367.6,A
2019-08-05,01447780,1367.34,A,1367.14,A,1367.25,A
2019-08-06,01447780,1367.14,A,1366.9,A,1367.01,A
2019-08-07,01447780,1367.28,A,1366.92,A,1367.06,A
2019-08-08,01447780,1367.9,A,1367.28,A,1367.58,A
2019-08-09,01447780,1368.53,A,1367.9,A,1368.25,A
2019-08-10,01447780,1368.53,A,1367.85,A,1368.05,A
2019-08-11,01447780,1367.93,A,1367.08,A,1367.3,A
2019-08-12,01447780,1367.08,A,1366.91,A,1367.01,A
2019-08-13,01447780,1366.91,A,1366.66,A,1366.8,A
2019-08-14,01447780,1366.66,A,1366.36,A,1366.51,A
2019-08-15,01447780,1366.36,A,1366.02,A,1366.18,A
2019-08-16,01447780,1366.02,A,1365.75,A,1365.87,A
2019-08-17,01447780,1365.8,A,1364.52,A,1364.86,A
2019-08-18,01447780,1364.61,A,1363.79,A,1364.04,A
2019-08-19,01447780,1364.44,A,1364.04,A,1364.27,A
2019-08-20,01447780,1364.48,A,1364.44,A,1364.47,A
2019-08-21,01447780,1364.47,A,1364.35,A,1364.42,A
2019-08-22,01447780,1364.35,A,1364.13,A,1364.23,A
2019-08-23,01447780,1364.13,A,1363.82,A,1364.01,A
2019-08-24,01447780,1363.85,A,1360.89,A,1361.71,A
2019-08-25,01447780,1360.89,A,1359.14,A,1359.66,A
2019-08-26,01447780,1359.14,A,1358.6,A,1358.89,A
2019-08-27,01447780,1358.6,A,1358.08,A,1358.32,A
2019-08-28,01447780,1358.08,A,1357.61,A,1357.85,A
2019-08-29,01447780,1357.61,A,1357.09,A,1357.36,A
2019-08-30,01447780,1357.09,A,1356.47,A,1356.82,A
2019-08-31,01447780,1356.47,A,1352.39,A,1353.59,A
2019-09-01,01447780,1352.39,A,1349.86,A,1350.6,A
2019-09-02,01447780,1349.86,A,1349.62,A,1349.7,A
2019-09-03,01447780,1349.62,A,1349.13,A,1349.44,A
2019-09-04,01447780,1349.13,A,1348.34,A,1348.74,A
2019-09-05,01447780,1348.34,A,1347.69,A,1347.99,A
2019-09-06,01447780,1347.69,A,1347.07,A,1347.38,A
2019-09-07,01447780,1347.07,A,1346.34,A,1346.71,A
2019-09-08,01447780,1346.34,A,1345.55,A,1345.95,A
2019-09-09,01447780,1345.55,A,1345.13,A,1345.29,A
2019-09-10,01447780,1345.13,A,1344.8,A,1344.96,A
2019-09-11,01447780,1344.8,A,1344.48,A,1344.63,A
2019-09-12,01447780,1344.48,A,1344.26,A,1344.35,A
2019-09-13,01447780,1344.26,A,1343.9,A,1344.11,A
2019-09-14,01447780,1343.9,A,1343.42,A,1343.64,A
2019-09-15,01447780,1343.42,A,1343.05,A,1343.24,A
2019-09-16,01447780,1343.05,A,1342.66,A,1342.86,A
2019-09-17,01447780,1342.66,A,1342.31,A,1342.47,A
2019-09-18,01447780,1342.31,A,1342.01,A,1342.13,A
2019-09-19,01447780,1342.01,A,1341.7,A,1341.88,A
2019-09-20,01447780,1341.7,A,1341.3,A,1341.5,A
2019-09-21,01447780,1341.3,A,1341.0,A,1341.12,A
2019-09-22,01447780,1341.0,A,1340.78,A,1340.89,A
2019-09-23,01447780,1340.78,A,1340.45,A,1340.63,A
2019-09-24,01447780,1340.45,A,1340.09,A,1340.26,A
2019-09-25,01447780,1340.09,A,1339.71,A,1339.9,A
2019-09-26,01447780,1339.71,A,1339.37,A,1339.53,A
2019-09-27,01447780,1339.37,A,1339.1,A,1339.23,A
2019-09-28,01447780,1339.1,A,1338.82,A,1338.96,A
2019-09-29,01447780,1338.82,A,1338.48,A,1338.65,A
2019-09-30,01447780,1338.48,A,1338.11,A,1338.3,A
2019-10-01,01447780,1338.11,A,1337.74,A,1337.93,A
2019-10-02,01447780,1337.74,A,1337.49,A,1337.58,A
2019-10-03,01447780,1337.56,A,1337.36,A,1337.45,A
2019-10-04,01447780,1337.36,A,1337.08,A,1337.26,A
2019-10-05,01447780,1337.08,A,1336.56,A,1336.83,A
2019-10-06,01447780,1336.56,A,1335.87,A,1336.22,A
2019-10-07,01447780,1335.89,A,1335.67,A,1335.75,A
2019-10-08,01447780,1336.29,A,1335.89,A,1336.2,A
2019-10-09,01447780,1336.28,A,1336.21,A,1336.23,A
2019-10-10,01447780,1336.31,A,1336.18,A,1336.24,A
2019-10-11,01447780,1336.32,A,1336.25,A,1336.3,A
2019-10-12,01447780,1336.25,A,1320.16,A,1327.75,A
2019-10-13,01447780,1320.16,A,1311.43,A,1315.11,A
2019-10-14,01447780,1311.43,A,1305.3,A,1308.43,A
2019-10-15,01447780,1305.3,A,1301.13,A,1302.46,A
2019-10-16,01447780,1301.58,A,1300.75,A,1300.93,A
2019-10-17,01447780,1305.2,A,1301.58,A,1304.58,A
2019-10-18,01447780,1305.02,A,1303.52,A,1304.31,A
2019-10-19,01447780,1305.58,A,1304.77,A,1305.39,A
2019-10-20,01447780,1305.52,A,1304.34,A,1305.01,A
2019-10-21,01447780,1304.34,A,1302.52,A,1303.49,A
2019-10-22,01447780,1302.52,A,1300.29,A,1301.35,A
2019-10-23,01447780,1301.09,A,1300.25,A,1300.68,A
2019-10-24,01447780,1301.19,A,1300.06,A,1300.84,A
2019-10-25,01447780,1300.08,A,1299.43,A,1299.78,A
2019-10-26,01447780,1300.17,A,1300.03,A,1300.12,A
2019-10-27,01447780,1304.01,A,1299.91,A,1300.81,A
2019-10-28,01447780,1306.43,A,1303.77,A,1305.41,A
2019-10-29,01447780,1303.77,A,1299.93,A,1301.14,A
2019-10-30,01447780,1299.93,A,1299.6,A,1299.75,A
2019-10-31,01447780,1305.63,A,1299.85,A,1301.03,A
2019-11-01,01447780,1336.14,A,1305.63,A,1326.58,A
2019-11-02,01447780,1337.46,A,1336.14,A,1337.05,A
2019-11-03,01447780,1336.3,A,1329.12,A,1333.17,A
2019-11-04,01447780,1329.12,A,1316.7,A,1323.33,A
2019-11-05,01447780,1316.7,A,1309.2,A,1311.81,A
2019-11-06,01447780,1309.2,A,1302.84,A,1306.27,A
2019-11-07,01447780,1302.84,A,1300.02,A,1300.73,A
2019-11-08,01447780,1303.42,A,1300.91,A,1302.32,A
2019-11-09,01447780,1304.06,A,1303.42,A,1303.86,A
2019-11-10,01447780,1304.06,A,1303.58,A,1303.89,A
2019-11-11,01447780,1303.58,A,1302.42,A,1303.04,A
2019-11-12,01447780,1302.42,A,1301.39,A,1301.88,A
2019-11-13,01447780,1301.39,A,1300.41,A,1300.8,A
2019-11-14,01447780,1300.92,A,1300.69,A,1300.86,A
2019-11-15,01447780,1301.43,A,1300.88,A,1301.03,A
2019-11-16,01447780,1302.39,A,1301.43,A,1301.93,A
2019-11-17,01447780,1302.88,A,1302.39,A,1302.65,A
2019-11-18,01447780,1303.01,A,1302.34,A,1302.77,A
2019-11-19,01447780,1302.34,A,1301.41,A,1301.87,A
2019-11-20,01447780,1301.41,A,1300.43,A,1300.94,A
2019-11-21,01447780,1300.43,A,1299.97,A,1300.11,A
2019-11-22,01447780,1300.37,A,1300.13,A,1300.25,A
2019-11-23,01447780,1300.6,A,1300.37,A,1300.47,A
2019-11-24,01447780,1304.57,A,1300.6,A,1302.06,A
2019-11-25,01447780,1306.43,A,1304.25,A,1305.43,A
2019-11-26,01447780,1304.25,A,1301.46,A,1302.5,A
2019-11-27,01447780,1301.46,A,1300.59,A,1300.97,A
2019-11-28,01447780,1302.17,A,1301.09,A,1301.7,A
2019-11-29,01447780,1302.38,A,1302.17,A,1302.32,A
2019-11-30,01447780,1302.37,A,1301.95,A,1302.21,A
2019-12-01,01447780,1301.95,A,1301.48,A,1301.63,A
2019-12-02,01447780,1301.76,A,1301.5,A,1301.64,A
2019-12-03,01447780,1301.83,A,1301.14,A,1301.62,A
2019-12-04,01447780,1301.14,A,1300.33,A,1300.63,A
2019-12-05,01447780,1300.92,A,1300.61,A,1300.79,A
2019-12-06,01447780,1300.61,A,1300.29,A,1300.41,A
2019-12-07,01447780,1300.82,A,1300.55,A,1300.71,A
2019-12-08,01447780,1300.55,A,1299.89,A,1300.21,A
2019-12-09,01447780,1301.32,A,1300.43,A,1300.78,A
2019-12-10,01447780,1305.44,A,1301.32,A,1304.37,A
2019-12-11,01447780,1304.26,A,1301.57,A,1302.88,A
2019-12-12,01447780,1301.57,A,1300.1,A,1300.67,A
2019-12-13,01447780,1300.8,A,1300.02,A,1300.44,A
2019-12-14,01447780,1303.66,A,1300.01,A,1301.26,A
2019-12-15,01447780,1308.89,A,1303.66,A,1306.63,A
2019-12-16,01447780,1309.71,A,1306.58,A,1308.63,A
2019-12-17,01447780,1306.58,A,1302.11,A,1303.98,A
2019-12-18,01447780,1302.11,A,1300.78,A,1301.07,A
2019-12-19,01447780,1300.82,A,1300.01,A,1300.26,A
2019-12-20,01447780,1300.67,A,1299.66,A,1300.03,A
2019-12-21,01447780,1301.49,A,1300.56,A,1300.85,A
2019-12-22,01447780,1301.97,A,1301.21,A,1301.5,A
2019-12-23,01447780,1302.05,A,1301.59,A,1301.88,A
2019-12-24,01447780,1301.59,A,1301.05,A,1301.27,A
2019-12-25,01447780,1301.5,A,1301.36,A,1301.47,A
2019-12-26,01447780,1301.5,A,1301.21,A,1301.38,A
2019-12-27,01447780,1301.21,A,1300.96,A,1301.07,A
2019-12-28,01447780,1301.99,A,1301.17,A,1301.57,A
2019-12-29,01447780,1302.76,A,1301.99,A,1302.36,A
2019-12-30,01447780,1303.95,A,1302.76,A,1303.38,A
2019-12-31,01447780,1305.24,A,1303.95,A,1304.71,A
2020-01-01,01447780,1305.41,A,1305.04,A,1305.32,A
2020-01-02,01447780,1305.04,A,1302.49,A,1303.94,A
2020-01-03,01447780,1302.49,A,1301.3,A,1301.73,A
2020-01-04,01447780,1305.62,A,1302.26,A,1303.76,A
2020-01-05,01447780,1308.82,A,1305.62,A,1307.36,A
2020-01-06,01447780,1309.53,A,1307.61,A,1308.81,A
2020-01-07,01447780,1307.61,A,1303.93,A,1305.81,A
2020-01-08,01447780,1303.93,A,1301.54,A,1302.3,A
2020-01-09,01447780,1301.54,A,1301.03,A,1301.24,A
2020-01-10,01447780,1301.88,A,1301.44,A,1301.62,A
2020-01-11,01447780,1303.34,A,1301.88,A,1302.48,A
2020-01-12,01447780,1309.03,A,1303.34,A,1306.1,A
2020-01-13,01447780,1309.46,A,1305.95,A,1308.32,A
2020-01-14,01447780,1305.95,A,1301.42,A,1303.28,A
2020-01-15,01447780,1301.42,A,1300.16,A,1300.76,A
2020-01-16,01447780,1301.62,A,1301.2,A,1301.51,A
2020-01-17,01447780,1301.62,A,1301.19,A,1301.44,A
2020-01-18,01447780,1301.48,A,1301.25,A,1301.35,A
2020-01-19,01447780,1302.42,A,1301.45,A,1301.96,A
2020-01-20,01447780,1302.45,A,1302.0,A,1302.3,A
2020-01-21,01447780,1302.0,A,1301.06,A,1301.42,A
2020-01-22,01447780,1301.51,A,1300.65,A,1301.01,A
2020-01-23,01447780,1300.99,A,1300.19,A,1300.59,A
2020-01-24,01447780,1300.95,A,1300.35,A,1300.79,A
2020-01-25,01447780,1305.51,A,1299.98,A,1301.3,A
2020-01-26,01447780,1309.45,A,1305.51,A,1308.61,A
2020-01-27,01447780,1309.33,A,1304.81,A,1307.41,A
2020-01-28,01447780,1304.81,A,1300.7,A,1302.14,A
2020-01-29,01447780,1301.13,A,1300.79,A,1301.01,A
2020-01-30,01447780,1301.11,A,1300.59,A,1300.84,A
2020-01-31,01447780,1300.96,A,1300.25,A,1300.56,A
2020-02-01,01447780,1302.35,A,1300.96,A,1301.71,A
2020-02-02,01447780,1303.54,A,1302.35,A,1302.92,A
2020-02-03,01447780,1304.06,A,1303.44,A,1303.74,A
2020-02-04,01447780,1303.44,A,1301.77,A,1302.78,A
2020-02-05,01447780,1301.77,A,1300.06,A,1301.14,A
2020-02-06,01447780,1300.06,A,1299.36,A,1299.69,A
2020-02-07,01447780,1306.27,A,1299.89,A,1301.84,A
2020-02-08,01447780,1312.01,A,1306.27,A,1309.75,A
2020-02-09,01447780,1312.65,A,1312.01,A,1312.51,A
2020-02-10,01447780,1312.44,A,1306.46,A,1310.22,A
2020-02-11,01447780,1306.46,A,1301.32,A,1302.98,A
2020-02-13,01447780,1302.35,A,1299.5,A,1300.54,A
2020-02-14,01447780,1304.25,A,1302.27,A,1303.16,A
2020-02-15,01447780,1305.85,A,1304.25,A,1305.14,A
2020-02-16,01447780,1305.95,A,1305.61,A,1305.84,A
2020-02-17,01447780,1305.61,A,1304.25,A,1304.99,A
2020-02-18,01447780,1304.25,A,1302.46,A,1303.34,A
2020-02-19,01447780,1306.87,A,1302.26,A,1304.74,A
2020-02-20,01447780,1304.64,A,1300.77,A,1302.05,A
2020-02-21,01447780,1301.25,A,1299.98,A,1300.51,A
2020-02-22,01447780,1303.32,A,1301.25,A,1302.35,A
2020-02-23,01447780,1304.64,A,1303.32,A,1304.03,A
2020-02-24,01447780,1304.99,A,1303.53,A,1304.45,A
2020-02-25,01447780,1303.53,A,1301.49,A,1302.5,A
2020-02-26,01447780,1301.49,A,1300.48,A,1300.82,A
2020-02-27,01447780,1302.98,A,1300.64,A,1301.91,A
2020-02-28,01447780,1304.02,A,1302.98,A,1303.39,A
2020-02-29,01447780,1304.34,A,1304.02,A,1304.22,A
2020-03-01,01447780,1304.08,A,1302.4,A,1303.31,A
2020-03-02,01447780,1302.4,A,1301.33,A,1301.68,A
2020-03-03,01447780,1301.33,A,1301.09,A,1301.17,A
2020-03-04,01447780,1302.73,A,1301.27,A,1302.14,A
2020-03-05,01447780,1303.05,A,1302.73,A,1302.97,A
2020-03-06,01447780,1303.77,A,1302.58,A,1302.98,A
2020-03-07,01447780,1305.82,A,1303.77,A,1304.88,A
2020-03-08,01447780,1306.98,A,1305.82,A,1306.46,A
2020-03-09,01447780,1309.43,A,1306.98,A,1307.96,A
2020-03-10,01447780,1312.4,A,1309.43,A,1310.89,A
2020-03-11,01447780,1315.34,A,1312.4,A,1313.91,A
2020-03-12,01447780,1317.74,A,1315.34,A,1316.58,A
2020-03-13,01447780,1320.8,A,1317.74,A,1319.2,A
2020-03-14,01447780,1323.16,A,1320.8,A,1322.08,A
2020-03-15,01447780,1324.47,A,1323.16,A,1323.89,A
2020-03-16,01447780,1326.23,A,1324.47,A,1325.2,A
2020-03-17,01447780,1328.13,A,1326.23,A,1327.22,A
2020-03-18,01447780,1329.73,A,1328.13,A,1328.94,A
2020-03-19,01447780,1334.11,A,1329.73,A,1331.56,A
2020-03-20,01447780,1338.22,A,1334.11,A,1336.41,A
2020-03-21,01447780,1340.57,A,1338.22,A,1339.5,A
2020-03-22,01447780,1341.89,A,1340.57,A,1341.28,A
2020-03-23,01447780,1343.85,A,1341.89,A,1342.67,A
2020-03-24,01447780,1346.71,A,1343.85,A,1345.27,A
2020-03-25,01447780,1349.51,A,1346.71,A,1348.15,A
2020-03-26,01447780,1351.7,A,1349.51,A,1350.64,A
2020-03-27,01447780,1353.12,A,1351.7,A,1352.53,A
2020-03-28,01447780,1354.54,A,1353.12,A,1353.67,A
2020-03-29,01447780,1357.35,A,1354.54,A,1355.89,A
2020-03-30,01447780,1358.16,A,1357.35,A,1358.0,A
2020-03-31,01447780,1358.04,A,1357.85,A,1357.94,A
2020-04-01,01447780,1358.04,A,1357.95,A,1358.0,A
2020-04-02,01447780,1358.04,A,1358.0,A,1358.02,A
2020-04-03,01447780,1358.39,A,1357.94,A,1358.07,A
2020-04-04,01447780,1359.18,A,1358.39,A,1358.8,A
2020-04-05,01447780,1359.8,A,1359.18,A,1359.5,A
2020-04-06,01447780,1359.99,A,1359.8,A,1359.95,A
2020-04-07,01447780,1359.96,A,1359.88,A,1359.9,A
2020-04-08,01447780,1359.97,A,1359.89,A,1359.93,A
2020-04-09,01447780,1359.9,A,1359.8,A,1359.84,A
2020-04-10,01447780,1360.16,A,1359.8,A,1359.94,A
2020-04-11,01447780,1360.88,A,1360.16,A,1360.56,A
2020-04-12,01447780,1361.32,A,1360.88,A,1361.11,A
2020-04-13,01447780,1362.24,A,1361.32,A,1361.56,A
2020-04-14,01447780,1363.08,A,1362.24,A,1362.92,A
2020-04-15,01447780,1363.08,A,1362.65,A,1362.82,A
2020-04-16,01447780,1362.92,A,1362.47,A,1362.65,A
2020-04-17,01447780,1363.9,A,1362.92,A,1363.23,A
2020-04-18,01447780,1366.32,A,1363.9,A,1365.08,A
2020-04-19,01447780,1368.02,A,1366.32,A,1367.36,A
2020-04-20,01447780,1368.0,A,1367.6,A,1367.83,A
2020-04-21,01447780,1367.6,A,1366.87,A,1367.24,A
2020-04-22,01447780,1366.87,A,1365.32,A,1366.22,A
2020-04-23,01447780,1365.32,A,1364.32,A,1364.6,A
2020-04-24,01447780,1364.86,A,1364.25,A,1364.4,A
2020-04-25,01447780,1365.99,A,1364.86,A,1365.54,A
2020-04-26,01447780,1366.75,A,1365.99,A,1366.18,A
2020-04-27,01447780,1367.47,A,1366.75,A,1367.15,A
2020-04-28,01447780,1366.82,A,1365.17,A,1366.08,A
2020-04-29,01447780,1365.17,A,1363.41,A,1364.13,A
2020-04-30,01447780,1364.37,A,1362.98,A,1363.21,A
2020-05-01,01447780,1369.45,A,1364.37,A,1367.84,A
2020-05-02,01447780,1369.56,A,1368.98,A,1369.34,A
2020-05-03,01447780,1369.7,A,1369.36,A,1369.58,A
2020-05-04,01447780,1369.85,A,1369.57,A,1369.71,A
2020-05-05,01447780,1370.2,A,1369.84,A,1369.97,A
2020-05-06,01447780,1370.29,A,1370.19,A,1370.25,A
2020-05-07,01447780,1370.19,A,1369.25,A,1369.85,A
2020-05-08,01447780,1369.25,A,1368.3,A,1368.68,A
2020-05-09,01447780,1369.26,A,1368.42,A,1368.87,A
2020-05-10,01447780,1369.72,A,1369.26,A,1369.52,A
2020-05-11,01447780,1370.05,A,1369.72,A,1369.85,A
2020-05-12,01447780,1370.22,A,1370.05,A,1370.17,A
2020-05-13,01447780,1370.27,A,1370.15,A,1370.2,A
2020-05-14,01447780,1370.33,A,1370.27,A,1370.32,A
2020-05-15,01447780,1370.41,A,1370.32,A,1370.34,A
2020-05-16,01447780,1370.41,A,1370.36,A,1370.38,A
2020-05-17,01447780,1370.69,A,1370.33,A,1370.49,A
2020-05-18,01447780,1370.77,A,1370.22,A,1370.57,A
2020-05-19,01447780,1370.22,A,1369.95,A,1370.01,A
2020-05-20,01447780,1370.32,A,1370.01,A,1370.17,A
2020-05-21,01447780,1370.32,A,1370.3,A,1370.31,A
2020-05-22,01447780,1370.3,A,1370.27,A,1370.28,A
2020-05-23,01447780,1370.28,A,1369.79,A,1369.94,A
2020-05-24,01447780,1370.11,A,1369.92,A,1370.03,A
2020-05-25,01447780,1370.14,A,1370.11,A,1370.14,A
2020-05-26,01447780,1370.21,A,1370.1,A,1370.15,A
2020-05-27,01447780,1370.25,A,1370.21,A,1370.24,A
2020-05-28,01447780,1370.27,A,1370.25,A,1370.25,A
2020-05-29,01447780,1370.45,A,1370.27,A,1370.32,A
2020-05-30,01447780,1370.45,A,1370.13,A,1370.22,A
2020-05-31,01447780,1370.13,A,1369.68,A,1369.81,A
2020-06-01,01447780,1369.7,A,1369.66,A,1369.68,A
2020-06-02,01447780,1369.81,A,1369.68,A,1369.72,A
2020-06-03,01447780,1370.19,A,1369.81,A,1369.97,A
2020-06-04,01447780,1370.33,A,1370.19,A,1370.29,A
2020-06-05,01447780,1370.47,A,1370.28,A,1370.37,A
2020-06-06,01447780,1370.56,A,1370.47,A,1370.51,A
2020-06-07,01447780,1370.49,A,1370.28,A,1370.41,A
2020-06-08,01447780,1370.28,A,1370.16,A,1370.22,A
2020-06-09,01447780,1370.28,A,1370.15,A,1370.18,A
2020-06-10,01447780,1370.18,A,1370.03,A,1370.08,A
2020-06-11,01447780,1377.4,A,1370.18,A,1374.48,A
2020-06-12,01447780,1377.4,A,1373.77,A,1376.22,A
2020-06-13,01447780,1373.77,A,1369.89,A,1370.99,A
2020-06-14,01447780,1370.35,A,1370.02,A,1370.27,A
2020-06-15,01447780,1370.32,A,1370.1,A,1370.19,A
2020-06-16,01447780,1370.2,A,1370.14,A,1370.17,A
2020-06-17,01447780,1370.15,A,1370.02,A,1370.08,A
2020-06-18,01447780,1370.47,A,1370.15,A,1370.28,A
2020-06-19,01447780,1370.62,A,1370.47,A,1370.59,A
2020-06-20,01447780,1370.62,A,1370.55,A,1370.59,A
2020-06-21,01447780,1370.64,A,1370.57,A,1370.62,A
2020-06-22,01447780,1370.57,A,1370.41,A,1370.47,A
2020-06-23,01447780,1370.44,A,1370.41,A,1370.42,A
2020-06-24,01447780,1370.49,A,1370.38,A,1370.41,A
2020-06-25,01447780,1370.59,A,1370.49,A,1370.57,A
2020-06-26,01447780,1370.54,A,1370.48,A,1370.5,A
2020-06-27,01447780,1370.5,A,1369.77,A,1369.99,A
2020-06-28,01447780,1369.77,A,1369.11,A,1369.29,A
2020-06-29,01447780,1369.34,A,1369.09,A,1369.19,A
2020-06-30,01447780,1369.65,A,1369.34,A,1369.51,A
2020-07-01,01447780,1369.74,A,1369.65,A,1369.7,A
2020-07-02,01447780,1369.67,A,1369.53,A,1369.6,A
2020-07-03,01447780,1369.53,A,1369.33,A,1369.43,A
2020-07-04,01447780,1369.33,A,1369.1,A,1369.22,A
2020-07-05,01447780,1369.1,A,1368.63,A,1368.89,A
2020-07-06,01447780,1368.63,A,1368.24,A,1368.43,A
2020-07-07,01447780,1368.24,A,1367.85,A,1368.06,A
2020-07-08,01447780,1367.85,A,1367.51,A,1367.66,A
2020-07-09,01447780,1367.51,A,1367.15,A,1367.34,A
2020-07-10,01447780,1367.73,A,1366.94,A,1367.1,A
2020-07-11,01447780,1371.01,A,1367.73,A,1369.66,A
2020-07-12,01447780,1371.35,A,1371.01,A,1371.25,A
2020-07-13,01447780,1371.07,A,1370.29,A,1370.55,A
2020-07-14,01447780,1370.34,A,1370.19,A,1370.24,A
2020-07-15,01447780,1370.27,A,1370.19,A,1370.24,A
2020-07-16,01447780,1370.26,A,1370.18,A,1370.22,A
2020-07-17,01447780,1370.21,A,1370.15,A,1370.18,A
2020-07-18,01447780,1370.15,A,1369.98,A,1370.07,A
2020-07-19,01447780,1369.98,A,1369.76,A,1369.87,A
2020-07-20,01447780,1369.76,A,1369.53,A,1369.65,A
2020-07-21,01447780,1369.53,A,1369.17,A,1369.38,A
2020-07-22,01447780,1369.17,A,1368.7,A,1368.92,A
2020-07-23,01447780,1368.7,A,1368.33,A,1368.5,A
2020-07-24,01447780,1368.33,A,1367.99,A,1368.16,A
2020-07-25,01447780,1367.99,A,1366.87,A,1367.24,A
2020-07-26,01447780,1366.87,A,1365.67,A,1366.05,A
2020-07-27,01447780,1365.67,A,1365.31,A,1365.49,A
2020-07-28,01447780,1365.31,A,1364.93,A,1365.12,A
2020-07-29,01447780,1364.93,A,1364.54,A,1364.73,A
2020-07-30,01447780,1364.54,A,1364.09,A,1364.32,A
2020-07-31,01447780,1364.09,A,1363.58,A,1363.85,A
2020-08-01,01447780,1363.58,A,1361.89,A,1362.5,A
2020-08-02,01447780,1361.89,A,1349.41,A,1357.78,A
2020-08-03,01447780,1349.41,A,1329.75,A,1337.51,A
2020-08-04,01447780,1337.53,A,1327.71,A,1329.92,A
2020-08-05,01447780,1355.08,A,1337.53,A,1347.98,A
2020-08-06,01447780,1360.4,A,1355.08,A,1358.2,A
2020-08-07,01447780,1362.53,A,1360.4,A,1361.59,A
2020-08-08,01447780,1362.59,A,1362.19,A,1362.39,A
2020-08-09,01447780,1362.58,A,1361.86,A,1362.09,A
2020-08-10,01447780,1362.1,A,1362.01,A,1362.06,A
2020-08-11,01447780,1362.04,A,1361.79,A,1361.92,A
2020-08-12,01447780,1361.81,A,1361.63,A,1361.72,A
2020-08-13,01447780,1361.63,A,1361.38,A,1361.51,A
2020-08-14,01447780,1361.38,A,1361.0,A,1361.22,A
2020-08-15,01447780,1361.0,A,1359.23,A,1359.87,A
2020-08-16,01447780,1359.23,A,1357.35,A,1358.01,A
2020-08-17,01447780,1357.35,A,1356.77,A,1357.03,A
2020-08-18,01447780,1356.89,A,1356.83,A,1356.86,A
2020-08-19,01447780,1356.89,A,1356.71,A,1356.82,A
2020-08-20,01447780,1356.71,A,1356.29,A,1356.52,A
2020-08-21,01447780,1356.29,A,1355.76,A,1356.02,A
2020-08-22,01447780,1355.76,A,1353.85,A,1354.49,A
2020-08-23,01447780,1353.85,A,1351.91,A,1352.55,A
2020-08-24,01447780,1351.91,A,1351.48,A,1351.66,A
2020-08-25,01447780,1351.48,A,1351.03,A,1351.28,A
2020-08-26,01447780,1351.03,A,1350.43,A,1350.73,A
2020-08-27,01447780,1350.43,A,1350.02,A,1350.23,A
2020-08-28,01447780,1350.02,A,1349.54,A,1349.78,A
2020-08-29,01447780,1349.54,A,1345.19,A,1346.41,A
2020-08-30,01447780,1345.19,A,1342.57,A,1343.41,A
2020-08-31,01447780,1342.57,A,1341.87,A,1342.21,A
2020-09-01,01447780,1341.87,A,1341.18,A,1341.53,A
2020-09-02,01447780,1341.18,A,1340.64,A,1340.89,A
2020-09-03,01447780,1340.64,A,1340.39,A,1340.51,A
2020-09-04,01447780,1340.39,A,1339.89,A,1340.19,A
2020-09-05,01447780,1339.89,A,1334.36,A,1335.86,A
2020-09-06,01447780,1334.36,A,1331.03,A,1331.96,A
2020-09-07,01447780,1331.03,A,1330.39,A,1330.72,A
2020-09-08,01447780,1330.39,A,1329.88,A,1330.1,A
2020-09-09,01447780,1329.88,A,1329.26,A,1329.61,A
2020-09-10,01447780,1329.26,A,1328.65,A,1328.9,A
2020-09-11,01447780,1328.65,A,1328.3,A,1328.48,A
2020-09-12,01447780,1328.3,A,1327.97,A,1328.14,A
2020-09-13,01447780,1327.97,A,1327.43,A,1327.71,A
2020-09-14,01447780,1327.43,A,1326.86,A,1327.13,A
2020-09-15,01447780,1326.86,A,1326.34,A,1326.58,A
2020-09-16,01447780,1326.34,A,1325.8,A,1326.09,A
2020-09-17,01447780,1325.8,A,1325.16,A,1325.48,A
2020-09-18,01447780,1325.16,A,1324.65,A,1324.89,A
2020-09-19,01447780,1324.65,A,1324.14,A,1324.4,A
2020-09-20,01447780,1324.14,A,1323.57,A,1323.85,A
2020-09-21,01447780,1323.57,A,1322.97,A,1323.26,A
2020-09-22,01447780,1322.97,A,1322.32,A,1322.64,A
2020-09-23,01447780,1322.32,A,1321.65,A,1321.98,A
2020-09-24,01447780,1321.65,A,1321.17,A,1321.38,A
2020-09-25,01447780,1321.17,A,1320.71,A,1320.95,A
2020-09-26,01447780,1320.71,A,1320.17,A,1320.44,A
2020-09-27,01447780,1320.17,A,1319.7,A,1319.92,A
2020-09-28,01447780,1319.71,A,1319.35,A,1319.52,A
2020-09-29,01447780,1319.35,A,1318.93,A,1319.14,A
2020-09-30,01447780,1322.57,A,1319.06,A,1320.62,A
2020-10-01,01447780,1324.76,A,1322.57,A,1323.81,A
2020-10-02,01447780,1325.39,A,1324.76,A,1325.18,A
2020-10-03,01447780,1325.4,A,1325.15,A,1325.32,A
2020-10-04,01447780,1325.15,A,1324.49,A,1324.84,A
2020-10-05,01447780,1324.49,A,1323.98,A,1324.21,A
2020-10-06,01447780,1323.98,A,1323.75,A,1323.8,A
2020-10-07,01447780,1323.92,A,1323.81,A,1323.87,A
2020-10-08,01447780,1324.03,A,1323.92,A,1323.98,A
2020-10-09,01447780,1324.08,A,1323.99,A,1324.07,A
2020-10-10,01447780,1323.99,A,1313.03,A,1315.77,A
2020-10-11,01447780,1313.05,A,1299.26,A,1305.08,A
2020-10-12,01447780,1299.79,A,1299.26,A,1299.46,A
2020-10-13,01447780,1300.06,A,1299.79,A,1299.99,A
2020-10-14,01447780,1300.22,A,1299.89,A,1300.0,A
2020-10-15,01447780,1300.37,A,1300.22,A,1300.31,A
2020-10-16,01447780,1300.26,A,1300.17,A,1300.22,A
2020-10-17,01447780,1300.36,A,1300.25,A,1300.3,A
2020-10-18,01447780,1300.39,A,1300.36,A,1300.38,A
2020-10-19,01447780,1300.4,A,1300.17,A,1300.33,A
2020-10-20,01447780,1300.17,A,1300.06,A,1300.1,A
2020-10-21,01447780,1300.13,A,1300.1,A,1300.12,A
2020-10-22,01447780,1300.1,A,1300.0,A,1300.07,A
2020-10-23,01447780,1300.1,A,1299.95,A,1300.0,A
2020-10-24,01447780,1300.66,A,1300.1,A,1300.38,A
2020-10-25,01447780,1300.76,A,1300.43,A,1300.62,A
2020-10-26,01447780,1300.43,A,1300.2,A,1300.3,A
2020-10-27,01447780,1300.2,A,1300.08,A,1300.14,A
2020-10-28,01447780,1300.88,A,1300.17,A,1300.4,A
2020-10-29,01447780,1304.75,A,1300.88,A,1301.67,A
2020-10-30,01447780,1310.58,A,1304.75,A,1308.44,A
2020-10-31,01447780,1311.2,A,1310.04,A,1310.88,A
2020-11-01,01447780,1310.04,A,1304.84,A,1307.56,A
2020-11-02,01447780,1304.84,A,1301.49,A,1302.74,A
2020-11-03,01447780,1302.63,A,1302.18,A,1302.49,A
2020-11-04,01447780,1302.18,A,1300.94,A,1301.44,A
2020-11-05,01447780,1301.81,A,1301.38,A,1301.65,A
2020-11-06,01447780,1301.79,A,1301.0,A,1301.34,A
2020-11-07,01447780,1302.09,A,1301.4,A,1301.78,A
2020-11-08,01447780,1302.42,A,1302.09,A,1302.27,A
2020-11-09,01447780,1302.48,A,1301.91,A,1302.27,A
2020-11-10,01447780,1301.91,A,1300.82,A,1301.38,A
2020-11-11,01447780,1300.82,A,1300.06,A,1300.33,A
2020-11-12,01447780,1302.05,A,1300.38,A,1301.58,A
2020-11-13,01447780,1301.25,A,1299.99,A,1300.5,A
2020-11-14,01447780,1301.23,A,1300.82,A,1301.11,A
2020-11-15,01447780,1301.67,A,1301.12,A,1301.24,A
2020-11-16,01447780,1303.78,A,1301.67,A,1303.13,A
2020-11-17,01447780,1302.88,A,1301.18,A,1301.8,A
2020-11-18,01447780,1301.18,A,1300.1,A,1300.58,A
2020-11-19,01447780,1301.07,A,1300.7,A,1300.94,A
2020-11-20,01447780,1301.56,A,1300.99,A,1301.14,A
2020-11-21,01447780,1302.63,A,1301.56,A,1302.13,A
2020-11-22,01447780,1303.3,A,1302.63,A,1302.98,A
2020-11-23,01447780,1304.06,A,1303.3,A,1303.74,A
2020-11-24,01447780,1303.61,A,1301.65,A,1302.7,A
2020-11-25,01447780,1301.65,A,1300.82,A,1301.12,A
2020-11-26,01447780,1303.61,A,1301.27,A,1302.2,A
2020-11-27,01447780,1304.51,A,1303.61,A,1304.27,A
2020-11-28,01447780,1304.43,A,1304.29,A,1304.39,A
2020-11-29,01447780,1304.29,A,1303.49,A,1303.94,A
2020-11-30,01447780,1303.81,A,1302.79,A,1303.17,A
2020-12-01,01447780,1305.28,A,1302.66,A,1304.2,A
2020-12-02,01447780,1304.0,A,1300.9,A,1302.9,A
2020-12-03,01447780,1303.41,A,1300.71,A,1301.93,A
2020-12-04,01447780,1300.98,A,1299.94,A,1300.3,A
2020-12-05,01447780,1302.6,A,1300.98,A,1301.88,A
2020-12-06,01447780,1303.61,A,1302.6,A,1303.1,A
2020-12-07,01447780,1303.23,A,1301.98,A,1302.51,A
2020-12-08,01447780,1301.98,A,1300.98,A,1301.45,A
2020-12-09,01447780,1300.98,A,1300.3,A,1300.53,A
2020-12-10,01447780,1300.58,A,1300.37,A,1300.45,A
2020-12-11,01447780,1300.84,A,1300.58,A,1300.72,A
2020-12-12,01447780,1301.05,A,1300.84,A,1300.97,A
2020-12-13,01447780,1301.42,A,1301.05,A,1301.24,A
2020-12-14,01447780,1301.5,A,1301.16,A,1301.37,A
2020-12-15,01447780,1301.16,A,1300.54,A,1300.79,A
2020-12-16,01447780,1300.82,A,1300.19,A,1300.66,A
2020-12-17,01447780,1301.53,A,1299.47,A,1300.25,A
2020-12-18,01447780,1302.38,A,1301.53,A,1302.1,A
2020-12-19,01447780,1302.35,A,1301.63,A,1301.88,A
2020-12-20,01447780,1301.7,A,1301.44,A,1301.51,A
2020-12-21,01447780,1301.45,A,1301.2,A,1301.3,A
2020-12-22,01447780,1301.58,A,1301.32,A,1301.48,A
2020-12-23,01447780,1301.59,A,1301.47,A,1301.55,A
2020-12-24,01447780,1314.11,A,1301.38,A,1302.72,A
2020-12-25,01447780,1375.98,A,1314.11,A,1351.9,A
2020-12-26,01447780,1383.95,A,1375.98,A,1382.18,A
2020-12-27,01447780,1383.59,A,1375.26,A,1380.49,A
2020-12-28,01447780,1375.26,A,1361.9,A,1368.93,A
2020-12-29,01447780,1361.9,A,1339.87,A,1351.96,A
2020-12-30,01447780,1339.87,A,1317.38,A,1325.92,A
2020-12-31,01447780,1317.38,A,1312.36,A,1313.66,A
2021-01-01,01447780,1312.36,A,1310.24,A,1311.32,A
2021-01-02,01447780,1310.24,A,1309.39,A,1309.67,A
2021-01-03,01447780,1309.39,A,1308.78,A,1309.11,A
2021-01-04,01447780,1308.78,A,1306.53,A,1307.88,A
2021-01-05,01447780,1306.53,A,1303.72,A,1304.87,A
2021-01-06,01447780,1303.72,A,1301.53,A,1302.72,A
2021-01-07,01447780,1301.53,A,1300.28,A,1300.58,A
2021-01-08,01447780,1300.58,A,1300.01,A,1300.25,A
2021-01-09,01447780,1301.26,A,1300.58,A,1300.92,A
2021-01-10,01447780,1301.51,A,1301.26,A,1301.41,A
2021-01-11,01447780,1301.51,A,1301.26,A,1301.35,A
2021-01-12,01447780,1301.28,A,1300.78,A,1301.0,A
2021-01-13,01447780,1301.11,A,1301.02,A,1301.08,A
2021-01-14,01447780,1301.32,A,1301.11,A,1301.18,A
2021-01-15,01447780,1301.9,A,1301.24,A,1301.41,A
2021-01-16,01447780,1306.27,A,1301.9,A,1303.76,A
2021-01-17,01447780,1310.63,A,1306.27,A,1308.62,A
2021-01-18,01447780,1313.22,A,1310.63,A,1312.07,A
2021-01-19,01447780,1313.82,A,1311.69,A,1313.06,A
2021-01-20,01447780,1311.69,A,1308.02,A,1309.9,A
2021-01-21,01447780,1308.02,A,1303.97,A,1305.81,A
2021-01-22,01447780,1303.97,A,1301.89,A,1302.6,A
2021-01-23,01447780,1303.06,A,1302.34,A,1302.77,A
2021-01-24,01447780,1303.05,A,1302.74,A,1302.92,A
2021-01-25,01447780,1303.26,A,1302.9,A,1303.05,A
2021-01-26,01447780,1303.35,A,1302.91,A,1303.2,A
2021-01-27,01447780,1302.91,A,1302.15,A,1302.56,A
2021-01-28,01447780,1302.15,A,1301.2,A,1301.65,A
2021-01-29,01447780,1301.2,A,1300.47,A,1300.74,A
2021-01-30,01447780,1301.53,A,1300.81,A,1301.1,A
2021-01-31,01447780,1302.04,A,1301.46,A,1301.63,A
2021-02-01,01447780,1302.21,A,1302.04,A,1302.15,A
2021-02-02,01447780,1302.81,A,1302.21,A,1302.53,A
2021-02-03,01447780,1302.51,A,1301.62,A,1302.04,A
2021-02-04,01447780,1301.62,A,1300.44,A,1301.03,A
2021-02-05,01447780,1300.74,A,1299.95,A,1300.38,A
2021-02-06,01447780,1300.76,A,1300.66,A,1300.71,A
2021-02-07,01447780,1300.66,A,1300.07,A,1300.3,A
2021-02-08,01447780,1300.42,A,1299.35,A,1299.83,A
2021-02-09,01447780,1301.13,A,1300.42,A,1300.74,A
2021-02-10,01447780,1301.49,A,1301.09,A,1301.26,A
2021-02-11,01447780,1301.49,A,1300.97,A,1301.31,A
2021-02-12,01447780,1300.97,A,1299.97,A,1300.39,A
2021-02-13,01447780,1301.19,A,1300.62,A,1300.88,A
2021-02-14,01447780,1301.66,A,1301.19,A,1301.39,A
2021-02-15,01447780,1301.97,A,1301.66,A,1301.8,A
2021-02-16,01447780,1302.83,A,1301.97,A,1302.48,A
2021-02-17,01447780,1302.8,A,1302.57,A,1302.71,A
2021-02-18,01447780,1302.78,A,1301.65,A,1302.41,A
2021-02-19,01447780,1301.65,A,1300.81,A,1301.12,A
2021-02-20,01447780,1301.33,A,1301.15,A,1301.27,A
2021-02-21,01447780,1301.15,A,1300.23,A,1300.54,A
2021-02-22,01447780,1300.26,A,1299.7,A,1299.91,A
2021-02-23,01447780,1300.78,A,1300.26,A,1300.65,A
2021-02-24,01447780,1300.77,A,1300.67,A,1300.72,A
2021-02-25,01447780,1301.09,A,1300.73,A,1300.95,A
2021-02-26,01447780,1300.81,A,1300.21,A,1300.44,A
2021-02-27,01447780,1300.75,A,1300.29,A,1300.41,A
2021-02-28,01447780,1301.97,A,1300.75,A,1301.41,A
2021-03-01,01447780,1303.08,A,1301.54,A,1302.36,A
2021-03-02,01447780,1303.18,A,1302.17,A,1302.56,A
2021-03-03,01447780,1302.23,A,1299.92,A,1300.89,A
2021-03-04,01447780,1299.92,A,1299.43,A,1299.71,A
2021-03-05,01447780,1301.06,A,1299.18,A,1299.74,A
2021-03-06,01447780,1303.55,A,1301.06,A,1302.48,A
2021-03-07,01447780,1304.63,A,1303.55,A,1304.14,A
2021-03-08,01447780,1304.78,A,1302.66,A,1304.03,A
2021-03-09,01447780,1302.66,A,1300.38,A,1301.13,A
2021-03-10,01447780,1301.27,A,1300.65,A,1301.01,A
2021-03-11,01447780,1304.81,A,1301.27,A,1302.44,A
2021-03-12,01447780,1311.79,A,1304.81,A,1309.08,A
2021-03-13,01447780,1312.18,A,1310.3,A,1311.66,A
2021-03-14,01447780,1310.3,A,1302.47,A,1306.87,A
2021-03-15,01447780,1302.47,A,1299.67,A,1300.94,A
2021-03-16,01447780,1302.08,A,1301.37,A,1301.88,A
2021-03-17,01447780,1301.37,A,1300.04,A,1300.6,A
2021-03-18,01447780,1306.87,A,1300.85,A,1302.28,A
2021-03-19,01447780,1313.2,A,1306.87,A,1311.34,A
2021-03-20,01447780,1313.3,A,1310.65,A,1312.48,A
2021-03-21,01447780,1310.65,A,1303.05,A,1307.15,A
2021-03-22,01447780,1303.05,A,1300.81,A,1301.69,A
2021-03-23,01447780,1303.11,A,1302.19,A,1302.48,A
2021-03-24,01447780,1304.78,A,1303.11,A,1303.77,A
2021-03-25,01447780,1305.74,A,1303.1,A,1304.24,A
2021-03-26,01447780,1311.99,A,1303.02,A,1306.61,A
2021-03-27,01447780,1320.32,A,1311.99,A,1316.47,A
2021-03-28,01447780,1327.62,A,1320.32,A,1323.56,A
2021-03-29,01447780,1336.61,A,1327.62,A,1332.39,A
2021-03-30,01447780,1341.57,A,1336.61,A,1339.47,A
2021-03-31,01447780,1344.24,A,1341.57,A,1342.92,A
2021-04-01,01447780,1347.82,A,1344.24,A,1346.02,A
2021-04-02,01447780,1350.97,A,1347.82,A,1349.38,A
2021-04-03,01447780,1353.56,A,1350.97,A,1352.34,A
2021-04-04,01447780,1355.53,A,1353.56,A,1354.59,A
2021-04-05,01447780,1357.05,A,1355.53,A,1356.32,A
2021-04-06,01447780,1358.19,A,1357.05,A,1357.65,A
2021-04-07,01447780,1359.15,A,1358.19,A,1358.68,A
2021-04-08,01447780,1359.93,A,1359.15,A,1359.56,A
2021-04-09,01447780,1360.53,A,1359.93,A,1360.24,A
2021-04-10,01447780,1361.04,A,1360.53,A,1360.78,A
2021-04-11,01447780,1361.72,A,1361.04,A,1361.33,A
2021-04-12,01447780,1362.55,A,1361.72,A,1362.22,A
2021-04-13,01447780,1362.93,A,1362.55,A,1362.77,A
2021-04-14,01447780,1363.19,A,1362.93,A,1363.03,A
2021-04-15,01447780,1363.62,A,1363.19,A,1363.38,A
2021-04-16,01447780,1364.25,A,1363.62,A,1363.9,A
2021-04-17,01447780,1365.15,A,1364.25,A,1364.69,A
2021-04-18,01447780,1365.88,A,1365.15,A,1365.53,A
2021-04-19,01447780,1366.36,A,1365.88,A,1366.14,A
2021-04-20,01447780,1366.93,A,1366.36,A,1366.62,A
2021-04-21,01447780,1367.54,A,1366.93,A,1367.23,A
2021-04-22,01447780,1368.08,A,1367.54,A,1367.82,A
2021-04-23,01447780,1368.43,A,1368.08,A,1368.3,A
2021-04-24,01447780,1368.54,A,1368.43,A,1368.49,A
2021-04-25,01447780,1368.69,A,1368.54,A,1368.63,A
2021-04-26,01447780,1368.93,A,1368.66,A,1368.76,A
2021-04-27,01447780,1369.24,A,1368.93,A,1369.08,A
2021-04-28,01447780,1369.5,A,1369.24,A,1369.37,A
2021-04-29,01447780,1369.89,A,1369.5,A,1369.72,A
2021-04-30,01447780,1370.17,A,1369.89,A,1370.04,A
2021-05-01,01447780,1370.3,A,1370.16,A,1370.24,A
2021-05-02,01447780,1370.33,A,1370.3,A,1370.31,A
2021-05-03,01447780,1370.3,A,1370.22,A,1370.26,A
2021-05-04,01447780,1370.43,A,1370.22,A,1370.28,A
2021-05-05,01447780,1372.31,A,1370.43,A,1371.5,A
2021-05-06,01447780,1372.38,A,1371.02,A,1371.6,A
2021-05-07,01447780,1371.02,A,1370.3,A,1370.61,A
2021-05-08,01447780,1371.44,A,1370.6,A,1371.0,A
2021-05-09,01447780,1371.58,A,1370.24,A,1371.09,A
2021-05-10,01447780,1370.44,A,1369.88,A,1370.15,A
2021-05-11,01447780,1370.58,A,1370.44,A,1370.54,A
2021-05-12,01447780,1370.57,A,1370.35,A,1370.46,A
2021-05-13,01447780,1370.35,A,1370.01,A,1370.19,A
2021-05-14,01447780,1370.09,A,1369.9,A,1369.98,A
2021-05-15,01447780,1370.14,A,1369.86,A,1369.99,A
2021-05-16,01447780,1370.61,A,1370.14,A,1370.38,A
2021-05-17,01447780,1370.73,A,1370.55,A,1370.65,A
2021-05-18,01447780,1370.55,A,1370.18,A,1370.38,A
2021-05-19,01447780,1370.18,A,1370.01,A,1370.05,A
2021-05-20,01447780,1370.03,A,1369.97,A,1369.99,A
2021-05-21,01447780,1370.04,A,1370.0,A,1370.03,A
2021-05-22,01447780,1370.0,A,1369.33,A,1369.51,A
2021-05-23,01447780,1369.36,A,1369.33,A,1369.35,A
2021-05-24,01447780,1369.61,A,1369.32,A,1369.43,A
2021-05-25,01447780,1369.9,A,1369.61,A,1369.78,A
2021-05-26,01447780,1370.04,A,1369.9,A,1369.98,A
2021-05-27,01447780,1370.13,A,1370.04,A,1370.11,A
2021-05-28,01447780,1370.22,A,1370.08,A,1370.12,A
2021-05-29,01447780,1370.53,A,1370.14,A,1370.29,A
2021-05-30,01447780,1370.53,A,1370.34,A,1370.44,A
2021-05-31,01447780,1370.35,A,1370.13,A,1370.23,A
2021-06-01,01447780,1370.16,A,1370.08,A,1370.11,A
2021-06-02,01447780,1370.21,A,1370.15,A,1370.17,A
2021-06-03,01447780,1370.32,A,1370.21,A,1370.24,A
2021-06-04,01447780,1370.61,A,1370.32,A,1370.44,A
2021-06-05,01447780,1370.78,A,1370.61,A,1370.74,A
2021-06-06,01447780,1370.73,A,1370.42,A,1370.59,A
2021-06-07,01447780,1370.53,A,1370.28,A,1370.35,A
2021-06-08,01447780,1370.77,A,1370.53,A,1370.62,A
2021-06-09,01447780,1370.97,A,1370.61,A,1370.82,A
2021-06-10,01447780,1370.61,A,1370.05,A,1370.31,A
2021-06-11,01447780,1370.05,A,1369.78,A,1369.85,A
2021-06-12,01447780,1369.78,A,1369.23,A,1369.4,A
2021-06-13,01447780,1369.23,A,1368.6,A,1368.76,A
2021-06-14,01447780,1368.7,A,1368.59,A,1368.62,A
2021-06-15,01447780,1368.83,A,1368.7,A,1368.77,A
2021-06-16,01447780,1369.0,A,1368.83,A,1368.9,A
2021-06-17,01447780,1369.18,A,1369.0,A,1369.09,A
2021-06-18,01447780,1369.32,A,1369.18,A,1369.25,A
2021-06-19,01447780,1369.48,A,1369.32,A,1369.39,A
2021-06-20,01447780,1369.64,A,1369.48,A,1369.56,A
2021-06-21,01447780,1369.72,A,1369.64,A,1369.68,A
2021-06-22,01447780,1370.05,A,1369.72,A,1369.89,A
2021-06-23,01447780,1370.18,A,1370.05,A,1370.13,A
2021-06-24,01447780,1370.19,A,1370.16,A,1370.18,A
2021-06-25,01447780,1370.19,A,1370.14,A,1370.18,A
2021-06-26,01447780,1370.14,A,1369.26,A,1369.52,A
2021-06-27,01447780,1369.26,A,1368.42,A,1368.64,A
2021-06-28,01447780,1368.47,A,1368.45,A,1368.46,A
2021-06-29,01447780,1368.54,A,1368.46,A,1368.49,A
2021-06-30,01447780,1368.54,A,1368.51,A,1368.52,A
2021-07-01,01447780,1368.52,A,1368.18,A,1368.37,A
2021-07-02,01447780,1368.18,A,1367.75,A,1367.97,A
2021-07-03,01447780,1367.75,A,1367.38,A,1367.54,A
2021-07-04,01447780,1367.39,A,1367.16,A,1367.29,A
2021-07-05,01447780,1367.16,A,1366.78,A,1366.97,A
2021-07-06,01447780,1366.78,A,1366.4,A,1366.56,A
2021-07-07,01447780,1366.4,A,1366.14,A,1366.27,A
2021-07-08,01447780,1366.15,A,1365.96,A,1366.02,A
2021-07-09,01447780,1366.5,A,1365.98,A,1366.2,A
2021-07-10,01447780,1366.49,A,1366.07,A,1366.27,A
2021-07-11,01447780,1366.4,A,1365.83,A,1366.03,A
2021-07-12,01447780,1367.31,A,1366.08,A,1366.66,A
2021-07-13,01447780,1368.59,A,1367.31,A,1367.95,A
2021-07-14,01447780,1369.9,A,1368.59,A,1369.28,A
2021-07-15,01447780,1370.23,A,1369.9,A,1370.17,A
2021-07-16,01447780,1370.22,A,1370.13,A,1370.17,A
2021-07-17,01447780,1370.28,A,1370.19,A,1370.21,A
2021-07-18,01447780,1370.72,A,1370.27,A,1370.52,A
2021-07-19,01447780,1370.79,A,1370.72,A,1370.76,A
2021-07-20,01447780,1370.73,A,1370.52,A,1370.6,A
2021-07-21,01447780,1370.55,A,1370.34,A,1370.45,A
2021-07-22,01447780,1370.34,A,1370.05,A,1370.2,A
2021-07-23,01447780,1370.05,A,1369.67,A,1369.87,A
2021-07-24,01447780,1369.67,A,1368.46,A,1368.89,A
2021-07-25,01447780,1368.46,A,1367.28,A,1367.67,A
2021-07-26,01447780,1367.28,A,1366.86,A,1367.08,A
2021-07-27,01447780,1366.86,A,1366.5,A,1366.65,A
2021-07-28,01447780,1366.77,A,1366.52,A,1366.67,A
2021-07-29,01447780,1366.94,A,1366.69,A,1366.76,A
2021-07-30,01447780,1367.85,A,1366.94,A,1367.42,A
2021-07-31,01447780,1367.84,A,1367.34,A,1367.52,A
2021-08-01,01447780,1367.52,A,1366.76,A,1366.97,A
2021-08-02,01447780,1367.14,A,1366.86,A,1367.02,A
2021-08-03,01447780,1367.16,A,1367.13,A,1367.15,A
2021-08-04,01447780,1367.13,A,1366.96,A,1367.05,A
2021-08-05,01447780,1366.96,A,1366.66,A,1366.81,A
2021-08-06,01447780,1366.66,A,1366.22,A,1366.46,A
2021-08-07,01447780,1366.22,A,1364.86,A,1365.34,A
2021-08-08,01447780,1364.86,A,1363.5,A,1363.95,A
2021-08-09,01447780,1363.5,A,1363.04,A,1363.26,A
2021-08-10,01447780,1363.04,A,1362.76,A,1362.9,A
2021-08-11,01447780,1362.77,A,1362.68,A,1362.72,A
2021-08-12,01447780,1362.69,A,1362.6,A,1362.64,A
2021-08-13,01447780,1362.74,A,1362.62,A,1362.67,A
2021-08-14,01447780,1362.71,A,1361.61,A,1361.95,A
2021-08-15,01447780,1361.61,A,1360.31,A,1360.72,A
2021-08-16,01447780,1360.31,A,1359.84,A,1360.09,A
2021-08-17,01447780,1359.84,A,1359.39,A,1359.61,A
2021-08-18,01447780,1359.39,A,1359.14,A,1359.26,A
2021-08-19,01447780,1364.29,A,1359.35,A,1361.81,A
2021-08-20,01447780,1367.43,A,1364.29,A,1366.05,A
2021-08-21,01447780,1368.35,A,1367.43,A,1367.75,A
2021-08-22,01447780,1372.37,A,1368.21,A,1368.66,A
2021-08-23,01447780,1405.92,A,1372.37,A,1392.97,A
2021-08-24,01447780,1406.84,A,1404.43,A,1406.15,A
2021-08-25,01447780,1404.43,A,1395.9,A,1400.55,A
2021-08-26,01447780,1395.9,A,1383.9,A,1390.15,A
2021-08-27,01447780,1383.9,A,1371.01,A,1377.06,A
2021-08-28,01447780,1371.72,A,1371.18,A,1371.57,A
2021-08-29,01447780,1371.56,A,1370.52,A,1371.0,A
2021-08-30,01447780,1370.52,A,1361.79,A,1367.42,A
2021-08-31,01447780,1361.79,A,1338.12,A,1351.73,A
2021-09-01,01447780,1372.63,A,1329.74,A,1341.04,A
2021-09-02,01447780,1405.04,A,1372.63,A,1394.3,A
2021-09-03,01447780,1406.47,A,1404.53,A,1405.95,A
2021-09-04,01447780,1404.53,A,1394.54,A,1399.94,A
2021-09-05,01447780,1394.54,A,1383.09,A,1388.66,A
2021-09-06,01447780,1383.09,A,1374.79,A,1378.19,A
2021-09-07,01447780,1374.79,A,1371.3,A,1372.34,A
2021-09-08,01447780,1371.3,A,1370.22,A,1370.81,A
2021-09-09,01447780,1370.32,A,1370.14,A,1370.23,A
2021-09-10,01447780,1370.29,A,1370.06,A,1370.15,A
2021-09-11,01447780,1370.28,A,1370.18,A,1370.23,A
2021-09-12,01447780,1370.18,A,1369.89,A,1370.0,A
2021-09-13,01447780,1370.16,A,1369.83,A,1369.9,A
2021-09-14,01447780,1370.4,A,1370.16,A,1370.35,A
2021-09-15,01447780,1370.35,A,1370.12,A,1370.22,A
2021-09-16,01447780,1370.67,A,1370.16,A,1370.51,A
2021-09-17,01447780,1370.66,A,1370.42,A,1370.54,A
2021-09-18,01447780,1370.68,A,1370.6,A,1370.66,A
2021-09-19,01447780,1370.65,A,1370.26,A,1370.49,A
2021-09-20,01447780,1370.26,A,1367.52,A,1369.61,A
2021-09-21,01447780,1367.52,A,1357.23,A,1363.08,A
2021-09-22,01447780,1357.23,A,1347.96,A,1351.1,A
2021-09-23,01447780,1351.07,A,1346.72,A,1347.85,A
2021-09-24,01447780,1354.59,A,1351.07,A,1353.82,A
2021-09-25,01447780,1354.58,A,1352.45,A,1353.79,A
2021-09-26,01447780,1352.45,A,1350.02,A,1350.76,A
2021-09-27,01447780,1350.21,A,1349.97,A,1350.06,A
2021-09-28,01447780,1350.29,A,1350.21,A,1350.24,A
2021-09-29,01447780,1350.3,A,1350.19,A,1350.24,A
2021-09-30,01447780,1350.2,A,1350.09,A,1350.14,A
