<?xml version="1.0"?>
<!--<!DOCTYPE metadata SYSTEM "http://www.esri.com/metadata/esriprof80.dtd">-->
<metadata xml:lang="en"><Esri><CreaDate>20190814</CreaDate><CreaTime>07555400</CreaTime><SyncOnce>FALSE</SyncOnce><SyncDate>20130903</SyncDate><SyncTime>14423700</SyncTime><ModDate>20130903</ModDate><ModTime>14423700</ModTime><DataProperties><lineage><Process Name="Project_1" ToolSource="C:\Program Files\ArcGIS\ArcToolbox\Toolboxes\Data Management Tools.tbx\Project" Date="20061106" Time="151040">Project C:\arcdata\projects\waterbud\shapefiles\swbasin5.shp C:\arcdata\projects\waterbudget_COE\GDB\waterbudget.mdb\swbasin5_usgs PROJCS['NAD_1983_UTM_Zone_18N',GEOGCS['GCS_North_American_1983',DATUM['D_North_American_1983',SPHEROID['GRS_1980',6378137.0,298.257222101]],PRIMEM['Greenwich',0.0],UNIT['Degree',0.0174532925199433]],PROJECTION['Transverse_Mercator'],PARAMETER['False_Easting',500000.0],PARAMETER['False_Northing',0.0],PARAMETER['Central_Meridian',-75.0],PARAMETER['Scale_Factor',0.9996],PARAMETER['Latitude_Of_Origin',0.0],UNIT['Meter',1.0]] NAD_1927_To_NAD_1983_NADCON</Process><Process ToolSource="c:\program files\arcgis\pro\Resources\ArcToolbox\toolboxes\Data Management Tools.tbx\AddRelate" Date="20190731" Time="081919">AddRelate drb_gwavail_usgs BASIN_ID GWWD_BasinwideLONG.csv BASIN_ID Relate1 "One to many"</Process><Process ToolSource="c:\program files\arcgis\pro\Resources\ArcToolbox\toolboxes\Data Management Tools.tbx\AddRelate" Date="20190731" Time="082046">AddRelate drb_gwavail_usgs BASIN_ID GWWD_BasinwideLONG.csv BASIN_ID WUyear "One to many"</Process></lineage><itemProps><itemName Sync="TRUE">drb_gwavail_usgs</itemName><imsContentType Sync="TRUE">002</imsContentType><nativeExtBox><westBL Sync="TRUE">381523.711396</westBL><eastBL Sync="TRUE">553448.066525</eastBL><southBL Sync="TRUE">4282000.192571</southBL><northBL Sync="TRUE">4701216.037902</northBL><exTypeCode Sync="TRUE">1</exTypeCode></nativeExtBox><itemLocation><linkage Sync="TRUE">file://\\KARENGIS\C$\arcdata_server\watersheds.gdb</linkage><protocol Sync="TRUE">Local Area Network</protocol></itemLocation></itemProps><coordRef><type Sync="TRUE">Projected</type><geogcsn Sync="TRUE">GCS_North_American_1983</geogcsn><csUnits Sync="TRUE">Linear Unit: Meter (1.000000)</csUnits><projcsn Sync="TRUE">NAD_1983_UTM_Zone_18N</projcsn><peXml Sync="TRUE">&lt;ProjectedCoordinateSystem xsi:type='typens:ProjectedCoordinateSystem' xmlns:xsi='http://www.w3.org/2001/XMLSchema-instance' xmlns:xs='http://www.w3.org/2001/XMLSchema' xmlns:typens='http://www.esri.com/schemas/ArcGIS/10.1'&gt;&lt;WKT&gt;PROJCS[&amp;quot;NAD_1983_UTM_Zone_18N&amp;quot;,GEOGCS[&amp;quot;GCS_North_American_1983&amp;quot;,DATUM[&amp;quot;D_North_American_1983&amp;quot;,SPHEROID[&amp;quot;GRS_1980&amp;quot;,6378137.0,298.257222101]],PRIMEM[&amp;quot;Greenwich&amp;quot;,0.0],UNIT[&amp;quot;Degree&amp;quot;,0.0174532925199433]],PROJECTION[&amp;quot;Transverse_Mercator&amp;quot;],PARAMETER[&amp;quot;False_Easting&amp;quot;,500000.0],PARAMETER[&amp;quot;False_Northing&amp;quot;,0.0],PARAMETER[&amp;quot;Central_Meridian&amp;quot;,-75.0],PARAMETER[&amp;quot;Scale_Factor&amp;quot;,0.9996],PARAMETER[&amp;quot;Latitude_Of_Origin&amp;quot;,0.0],UNIT[&amp;quot;Meter&amp;quot;,1.0],AUTHORITY[&amp;quot;EPSG&amp;quot;,26918]]&lt;/WKT&gt;&lt;XOrigin&gt;-5120899.9999571741&lt;/XOrigin&gt;&lt;YOrigin&gt;-9998099.9998752605&lt;/YOrigin&gt;&lt;XYScale&gt;19508.987923723733&lt;/XYScale&gt;&lt;ZOrigin&gt;-100000&lt;/ZOrigin&gt;&lt;ZScale&gt;10000&lt;/ZScale&gt;&lt;MOrigin&gt;-100000&lt;/MOrigin&gt;&lt;MScale&gt;10000&lt;/MScale&gt;&lt;XYTolerance&gt;0.00041006740233160278&lt;/XYTolerance&gt;&lt;ZTolerance&gt;0.001&lt;/ZTolerance&gt;&lt;MTolerance&gt;0.001&lt;/MTolerance&gt;&lt;HighPrecision&gt;true&lt;/HighPrecision&gt;&lt;WKID&gt;26918&lt;/WKID&gt;&lt;LatestWKID&gt;26918&lt;/LatestWKID&gt;&lt;/ProjectedCoordinateSystem&gt;</peXml></coordRef></DataProperties><ArcGISFormat>1.0</ArcGISFormat></Esri><idinfo><native Sync="TRUE">Microsoft Windows XP Version 5.1 (Build 2600) Service Pack 2; ESRI ArcCatalog 9.2.5.1450</native><descript><langdata Sync="TRUE">en</langdata><abstract>Development of GIS-based ground-water availability analysis for the Delaware River Basin Commision (DRBC).</abstract><purpose>Existing digitial watershed GIS data were compiled from Delaware, Maryland, New Jersey, New York, and Pennsylvania to delineate a watershed layer for the entire Delaware River basin.  The sub-watersheds within this region are of a consistent area, measured in square miles, and will be used spatially to collect characteristics (e.g.,landuse, geology) for each watershed.</purpose><supplinf>Orginal file name was swbasin5, DRBC calls this the 147 watersheds.</supplinf></descript><citation><citeinfo><origin>Compilation from existing watershed data (NY, NJ, DE, PA)</origin><pubdate>Compilation date: 12/2003</pubdate><title>DRB GW Basins (147)</title><ftname Sync="TRUE">drb_gwavail_usgs</ftname><geoform Sync="TRUE">vector digital data</geoform><edition>Version 1.0</edition><lworkcit><citeinfo><geoform>vector digital data</geoform></citeinfo></lworkcit><onlink Sync="TRUE">\\KAREN-DELL\C$\arcdata_server\watersheds.gdb</onlink></citeinfo></citation><timeperd><current>publication date</current><timeinfo><sngdate><caldate>12/2003</caldate></sngdate></timeinfo></timeperd><status><progress>Complete</progress><update>None planned</update></status><spdom><bounding><westbc Sync="TRUE">-76.440847</westbc><eastbc Sync="TRUE">-74.349913</eastbc><northbc Sync="TRUE">42.463283</northbc><southbc Sync="TRUE">38.678677</southbc></bounding><lboundng><leftbc Sync="TRUE">381523.711396</leftbc><rightbc Sync="TRUE">553448.066525</rightbc><bottombc Sync="TRUE">4282000.192571</bottombc><topbc Sync="TRUE">4701216.037902</topbc></lboundng></spdom><keywords><theme><themekt>New Jersey DEP.</themekt><themekey>watershed</themekey><themekey>drainage basin</themekey><themekey>boundaries</themekey></theme><place><placekey>New York</placekey><placekey>New Jersey</placekey><placekey>Pennsylvania</placekey><placekey>Maryland</placekey><placekey>Delaware</placekey><placekey>Delaware River</placekey></place><theme><themekt>NRCS (PA, NY, DE)</themekt></theme></keywords><accconst>None.</accconst><useconst>GIS processing software is required to use this dataset.</useconst><natvform Sync="TRUE">File Geodatabase Feature Class</natvform><ptcontac><cntinfo><cntvoice>(717) 730-6945</cntvoice><cntfax>(717) 730-6997</cntfax><cntemail>shoffman@usgs.gov</cntemail><cntaddr><address>215 Limekiln Road</address><addrtype>mailing and physical address</addrtype><city>New Cumberland</city><state>PA</state><postal>17070</postal><country>US</country></cntaddr><cntperp><cntper>Scott Hoffman</cntper><cntorg>US Geological Survey</cntorg></cntperp><cntpos>GIS Specialist</cntpos></cntinfo></ptcontac><datacred>New York HUC-11: National Resources Conservation Service (NRCS), Albany, New York
Pennsylvania HUC-11: NRCS, Harrisburg, Pennsylvania
Delaware HUC-12: NRCS, Dover, Delaware
New Jersey HUC-11: New Jersey, Department of Environmental Protection</datacred><secinfo><secclass>Unclassified</secclass></secinfo></idinfo><dataIdInfo><envirDesc Sync="TRUE">Microsoft Windows 7 Version 6.1 (Build 7601) Service Pack 1; Esri ArcGIS 10.1.1.3143</envirDesc><dataLang><languageCode Sync="TRUE" value="eng"></languageCode><countryCode value="USA" Sync="TRUE"></countryCode></dataLang><idCitation><resTitle Sync="TRUE">drb_gwavail_usgs</resTitle><presForm><PresFormCd Sync="TRUE" value="005"></PresFormCd></presForm></idCitation><spatRpType><SpatRepTypCd Sync="TRUE" value="001"></SpatRepTypCd></spatRpType><dataExt><geoEle><GeoBndBox esriExtentType="native"><westBL Sync="TRUE">381523.711396</westBL><eastBL Sync="TRUE">553448.066525</eastBL><northBL Sync="TRUE">4701216.037902</northBL><southBL Sync="TRUE">4282000.192571</southBL><exTypeCode Sync="TRUE">1</exTypeCode></GeoBndBox></geoEle></dataExt><geoBox esriExtentType="decdegrees"><westBL Sync="TRUE">-76.440847</westBL><eastBL Sync="TRUE">-74.349913</eastBL><northBL Sync="TRUE">42.463283</northBL><southBL Sync="TRUE">38.678677</southBL><exTypeCode Sync="TRUE">1</exTypeCode></geoBox><dataExt><geoEle><GeoBndBox esriExtentType="search"><exTypeCode Sync="TRUE">1</exTypeCode><westBL Sync="TRUE">-76.440847</westBL><eastBL Sync="TRUE">-74.349913</eastBL><northBL Sync="TRUE">42.463283</northBL><southBL Sync="TRUE">38.678677</southBL></GeoBndBox></geoEle></dataExt></dataIdInfo><metainfo><langmeta Sync="TRUE">en</langmeta><metstdn Sync="TRUE">FGDC Content Standards for Digital Geospatial Metadata</metstdn><metstdv Sync="TRUE">FGDC-STD-001-1998</metstdv><mettc Sync="TRUE">local time</mettc><metc><cntinfo><cntorgp><cntper>Scott Hoffman</cntper><cntorg>US Geological Survey</cntorg></cntorgp><cntaddr><addrtype>mailing and physical address</addrtype><city>New Cumberland</city><state>PA</state><postal>17070</postal><address>215 Limekiln Road</address></cntaddr><cntvoice>(717) 730-6945</cntvoice><cntpos>GIS Specialist</cntpos></cntinfo></metc><metd Sync="TRUE">20080609</metd></metainfo><mdLang><languageCode Sync="TRUE" value="eng"></languageCode><countryCode value="USA" Sync="TRUE"></countryCode></mdLang><mdStanName Sync="TRUE">ISO 19115 Geographic Information - Metadata</mdStanName><mdStanVer Sync="TRUE">DIS_ESRI1.0</mdStanVer><mdChar><CharSetCd Sync="TRUE" value="004"></CharSetCd></mdChar><mdHrLv><ScopeCd Sync="TRUE" value="005"></ScopeCd></mdHrLv><mdHrLvName Sync="TRUE">dataset</mdHrLvName><distinfo><resdesc Sync="TRUE">Downloadable Data</resdesc><stdorder><digform><digtinfo><transize Sync="TRUE">3.865</transize><dssize Sync="TRUE">3.865</dssize></digtinfo></digform></stdorder><techpreq>Must have GIS processing software</techpreq></distinfo><distInfo><distributor><distorTran><onLineSrc><orDesc Sync="TRUE">002</orDesc><linkage Sync="TRUE">file://\\KAREN-DELL\C$\arcdata_server\watersheds.gdb</linkage><protocol Sync="TRUE">Local Area Network</protocol></onLineSrc><transSize Sync="TRUE">3.865</transSize></distorTran><distorFormat><formatName Sync="TRUE">File Geodatabase Feature Class</formatName></distorFormat></distributor><distFormat><formatName Sync="TRUE">File Geodatabase Feature Class</formatName></distFormat></distInfo><spdoinfo><direct Sync="TRUE">Vector</direct><ptvctinf><esriterm Name="drb_gwavail_usgs"><efeatyp Sync="TRUE">Simple</efeatyp><efeageom code="4" Sync="TRUE"></efeageom><esritopo Sync="TRUE">FALSE</esritopo><efeacnt Sync="TRUE">147</efeacnt><spindex Sync="TRUE">TRUE</spindex><linrefer Sync="TRUE">FALSE</linrefer></esriterm></ptvctinf></spdoinfo><spref><horizsys><cordsysn><geogcsn Sync="TRUE">GCS_North_American_1983</geogcsn><projcsn Sync="TRUE">NAD_1983_UTM_Zone_18N</projcsn></cordsysn><planar><planci><plance Sync="TRUE">coordinate pair</plance><plandu Sync="TRUE">meters</plandu><coordrep><absres Sync="TRUE">0.000051</absres><ordres Sync="TRUE">0.000051</ordres></coordrep></planci></planar><geodetic><horizdn Sync="TRUE">North American Datum of 1983</horizdn><ellips Sync="TRUE">Geodetic Reference System 80</ellips><semiaxis Sync="TRUE">6378137.000000</semiaxis><denflat Sync="TRUE">298.257222</denflat></geodetic></horizsys></spref><refSysInfo><RefSystem><refSysID><identCode Sync="TRUE" code="26918">NAD_1983_UTM_Zone_18N</identCode><idCodeSpace Sync="TRUE">EPSG</idCodeSpace><idVersion Sync="TRUE">7.11.2</idVersion></refSysID></RefSystem></refSysInfo><spatRepInfo><VectSpatRep><geometObjs Name="drb_gwavail_usgs"><geoObjTyp><GeoObjTypCd value="002" Sync="TRUE"></GeoObjTypCd></geoObjTyp><geoObjCnt Sync="TRUE">147</geoObjCnt></geometObjs><topLvl><TopoLevCd value="001" Sync="TRUE"></TopoLevCd></topLvl></VectSpatRep></spatRepInfo><eainfo><detailed Name="drb_gwavail_usgs"><enttyp><enttypl Sync="TRUE">drb_gwavail_usgs</enttypl><enttypt Sync="TRUE">Feature Class</enttypt><enttypc Sync="TRUE">147</enttypc><enttypd>line attribute table</enttypd><enttypds>ESRI, GIS software</enttypds></enttyp><attr><attrlabl Sync="TRUE">SQM</attrlabl><attalias Sync="TRUE">SQM</attalias><attrtype Sync="TRUE">Double</attrtype><attwidth Sync="TRUE">8</attwidth><atprecis Sync="TRUE">0</atprecis><attscale Sync="TRUE">0</attscale></attr><attr><attrlabl Sync="TRUE">STATEID</attrlabl><attalias Sync="TRUE">STATEID</attalias><attrtype Sync="TRUE">String</attrtype><attwidth Sync="TRUE">2</attwidth><atprecis Sync="TRUE">0</atprecis><attscale Sync="TRUE">0</attscale></attr><attr><attrlabl Sync="TRUE">BASIN_ID</attrlabl><attalias Sync="TRUE">BASIN_ID</attalias><attrtype Sync="TRUE">String</attrtype><attwidth Sync="TRUE">6</attwidth><atprecis Sync="TRUE">0</atprecis><attscale Sync="TRUE">0</attscale></attr><attr><attrlabl Sync="TRUE">STREAMS</attrlabl><attalias Sync="TRUE">STREAMS</attalias><attrtype Sync="TRUE">String</attrtype><attwidth Sync="TRUE">100</attwidth><atprecis Sync="TRUE">0</atprecis><attscale Sync="TRUE">0</attscale></attr><attr><attrlabl Sync="TRUE">OBJECTID</attrlabl><attalias Sync="TRUE">OBJECTID</attalias><attrtype Sync="TRUE">OID</attrtype><attwidth Sync="TRUE">4</attwidth><atprecis Sync="TRUE">0</atprecis><attscale Sync="TRUE">0</attscale><attrdef Sync="TRUE">Internal feature number.</attrdef><attrdefs Sync="TRUE">ESRI</attrdefs><attrdomv><udom Sync="TRUE">Sequential unique whole numbers that are automatically generated.</udom></attrdomv></attr><attr><attrlabl Sync="TRUE">Shape</attrlabl><attalias Sync="TRUE">Shape</attalias><attrtype Sync="TRUE">Geometry</attrtype><attwidth Sync="TRUE">0</attwidth><atprecis Sync="TRUE">0</atprecis><attscale Sync="TRUE">0</attscale><attrdef Sync="TRUE">Feature geometry.</attrdef><attrdefs Sync="TRUE">ESRI</attrdefs><attrdomv><udom Sync="TRUE">Coordinates defining the features.</udom></attrdomv></attr><attr><attrlabl Sync="TRUE">Shape_Length</attrlabl><attalias Sync="TRUE">Shape_Length</attalias><attrtype Sync="TRUE">Double</attrtype><attwidth Sync="TRUE">8</attwidth><atprecis Sync="TRUE">0</atprecis><attscale Sync="TRUE">0</attscale><attrdef Sync="TRUE">Length of feature in internal units.</attrdef><attrdefs Sync="TRUE">ESRI</attrdefs><attrdomv><udom Sync="TRUE">Positive real numbers that are automatically generated.</udom></attrdomv></attr><attr><attrlabl Sync="TRUE">Shape_Area</attrlabl><attalias Sync="TRUE">Shape_Area</attalias><attrtype Sync="TRUE">Double</attrtype><attwidth Sync="TRUE">8</attwidth><atprecis Sync="TRUE">0</atprecis><attscale Sync="TRUE">0</attscale><attrdef Sync="TRUE">Area of feature in internal units squared.</attrdef><attrdefs Sync="TRUE">ESRI</attrdefs><attrdomv><udom Sync="TRUE">Positive real numbers that are automatically generated.</udom></attrdomv></attr><attr><attrlabl Sync="TRUE">HUC8_Name</attrlabl><attalias Sync="TRUE">HUC8_Name</attalias><attrtype Sync="TRUE">String</attrtype><attwidth Sync="TRUE">50</attwidth><atprecis Sync="TRUE">0</atprecis><attscale Sync="TRUE">0</attscale></attr></detailed><detailed Name="swbasin5.pat"><enttyp><enttypl Sync="TRUE">swbasin5.pat</enttypl><enttypt Sync="TRUE">Feature Class</enttypt><enttypc Sync="TRUE">147</enttypc><enttypd>polygon attribute table</enttypd><enttypds>ESRI, GIS software</enttypds></enttyp><attr><attrlabl Sync="TRUE">FID</attrlabl><attalias Sync="TRUE">FID</attalias><attrtype Sync="TRUE">OID</attrtype><attwidth Sync="TRUE">4</attwidth><atprecis Sync="TRUE">0</atprecis><attscale Sync="TRUE">0</attscale><attrdef Sync="TRUE">Internal feature number.</attrdef><attrdefs Sync="TRUE">ESRI</attrdefs><attrdomv><udom Sync="TRUE">Sequential unique whole numbers that are automatically generated.</udom></attrdomv></attr><attr><attrlabl Sync="TRUE">Shape</attrlabl><attalias Sync="TRUE">Shape</attalias><attrtype Sync="TRUE">Geometry</attrtype><attwidth Sync="TRUE">0</attwidth><atprecis Sync="TRUE">0</atprecis><attscale Sync="TRUE">0</attscale><attrdef Sync="TRUE">Feature geometry.</attrdef><attrdefs Sync="TRUE">ESRI</attrdefs><attrdomv><udom Sync="TRUE">Coordinates defining the features.</udom></attrdomv></attr><attr><attrlabl Sync="TRUE">AREA</attrlabl><attwidth Sync="TRUE">9</attwidth><atoutwid Sync="TRUE">12</atoutwid><attrtype Sync="TRUE">Number</attrtype><atnumdec Sync="TRUE">3</atnumdec><attrdef Sync="TRUE">Area of feature in internal units squared.</attrdef><attrdefs Sync="TRUE">ESRI</attrdefs><attrdomv><udom Sync="TRUE">Positive real numbers that are automatically generated.</udom></attrdomv></attr><attr><attrlabl Sync="TRUE">PERIMETER</attrlabl><attwidth Sync="TRUE">9</attwidth><atoutwid Sync="TRUE">12</atoutwid><attrtype Sync="TRUE">Number</attrtype><atnumdec Sync="TRUE">3</atnumdec><attrdef Sync="TRUE">Perimeter of feature in internal units.</attrdef><attrdefs Sync="TRUE">ESRI</attrdefs><attrdomv><udom Sync="TRUE">Positive real numbers that are automatically generated.</udom></attrdomv></attr><attr><attrlabl Sync="TRUE">SWBASIN5#</attrlabl><attwidth Sync="TRUE">9</attwidth><atoutwid Sync="TRUE">5</atoutwid><attrtype Sync="TRUE">Number</attrtype><attrdef Sync="TRUE">Internal feature number.</attrdef><attrdefs Sync="TRUE">ESRI</attrdefs><attrdomv><udom Sync="TRUE">Sequential unique whole numbers that are automatically generated.</udom></attrdomv></attr><attr><attrlabl Sync="TRUE">SWBASIN5-ID</attrlabl><attwidth Sync="TRUE">9</attwidth><atoutwid Sync="TRUE">5</atoutwid><attrtype Sync="TRUE">Number</attrtype><attrdef Sync="TRUE">User-defined feature number.</attrdef><attrdefs Sync="TRUE">ESRI</attrdefs></attr><attr><attrlabl Sync="TRUE">SQM</attrlabl><attwidth Sync="TRUE">9</attwidth><atoutwid Sync="TRUE">13</atoutwid><attrtype Sync="TRUE">Number</attrtype><atnumdec Sync="TRUE">3</atnumdec><attrdef>area in square miles</attrdef><attrdefs>AREA * .0000003861</attrdefs><attrvai><attrva>number</attrva><attrvae>as calculated</attrvae></attrvai><attrmfrq>None planned</attrmfrq></attr><attr><attrlabl Sync="TRUE">STATEID</attrlabl><attwidth Sync="TRUE">2</attwidth><atoutwid Sync="TRUE">2</atoutwid><attrtype Sync="TRUE">String</attrtype><attrdef>two-letter state abreviation</attrdef><attrdefs>state</attrdefs><attrvai><attrva>PA, NY, NJ, DE</attrva><attrvae>as coded</attrvae></attrvai><attrmfrq>None planned</attrmfrq></attr><attr><attrlabl Sync="TRUE">BASIN_ID</attrlabl><attwidth Sync="TRUE">6</attwidth><atoutwid Sync="TRUE">6</atoutwid><attrtype Sync="TRUE">String</attrtype><attrdef>unique identifier for each basin</attrdef><attrdefs>determined by project staff</attrdefs><attrvai><attrva>DB-001 to DB-147</attrva><attrvae>as coded</attrvae></attrvai><attrmfrq>None planned</attrmfrq></attr><attr><attrlabl Sync="TRUE">STREAMS</attrlabl><attwidth Sync="TRUE">100</attwidth><atoutwid Sync="TRUE">100</atoutwid><attrtype Sync="TRUE">String</attrtype><attrdef>streams that are in the watershed</attrdef><attrdefs>project staff</attrdefs><attrvai><attrva>character</attrva><attrvae>as coded</attrvae></attrvai><attrmfrq>None planned</attrmfrq></attr></detailed></eainfo><mdDateSt Sync="TRUE">20130903</mdDateSt><dataqual><lineage><procstep><srcused>New Jersey DEP</srcused><srcused>NRCS (PA, NY, DE)</srcused><procdesc>Polygons compiled from State and NRCS data sources.</procdesc><procsv>ArcGIS 8.3</procsv><procdate>12/2003</procdate></procstep><procstep><procdesc>Sliver polygons eliminated.</procdesc><procsv>ArcGIS 8.3</procsv><procdate>12/2003</procdate></procstep><procstep><procdesc>Polygon attributes updated.</procdesc><procsv>ArcGIS 8.3</procsv><procdate>12/2003</procdate></procstep><procstep><procdesc>Metadata created</procdesc><procsv>ArcGIS 8.3</procsv><procdate>12/2003</procdate></procstep><srcinfo><srcscale>24,000</srcscale><typesrc>paper, stable base</typesrc><srctime><srccurr>publication date</srccurr></srctime></srcinfo><procstep><procdesc Sync="TRUE">Metadata imported.</procdesc><srcused Sync="TRUE">C:\arcdata\projects\waterbud\shapefiles\swbasin5.shp.shp.xml</srcused><date Sync="TRUE">20061106</date><time Sync="TRUE">15052100</time></procstep><procstep><procdesc Sync="TRUE">Dataset copied.</procdesc><srcused Sync="TRUE"></srcused><date Sync="TRUE">20061106</date><time Sync="TRUE">15103900</time></procstep><procstep><procdesc Sync="TRUE">Dataset copied.</procdesc><srcused Sync="TRUE">\\KAREN-DELL\C$\arcdata\projects\watersupplydemand\GDB\waterbudget.mdb</srcused><date Sync="TRUE">20071116</date><time Sync="TRUE">16120100</time></procstep></lineage><attracc><attraccr>As entered.</attraccr></attracc><logic>Dataset has complete polygon and line topology.</logic><complete>Dataset is complete for the entire Delaware River basin watershed.</complete><posacc><horizpa><horizpar>Dataset was compiled from  1:24,000-scale existing digitial data for drainage basin boundaries.</horizpar></horizpa></posacc></dataqual></metadata>
