site_id,lat,long,start_date,end_date,drain_sqkm,geometry
1312000,43.96602778,-74.13138889,10/1/1925,1/22/2023,498.2193,POINT (-74.13138889 43.96602778)
1315000,43.7565,-74.2670556,7/1/1912,1/22/2023,337.5252,POINT (-74.2670556 43.7565)
1321000,43.35277778,-74.27027778,9/15/1911,1/22/2023,1263.694,POINT (-74.27027778 43.35277778)
1336000,43.26444444,-75.43638889,10/1/1927,1/22/2023,386.4249,POINT (-75.43638889 43.26444444)
1342730,43.0065833,-75.0416667,11/1/1966,1/22/2023,,POINT (-75.0416667 43.0065833)
1346000,43.06888889,-74.9883333,1/1/1907,1/22/2023,1439.444,POINT (-74.9883333 43.06888889)
1347000,43.0147222,-74.7794444,10/1/1927,1/22/2023,3450.5,POINT (-74.7794444 43.0147222)
1348000,43.01666667,-74.7408333,12/2/1945,1/22/2023,756.468,POINT (-74.7408333 43.01666667)
1349000,42.92925,-74.63288889,10/1/1949,1/22/2023,157.662,POINT (-74.63288889 42.92925)
1349150,42.87627778,-74.6028611,3/27/1993,1/22/2023,154.8242,POINT (-74.6028611 42.87627778)
1349700,42.24916667,-74.30277778,12/27/1996,1/22/2023,92.7072,POINT (-74.30277778 42.24916667)
1349705,42.23694444,-74.34027778,8/18/1999,1/22/2023,249.201,POINT (-74.34027778 42.23694444)
1349711,42.185,-74.2769444,10/1/1997,1/22/2023,12.6972,POINT (-74.2769444 42.185)
1349810,42.23027778,-74.3930556,10/1/1997,1/22/2023,73.656,POINT (-74.3930556 42.23027778)
1349950,42.3083333,-74.39,10/1/1997,1/22/2023,177.9192,POINT (-74.39 42.3083333)
1350000,42.31944444,-74.4366667,11/9/1902,1/22/2023,612.5148,POINT (-74.4366667 42.31944444)
1350035,42.33805556,-74.4516667,9/30/1998,1/22/2023,67.71329,POINT (-74.4516667 42.33805556)
1350080,42.37694444,-74.4130556,7/18/1986,1/22/2023,83.8404,POINT (-74.4130556 42.37694444)
1350101,42.3972222,-74.4505556,10/1/1975,1/22/2023,817.1208,POINT (-74.4505556 42.3972222)
1350120,42.4061111,-74.4472222,1/28/1975,1/22/2023,29.4678,POINT (-74.4472222 42.4061111)
1350140,42.42888889,-74.4730556,12/13/1974,1/22/2023,43.7598,POINT (-74.4730556 42.42888889)
1350180,42.4658333,-74.4622222,10/1/1970,1/22/2023,928.5067,POINT (-74.4622222 42.4658333)
1350355,42.53763889,-74.41025,7/29/1975,1/22/2023,1153.139,POINT (-74.41025 42.53763889)
1350500,42.59944444,-74.3361111,7/1/1927,1/22/2023,,POINT (-74.3361111 42.59944444)
1351500,42.80002778,-74.26277778,10/1/1939,1/22/2023,2320.989,POINT (-74.26277778 42.80002778)
13621955,42.10888889,-74.4519444,9/30/1998,1/22/2023,32.7042,POINT (-74.4519444 42.10888889)
1362200,42.11694444,-74.38027778,10/1/1963,1/22/2023,169.1902,POINT (-74.38027778 42.11694444)
1362342,42.1422222,-74.265,10/1/1997,1/22/2023,,POINT (-74.265 42.1422222)
1362370,42.10202778,-74.31088889,2/1/1997,1/22/2023,80.2485,POINT (-74.31088889 42.10202778)
1362497,42.01944444,-74.26638889,10/1/1997,1/22/2023,43.1595,POINT (-74.26638889 42.01944444)
1362500,42.0144722,-74.2701944,10/1/1931,1/22/2023,493.1622,POINT (-74.2701944 42.0144722)
1364959,41.93694444,-74.3747222,5/1/1996,5/4/2022,14.0391,POINT (-74.3747222 41.93694444)
1365000,41.86638889,-74.4872222,2/4/1937,1/22/2023,99.5688,POINT (-74.4872222 41.86638889)
1365500,41.845,-74.5394444,11/9/1938,1/22/2023,54.4473,POINT (-74.5394444 41.845)
1367500,41.8430833,-74.0861111,7/8/1901,1/22/2023,940.1213,POINT (-74.0861111 41.8430833)
1371500,41.68613889,-74.16527778,9/23/1924,1/22/2023,1866.345,POINT (-74.16527778 41.68613889)
1377500,40.99277778,-74.0211111,10/1/1934,1/22/2023,73.6038,POINT (-74.0211111 40.99277778)
1378500,40.9483333,-74.0266667,10/1/1921,1/22/2023,300.3462,POINT (-74.0266667 40.9483333)
1379000,40.68,-74.52888889,12/1/1903,1/22/2023,140.4292,POINT (-74.52888889 40.68)
1379500,40.7261111,-74.3897222,3/1/1903,1/22/2023,256.0499,POINT (-74.3897222 40.7261111)
1379530,40.74444444,-74.3536111,10/1/1965,1/22/2023,29.9142,POINT (-74.3536111 40.74444444)
1379773,40.96,-74.5397222,10/1/1982,1/22/2023,19.5633,POINT (-74.5397222 40.96)
1379780,40.94944444,-74.5572222,10/1/1984,1/22/2023,23.6448,POINT (-74.5572222 40.94944444)
1380450,40.9075,-74.4191667,10/1/1937,1/22/2023,,POINT (-74.4191667 40.9075)
1381000,40.89694444,-74.3947222,1/1/1906,1/22/2023,314.3538,POINT (-74.3947222 40.89694444)
1381400,40.8122222,-74.5119444,8/24/1995,1/22/2023,36.2061,POINT (-74.5119444 40.8122222)
1381500,40.8072222,-74.4569444,10/1/1921,1/22/2023,76.87424,POINT (-74.4569444 40.8072222)
1381800,40.845,-74.3472222,10/1/1996,1/22/2023,180.0306,POINT (-74.3472222 40.845)
1381900,40.8625,-74.3216667,10/1/1979,1/22/2023,907.8039,POINT (-74.3216667 40.8625)
1382500,41.0183333,-74.4011111,10/1/1922,1/22/2023,164.1465,POINT (-74.4011111 41.0183333)
1382800,40.9986111,-74.2980556,10/1/1993,1/22/2023,,POINT (-74.2980556 40.9986111)
1383500,41.16027778,-74.3336111,5/13/1919,1/22/2023,75.3111,POINT (-74.3336111 41.16027778)
1384500,41.1272222,-74.2658333,10/1/1934,1/22/2023,43.9758,POINT (-74.2658333 41.1272222)
1386000,41.0736111,-74.3116667,10/1/1934,1/22/2023,30.6657,POINT (-74.3116667 41.0736111)
1387000,41.04416667,-74.2930556,9/15/1912,1/22/2023,,POINT (-74.2930556 41.04416667)
1387400,41.14027778,-74.1686111,6/28/1979,1/22/2023,231.6789,POINT (-74.1686111 41.14027778)
1387420,41.1183333,-74.16027778,6/28/1979,1/22/2023,247.6512,POINT (-74.16027778 41.1183333)
1387450,41.1411111,-74.1161111,8/1/1958,1/22/2023,32.1759,POINT (-74.1161111 41.1411111)
1387500,41.09805556,-74.16277778,10/1/1902,1/22/2023,318.7935,POINT (-74.16277778 41.09805556)
1388000,40.99194444,-74.28,10/1/1921,1/22/2023,420.579,POINT (-74.28 40.99194444)
1388500,40.9697222,-74.2819444,3/1/1903,1/22/2023,923.0895,POINT (-74.2819444 40.9697222)
1389500,40.8847222,-74.2261111,1897-08-16,1/22/2023,1981.95,POINT (-74.2261111 40.8847222)
1390500,40.985,-74.0905556,10/1/1954,1/22/2023,57.50443,POINT (-74.0905556 40.985)
1391000,40.99777778,-74.1119444,10/1/1954,1/22/2023,42.2928,POINT (-74.1119444 40.99777778)
1391500,40.89027778,-74.0805556,10/1/1923,1/22/2023,146.4624,POINT (-74.0805556 40.89027778)
1392500,40.78805556,-74.1716667,5/26/1937,1/22/2023,,POINT (-74.1716667 40.78805556)
1393450,40.675,-74.2219444,10/1/1921,1/22/2023,45.5382,POINT (-74.2219444 40.675)
1394500,40.6875,-74.3116667,10/1/1938,1/22/2023,67.09879,POINT (-74.3116667 40.6875)
1395000,40.61888889,-74.2833333,10/1/1921,1/22/2023,107.8884,POINT (-74.2833333 40.61888889)
1396500,40.67777778,-74.8791667,10/1/1918,1/22/2023,162.5247,POINT (-74.8791667 40.67777778)
1396582,40.69138889,-74.9369444,3/24/1978,1/22/2023,32.0868,POINT (-74.9369444 40.69138889)
1396660,40.6475,-74.96888889,7/29/1977,1/22/2023,30.44061,POINT (-74.96888889 40.6475)
1396800,40.64,-74.9155556,10/1/1960,1/22/2023,107.8434,POINT (-74.9155556 40.64)
1397000,40.5722222,-74.8680556,10/1/1903,1/22/2023,388.6272,POINT (-74.8680556 40.5722222)
1398000,40.4733333,-74.82777778,10/1/1930,1/22/2023,65.97871,POINT (-74.82777778 40.4733333)
1398500,40.7083333,-74.6361111,10/1/1921,1/22/2023,68.9211,POINT (-74.6361111 40.7083333)
1399500,40.7275,-74.73027778,10/1/1921,1/22/2023,83.48874,POINT (-74.73027778 40.7275)
1399670,40.61944444,-74.7736111,3/1/1977,1/22/2023,30.9474,POINT (-74.7736111 40.61944444)
1400000,40.57055556,-74.6791667,6/14/1923,1/22/2023,485.0956,POINT (-74.6791667 40.57055556)
1400500,40.55555556,-74.58277778,10/1/1903,1/22/2023,1271.465,POINT (-74.58277778 40.55555556)
1401000,40.33305556,-74.6819444,10/1/1953,1/22/2023,115.1827,POINT (-74.6819444 40.33305556)
1401650,40.46805556,-74.64888889,7/1/1980,1/22/2023,13.2858,POINT (-74.64888889 40.46805556)
1402000,40.475,-74.5758333,8/4/1921,1/22/2023,670.3794,POINT (-74.5758333 40.475)
1403060,40.5511111,-74.5483333,9/1/1903,1/22/2023,2025.166,POINT (-74.5483333 40.5511111)
1403150,40.6122222,-74.5908333,6/21/1979,1/22/2023,5.0409,POINT (-74.5908333 40.6122222)
1403400,40.6661111,-74.40388889,6/27/1979,1/22/2023,16.3035,POINT (-74.40388889 40.6661111)
1403540,40.63638889,-74.45138889,10/1/1974,1/22/2023,14.1219,POINT (-74.45138889 40.63638889)
1403900,40.585,-74.50777778,6/16/1972,1/22/2023,125.6335,POINT (-74.50777778 40.585)
1405030,40.48305556,-74.41277778,12/22/1988,1/22/2023,111.9969,POINT (-74.41277778 40.48305556)
1405400,40.38944444,-74.3905556,1/1/1957,1/22/2023,100.7847,POINT (-74.3905556 40.38944444)
1407500,40.3197222,-74.1155556,7/28/1922,1/22/2023,127.494,POINT (-74.1155556 40.3197222)
1407705,40.1986111,-74.07,10/1/1966,1/22/2023,24.9957,POINT (-74.07 40.1986111)
1407760,40.2033333,-74.0658333,10/1/1966,1/22/2023,16.254,POINT (-74.0658333 40.2033333)
1408000,40.16138889,-74.1547222,10/1/1931,1/22/2023,114.1338,POINT (-74.1547222 40.16138889)
1408029,40.14666667,-74.1222222,11/8/1989,1/22/2023,164.3193,POINT (-74.1222222 40.14666667)
1408120,40.09166667,-74.1525,10/1/1972,1/22/2023,91.2879,POINT (-74.1525 40.09166667)
1408500,39.98638889,-74.2233333,10/1/1928,1/22/2023,318.7953,POINT (-74.2233333 39.98638889)
1408900,39.87916667,-74.1905556,7/7/1932,1/22/2023,,POINT (-74.1905556 39.87916667)
1409280,39.66666667,-74.32027778,10/1/1973,1/22/2023,42.4827,POINT (-74.32027778 39.66666667)
1409400,39.67444444,-74.665,9/1/1957,1/22/2023,116.244,POINT (-74.665 39.67444444)
1409810,39.68805556,-74.5480556,10/1/1974,1/22/2023,218.6712,POINT (-74.5480556 39.68805556)
1410000,39.66394444,-74.5234444,10/1/1930,1/22/2023,185.2785,POINT (-74.5234444 39.66394444)
1410150,39.62305556,-74.44138889,1/1/1978,1/22/2023,35.2665,POINT (-74.44138889 39.62305556)
1410500,39.43027778,-74.5205556,5/25/1946,7/26/2022,48.0375,POINT (-74.5205556 39.43027778)
1410784,39.7336111,-74.9511111,3/28/1996,1/22/2023,,POINT (-74.9511111 39.7336111)
1410820,39.66916667,-74.9133333,6/21/1972,1/22/2023,,POINT (-74.9133333 39.66916667)
1411000,39.5947222,-74.8516667,9/8/1925,1/22/2023,145.1837,POINT (-74.8516667 39.5947222)
1411300,39.30694444,-74.8205556,12/16/1969,1/22/2023,79.3179,POINT (-74.8205556 39.30694444)
1411500,39.49555556,-75.0769444,10/1/1932,1/22/2023,270.1735,POINT (-75.0769444 39.49555556)
1412000,39.41916667,-74.9658333,6/1/1931,1/22/2023,,POINT (-74.9658333 39.41916667)
1412800,39.4725,-75.2555556,10/1/1977,1/22/2023,81.95859,POINT (-75.2555556 39.4725)
1413398,42.1508333,-74.60138889,10/1/1997,1/22/2023,121.0032,POINT (-74.60138889 42.1508333)
1413408,42.14666667,-74.6233333,12/5/1996,1/22/2023,212.7726,POINT (-74.6233333 42.14666667)
1413500,42.1447222,-74.6536111,2/1/1937,1/22/2023,424.1025,POINT (-74.6536111 42.1447222)
1414000,42.13305556,-74.6955556,10/1/1941,1/22/2023,90.4221,POINT (-74.6955556 42.13305556)
1414500,42.1061111,-74.7305556,2/1/1937,1/22/2023,64.4517,POINT (-74.7305556 42.1061111)
1415000,42.12,-74.8186111,2/1/1937,1/22/2023,85.6287,POINT (-74.8186111 42.12)
1417000,42.07502778,-74.97627778,7/1/1941,1/22/2023,960.9337,POINT (-74.97627778 42.07502778)
1417500,42.0245833,-75.11927778,10/1/1934,1/22/2023,1183.973,POINT (-75.11927778 42.0245833)
1419500,41.9033333,-74.81277778,8/29/1937,1/22/2023,162.2061,POINT (-74.81277778 41.9033333)
1420500,41.94641667,-74.9796667,7/25/1913,1/22/2023,627.0471,POINT (-74.9796667 41.94641667)
1421000,41.97355556,-75.1751944,11/19/1912,1/22/2023,2029.478,POINT (-75.1751944 41.97355556)
1421618,42.3611111,-74.6622222,10/1/1997,1/22/2023,37.3266,POINT (-74.6622222 42.3611111)
1421900,42.28027778,-74.9072222,4/1/1937,1/22/2023,347.6808,POINT (-74.9072222 42.28027778)
1422500,42.25238889,-74.9010556,10/1/1937,1/22/2023,128.9304,POINT (-74.9010556 42.25238889)
1422747,42.17266667,-75.1219167,10/1/1998,1/22/2023,63.9018,POINT (-75.1219167 42.17266667)
1423000,42.1661111,-75.14002778,10/1/1950,1/22/2023,859.6809,POINT (-75.14002778 42.1661111)
142400103,42.1735833,-75.2794444,10/1/1952,1/22/2023,52.8453,POINT (-75.2794444 42.1735833)
1425000,42.07491667,-75.3958056,7/1/1952,1/22/2023,1180.565,POINT (-75.3958056 42.07491667)
1426500,42.00302778,-75.38352778,11/15/1912,1/22/2023,1539.334,POINT (-75.38352778 42.00302778)
1427500,41.76055556,-75.04838889,10/1/1940,1/22/2023,286.6103,POINT (-75.04838889 41.76055556)
1427510,41.75675,-75.0574167,6/27/1975,1/22/2023,4724.998,POINT (-75.0574167 41.75675)
1428000,41.56388889,-75.0144444,10/1/1946,1/22/2023,118.6839,POINT (-75.0144444 41.56388889)
1428500,41.50875,-74.9860556,10/1/1940,1/22/2023,5242.786,POINT (-74.9860556 41.50875)
1428750,41.67452998,-75.37601299,10/1/1986,1/22/2023,107.9028,POINT (-75.37601299 41.67452998)
1429000,41.58730898,-75.3268449,10/1/1944,1/22/2023,151.3764,POINT (-75.3268449 41.58730898)
1429500,41.6073104,-75.26712048,10/1/1943,1/22/2023,167.2245,POINT (-75.26712048 41.6073104)
1430000,41.56203315,-75.2479534,10/1/1948,1/22/2023,425.0241,POINT (-75.2479534 41.56203315)
1431500,41.4762002,-75.1721186,10/1/1908,1/22/2023,748.6569,POINT (-75.1721186 41.4762002)
1433500,41.4612222,-74.75877778,8/15/1939,1/22/2023,523.6794,POINT (-74.75877778 41.4612222)
1434000,41.3706493,-74.6973853,10/1/1904,1/22/2023,7967.644,POINT (-74.6973853 41.3706493)
143400680,41.96694444,-74.4480556,10/1/1990,1/22/2023,23.4315,POINT (-74.4480556 41.96694444)
1434017,41.92527778,-74.54027778,7/1/1991,1/22/2023,59.5485,POINT (-74.54027778 41.92527778)
1434021,42.0111111,-74.4144444,1/1/1991,1/22/2023,2.1798,POINT (-74.4144444 42.0111111)
1434025,41.9960833,-74.5002222,6/8/1983,1/22/2023,9.7002,POINT (-74.5002222 41.9960833)
1434498,41.92041667,-74.57438889,7/1/1991,1/22/2023,87.8508,POINT (-74.57438889 41.92041667)
1435000,41.88994444,-74.5898056,11/1/1937,1/22/2023,172.458,POINT (-74.5898056 41.88994444)
1436000,41.82,-74.6355556,10/1/1941,1/22/2023,240.6915,POINT (-74.6355556 41.82)
1436690,41.63805556,-74.61688889,10/1/1992,1/22/2023,443.0349,POINT (-74.61688889 41.63805556)
1437500,41.4413611,-74.60188889,7/31/1937,1/22/2023,793.9593,POINT (-74.60188889 41.4413611)
1438500,41.30916667,-74.79527778,10/1/1939,1/22/2023,9016.394,POINT (-74.79527778 41.30916667)
1439500,41.08815078,-75.03767469,10/1/1908,1/22/2023,305.8776,POINT (-75.03767469 41.08815078)
1440000,41.1061111,-74.9525,10/1/1923,1/22/2023,167.7204,POINT (-74.9525 41.1061111)
1440400,41.0848148,-75.2146251,10/1/1957,1/22/2023,175.2084,POINT (-75.2146251 41.0848148)
1442500,40.998706,-75.1426788,10/1/1950,1/22/2023,677.5605,POINT (-75.1426788 40.998706)
1443280,41.07638889,-74.69527778,8/6/1992,1/22/2023,33.9003,POINT (-74.69527778 41.07638889)
1443500,40.9808333,-74.9533333,10/1/1921,1/22/2023,326.4282,POINT (-74.9533333 40.9808333)
1443900,40.98055556,-75.0391667,10/1/1966,1/22/2023,13.5909,POINT (-75.0391667 40.98055556)
1445000,40.9808333,-74.77638889,10/1/1939,1/22/2023,74.88631,POINT (-74.77638889 40.9808333)
1445500,40.83055556,-74.97777778,10/1/1921,1/22/2023,269.5341,POINT (-74.97777778 40.83055556)
1446000,40.8433333,-75.04638889,10/1/1922,1/22/2023,95.5116,POINT (-75.04638889 40.8433333)
1446500,40.82638889,-75.0825,10/1/1922,1/22/2023,11769.17,POINT (-75.0825 40.82638889)
1447500,41.1303626,-75.625467,10/1/1943,1/22/2023,240.1902,POINT (-75.625467 41.1303626)
1447680,41.06527778,-75.52138889,4/1/1965,1/22/2023,51.7338,POINT (-75.52138889 41.06527778)
1447720,41.0848082,-75.6054666,10/1/1961,1/22/2023,308.1267,POINT (-75.6054666 41.0848082)
1447800,41.1048062,-75.7321362,10/1/1957,1/22/2023,752.6691,POINT (-75.7321362 41.1048062)
1449000,40.8292587,-75.70518938,10/1/1982,1/22/2023,1521.781,POINT (-75.70518938 40.8292587)
1449360,40.8975919,-75.5024077,10/1/1966,1/22/2023,129.4857,POINT (-75.5024077 40.8975919)
1449800,40.84564756,-75.6457437,8/1/1967,1/22/2023,249.4863,POINT (-75.6457437 40.84564756)
1450500,40.8062047,-75.5979643,10/1/1939,1/22/2023,198.1143,POINT (-75.5979643 40.8062047)
1451000,40.7570395,-75.60296388,10/1/1946,1/22/2023,2297.016,POINT (-75.60296388 40.7570395)
1451500,40.5823197,-75.48296088,10/1/1945,1/22/2023,212.0562,POINT (-75.48296088 40.5823197)
1451650,40.59648637,-75.4740717,10/1/1986,1/22/2023,253.8567,POINT (-75.4740717 40.59648637)
1451800,40.66176219,-75.626854,2/1/1966,1/22/2023,135.8448,POINT (-75.626854 40.66176219)
1452000,40.62315267,-75.4824053,10/1/1944,1/22/2023,196.5627,POINT (-75.4824053 40.62315267)
1452500,40.6412091,-75.37934709,10/1/1948,1/22/2023,112.041,POINT (-75.37934709 40.6412091)
1453000,40.6153761,-75.3787914,10/1/1902,1/22/2023,3306.332,POINT (-75.3787914 40.6153761)
1454700,40.6692656,-75.23628808,10/1/1966,1/22/2023,3518.95,POINT (-75.23628808 40.6692656)
1455500,40.9172222,-74.6655556,7/1/1928,1/22/2023,65.0574,POINT (-74.6655556 40.9172222)
1457000,40.6722222,-75.0608333,10/1/1903,1/22/2023,366.7752,POINT (-75.0608333 40.6722222)
1459500,40.4337151,-75.1165609,10/1/1935,1/22/2023,254.2302,POINT (-75.1165609 40.4337151)
1463500,40.22166667,-74.7780556,10/1/1912,1/22/2023,17579.75,POINT (-74.7780556 40.22166667)
1463620,40.2697222,-74.6719444,9/22/1972,1/22/2023,88.2378,POINT (-74.6719444 40.2697222)
1464000,40.22416667,-74.7491667,10/1/1923,1/22/2023,233.0451,POINT (-74.7491667 40.22416667)
1464500,40.1372222,-74.6,8/10/1940,1/22/2023,200.8458,POINT (-74.6 40.1372222)
1464645,40.31232805,-75.2065626,11/16/1985,1/22/2023,42.417,POINT (-75.2065626 40.31232805)
1464720,40.28816188,-75.20378458,12/19/1990,1/22/2023,82.3167,POINT (-75.20378458 40.28816188)
1464750,40.26038549,-75.0348915,12/5/1986,1/22/2023,235.836,POINT (-75.0348915 40.26038549)
1464907,40.22927456,-75.119616,11/25/1998,1/22/2023,72.29809,POINT (-75.119616 40.22927456)
1464984,40.2406635,-75.0537809,11/9/1985,1/22/2023,,POINT (-75.0537809 40.2406635)
1465500,40.1739982,-74.9568342,10/1/1934,1/22/2023,541.3914,POINT (-74.9568342 40.1739982)
1465798,40.05705567,-74.9851694,7/1/1965,1/22/2023,54.4905,POINT (-74.9851694 40.05705567)
1465850,39.94,-74.7630556,7/1/1961,1/22/2023,170.7651,POINT (-74.7630556 39.94)
1466500,39.885,-74.50527778,10/1/1953,1/22/2023,5.376711,POINT (-74.50527778 39.885)
1466900,39.9561111,-74.62777778,5/11/1998,1/22/2023,193.0257,POINT (-74.62777778 39.9561111)
1467000,39.97,-74.6844444,10/1/1921,1/22/2023,323.5545,POINT (-74.6844444 39.97)
1467042,40.08983289,-75.0690611,8/13/1964,1/22/2023,98.2359,POINT (-75.0690611 40.08983289)
1467048,40.05011137,-75.0326713,6/1/1965,1/22/2023,129.4524,POINT (-75.0326713 40.05011137)
1467081,39.94166667,-75.0011111,10/1/1967,1/22/2023,23.1327,POINT (-75.0011111 39.94166667)
1467086,40.04261157,-75.1121191,10/1/1965,1/22/2023,41.8185,POINT (-75.1121191 40.04261157)
1467087,40.0159454,-75.0968411,7/1/1982,1/22/2023,76.9707,POINT (-75.0968411 40.0159454)
1467150,39.90305556,-75.02138889,10/1/1963,1/22/2023,46.98304,POINT (-75.02138889 39.90305556)
1468500,40.6292577,-76.1246622,10/1/1947,1/22/2023,344.2095,POINT (-76.1246622 40.6292577)
1469500,40.80703327,-75.97187089,10/1/1919,1/22/2023,114.3441,POINT (-75.97187089 40.80703327)
1470500,40.5225932,-75.99826819,8/1/1947,1/22/2023,924.7293,POINT (-75.99826819 40.5225932)
1470779,40.4134258,-76.1716128,11/22/1974,1/22/2023,179.1595,POINT (-76.1716128 40.4134258)
1470960,40.3706482,-76.0252159,5/1/1965,1/22/2023,461.3823,POINT (-76.0252159 40.3706482)
1471000,40.36898166,-75.9791015,10/1/1950,1/22/2023,557.1,POINT (-75.9791015 40.36898166)
1471510,40.33163889,-75.9386667,10/1/1914,1/22/2023,2303.509,POINT (-75.9386667 40.33163889)
1471875,40.339538,-75.7421359,10/1/1993,1/22/2023,148.0842,POINT (-75.7421359 40.339538)
1472000,40.2417631,-75.6515752,10/1/1927,1/22/2023,2971.815,POINT (-75.6515752 40.2417631)
1472157,40.15149064,-75.601305,10/1/1968,1/22/2023,152.29,POINT (-75.601305 40.15149064)
1472198,40.39398789,-75.51545918,8/24/1981,1/22/2023,97.51591,POINT (-75.51545918 40.39398789)
1472199,40.3739879,-75.5224034,10/1/1981,1/22/2023,60.7572,POINT (-75.5224034 40.3739879)
1472620,40.40399276,-75.2343416,10/1/1983,1/22/2023,10.5021,POINT (-75.2343416 40.40399276)
1472810,40.2587137,-75.4287873,1/18/1991,1/22/2023,152.4006,POINT (-75.4287873 40.2587137)
1473000,40.22954725,-75.451567,10/1/1914,1/22/2023,721.4031,POINT (-75.451567 40.22954725)
1473169,40.07927367,-75.46074808,10/1/1982,1/22/2023,54.0081,POINT (-75.46074808 40.07927367)
1473500,40.11555556,-75.3561111,10/1/1927,1/22/2023,4560.574,POINT (-75.3561111 40.11555556)
1473900,40.1239987,-75.2198992,9/1/1961,1/22/2023,104.6322,POINT (-75.2198992 40.1239987)
1474000,40.01539,-75.2068459,10/1/1965,1/22/2023,164.988,POINT (-75.2068459 40.01539)
1474500,39.9678905,-75.1885123,10/1/1931,1/22/2023,4895.962,POINT (-75.1885123 39.9678905)
1475001,39.73888889,-75.1144444,4/5/1940,1/22/2023,,POINT (-75.1144444 39.73888889)
1475530,39.97483455,-75.2799067,10/1/1964,1/22/2023,14.7015,POINT (-75.2799067 39.97483455)
1475850,39.97649897,-75.4365864,10/1/1981,1/22/2023,40.9815,POINT (-75.4365864 39.97649897)
1476480,39.9162225,-75.4032496,10/1/1986,1/22/2023,78.3738,POINT (-75.4032496 39.9162225)
1477000,39.8690009,-75.4082494,10/1/1931,1/22/2023,156.9942,POINT (-75.4082494 39.8690009)
1477120,39.74055556,-75.2591667,4/1/1966,1/22/2023,67.43215,POINT (-75.2591667 39.74055556)
1477800,39.7609722,-75.5186944,12/1/1945,1/22/2023,18.9459,POINT (-75.5186944 39.7609722)
1478000,39.63738889,-75.72788889,4/1/1943,1/22/2023,54.01347,POINT (-75.72788889 39.63738889)
1478137,39.8217764,-75.7791061,7/10/1997,1/22/2023,,POINT (-75.7791061 39.8217764)
1478245,39.7475,-75.7708333,8/1/1996,1/21/2023,153.3672,POINT (-75.7708333 39.7475)
1478650,39.6892222,-75.74875,3/1/1994,1/22/2023,177.5007,POINT (-75.74875 39.6892222)
1479000,39.6992222,-75.67502778,10/1/1931,1/22/2023,230.7807,POINT (-75.67502778 39.6992222)
1479820,39.81677739,-75.6916008,1/1/1988,1/22/2023,71.53111,POINT (-75.6916008 39.81677739)
1480000,39.76280556,-75.6365,4/1/1943,1/22/2023,122.6124,POINT (-75.6365 39.76280556)
1480015,39.71575,-75.6399444,10/1/1988,1/22/2023,135.8757,POINT (-75.6399444 39.71575)
1480300,40.07287916,-75.8607744,6/1/1960,1/22/2023,47.6586,POINT (-75.8607744 40.07287916)
1480400,40.0273261,-75.8449449,2/1/1995,1/22/2023,12.0384,POINT (-75.8449449 40.0273261)
1480500,39.98566144,-75.8274467,10/1/1943,1/22/2023,119.376,POINT (-75.8274467 39.98566144)
1480617,39.9617734,-75.8013341,1/1/1970,1/22/2023,143.4861,POINT (-75.8013341 39.9617734)
1480675,40.09787927,-75.74159878,8/1/1966,1/22/2023,22.1463,POINT (-75.74159878 40.09787927)
1480685,40.05538195,-75.71632459,6/1/1973,1/22/2023,52.0632,POINT (-75.71632459 40.05538195)
1480700,40.03482757,-75.7085488,10/1/1965,1/22/2023,155.2095,POINT (-75.7085488 40.03482757)
1480870,39.9687191,-75.6732715,2/1/1972,1/22/2023,232.1622,POINT (-75.6732715 39.9687191)
1481000,39.8698328,-75.5932623,10/1/1911,1/22/2023,755.1738,POINT (-75.5932623 39.8698328)
1481500,39.7695,-75.5766944,10/1/1946,1/22/2023,823.9563,POINT (-75.5766944 39.7695)
1482500,39.64388889,-75.33027778,4/1/1940,1/22/2023,37.4904,POINT (-75.33027778 39.64388889)
1483200,39.36627778,-75.66938889,10/1/1956,1/22/2023,10.7901,POINT (-75.66938889 39.36627778)
1483500,39.2328611,-75.6323056,7/1/1931,1/1/2020,,POINT (-75.6323056 39.2328611)
1483700,39.1637222,-75.5190833,1/1/1958,1/22/2023,80.9622,POINT (-75.5190833 39.1637222)
1484000,38.97602778,-75.5669167,7/1/1931,1/1/2020,32.4657,POINT (-75.5669167 38.97602778)
1484100,38.90577778,-75.51275,5/1/1958,1/22/2023,9.004751,POINT (-75.51275 38.90577778)
1484525,38.59455556,-75.29102778,5/1/1986,1/22/2023,159.9129,POINT (-75.29102778 38.59455556)
1484695,38.52144444,-75.13338889,8/21/1998,1/22/2023,,POINT (-75.13338889 38.52144444)
148471320,38.4093333,-75.21238889,12/1/1999,1/22/2023,13.5126,POINT (-75.21238889 38.4093333)
1485000,38.38888889,-75.3244444,12/1/1949,1/22/2023,137.9454,POINT (-75.3244444 38.38888889)
1485500,38.22891667,-75.4714444,12/1/1949,1/22/2023,141.5394,POINT (-75.4714444 38.22891667)
1486000,38.21388889,-75.67138889,5/1/1951,1/22/2023,11.1807,POINT (-75.67138889 38.21388889)
1487000,38.7283333,-75.5618611,4/1/1943,1/22/2023,187.4102,POINT (-75.5618611 38.7283333)
1488500,38.84969444,-75.6731111,4/1/1943,1/22/2023,125.2808,POINT (-75.6731111 38.84969444)
1490000,38.51166667,-75.8799167,5/1/1951,1/22/2023,40.5531,POINT (-75.8799167 38.51166667)
1491000,38.99719444,-75.7858056,1/1/1948,1/22/2023,292.0401,POINT (-75.7858056 38.99719444)
1491500,38.96680556,-75.9430556,4/1/1951,1/22/2023,223.0254,POINT (-75.9430556 38.96680556)
1492500,38.96488889,-76.1088333,6/26/1951,1/22/2023,18.9927,POINT (-76.1088333 38.96488889)
1493000,39.24994444,-75.8615,1/1/1948,1/22/2023,50.922,POINT (-75.8615 39.24994444)
1493112,39.25705556,-75.94013889,7/23/1996,1/22/2023,,POINT (-75.94013889 39.25705556)
1493500,39.28002778,-76.0145556,5/31/1951,1/22/2023,33.02334,POINT (-76.0145556 39.28002778)
1495000,39.6675833,-75.8255833,4/1/1932,1/22/2023,138.1707,POINT (-75.8255833 39.6675833)
1500000,42.33313889,-75.2343056,8/8/1940,1/22/2023,267.1911,POINT (-75.2343056 42.33313889)
1500500,42.3215,-75.31638889,6/8/1938,1/22/2023,2553.296,POINT (-75.31638889 42.3215)
1502500,42.37777778,-75.4061111,11/22/1929,1/22/2023,1346.199,POINT (-75.4061111 42.37777778)
1503000,42.03530556,-75.8030556,1/1/1913,1/22/2023,5790.808,POINT (-75.8030556 42.03530556)
1505000,42.6786111,-75.5105556,5/31/1938,1/22/2023,661.4244,POINT (-75.5105556 42.6786111)
1507000,42.32444444,-75.77138889,2/20/1937,1/22/2023,1527.529,POINT (-75.77138889 42.32444444)
1509000,42.60266667,-76.15938889,5/20/1938,1/22/2023,759.843,POINT (-76.15938889 42.60266667)
1510000,42.5411111,-75.8997222,6/24/1938,1/22/2023,382.986,POINT (-75.8997222 42.5411111)
1512500,42.21805556,-75.84813889,11/11/1912,1/22/2023,3833.719,POINT (-75.84813889 42.21805556)
1513500,42.0908333,-76.0561111,9/30/1938,1/22/2023,,POINT (-76.0561111 42.0908333)
1514000,42.12916667,-76.2705556,10/1/1930,1/22/2023,480.7152,POINT (-76.2705556 42.12916667)
1515000,41.98494444,-76.50125,3/1/1937,1/22/2023,12369.81,POINT (-76.50125 41.98494444)
1516350,41.7970183,-77.0802457,7/1/1976,1/22/2023,395.1621,POINT (-77.0802457 41.7970183)
1516500,41.79090746,-77.0146877,5/1/1954,1/22/2023,31.4838,POINT (-77.0146877 41.79090746)
1518000,41.90840709,-77.1294154,10/1/1938,1/22/2023,724.5027,POINT (-77.1294154 41.90840709)
1518700,41.95257385,-77.1152486,7/1/1976,1/22/2023,1142.424,POINT (-77.1152486 41.95257385)
1518862,41.92312576,-77.5319298,8/1/1983,1/22/2023,233.9109,POINT (-77.5319298 41.92312576)
1520000,41.99674048,-77.1399724,10/1/1951,1/22/2023,776.2662,POINT (-77.1399724 41.99674048)
1520500,42.0286111,-77.1322222,1/11/1930,1/22/2023,1987.247,POINT (-77.1322222 42.0286111)
1521500,42.3958333,-77.71138889,1/30/1937,1/22/2023,79.7373,POINT (-77.71138889 42.3958333)
1523500,42.3348611,-77.6826667,10/1/1940,1/22/2023,151.6824,POINT (-77.6826667 42.3348611)
1524500,42.3134722,-77.6510833,8/7/1942,1/22/2023,407.664,POINT (-77.6510833 42.3134722)
1525500,42.2222222,-77.41838889,1/12/1930,1/22/2023,888.2514,POINT (-77.41838889 42.2222222)
1526500,42.1211111,-77.1291667,7/12/1918,1/22/2023,3557.479,POINT (-77.1291667 42.1211111)
1527500,42.41105556,-77.4263611,6/1/1938,1/22/2023,412.4034,POINT (-77.4263611 42.41105556)
1529500,42.2525,-77.2166667,7/11/1918,1/22/2023,1222.193,POINT (-77.2166667 42.2525)
1529950,42.14641667,-77.0575,10/1/1974,1/22/2023,5200.679,POINT (-77.0575 42.14641667)
1531000,42.0022222,-76.6347222,9/7/1903,1/22/2023,6508.148,POINT (-76.6347222 42.0022222)
1531250,41.84035215,-76.8269019,10/1/1962,1/22/2023,,POINT (-76.8269019 41.84035215)
1531500,41.76535278,-76.4407743,10/1/1913,1/22/2023,20157.19,POINT (-76.4407743 41.76535278)
1532000,41.70757505,-76.4849432,2/1/1914,1/22/2023,553.941,POINT (-76.4849432 41.70757505)
1533400,41.60729826,-76.0502031,10/1/1976,1/22/2023,22604.17,POINT (-76.0502031 41.60729826)
1534000,41.55841008,-75.89464168,2/1/1914,1/22/2023,1016.898,POINT (-75.89464168 41.55841008)
1534300,41.67980547,-75.47184988,10/1/1958,1/22/2023,98.5212,POINT (-75.47184988 41.67980547)
1534500,41.5045259,-75.54213,2/1/1940,1/22/2023,281.8395,POINT (-75.54213 41.5045259)
1536000,41.35924619,-75.744359,10/1/1938,1/22/2023,863.1477,POINT (-75.744359 41.35924619)
1536500,41.2509149,-75.8807518,1899-04-01,1/22/2023,25795.46,POINT (-75.8807518 41.2509149)
1538000,41.0595282,-76.09381749,10/1/1919,1/22/2023,103.0518,POINT (-76.09381749 41.0595282)
1538510,41.00536125,-75.9938142,12/8/1973,1/22/2023,,POINT (-75.9938142 41.00536125)
1539000,41.07814118,-76.4313333,6/4/1938,1/22/2023,701.7795,POINT (-76.4313333 41.07814118)
1540500,40.95814218,-76.6191222,4/1/1905,1/22/2023,29041.52,POINT (-76.6191222 40.95814218)
1545500,41.32367797,-77.7499869,10/1/1907,1/22/2023,7709.963,POINT (-77.7499869 41.32367797)
1545600,41.38951168,-77.6908191,12/1/1964,1/22/2023,119.9975,POINT (-77.6908191 41.38951168)
1546500,40.88978334,-77.794168,10/1/1940,1/22/2023,223.6851,POINT (-77.794168 40.88978334)
1547100,40.9317273,-77.7855575,5/1/1967,1/22/2023,377.3214,POINT (-77.7855575 40.9317273)
1547200,40.943116,-77.78639109,10/1/1955,1/22/2023,694.2744,POINT (-77.78639109 40.943116)
1547500,41.05173127,-77.6044379,5/1/1954,1/22/2023,878.1579,POINT (-77.6044379 41.05173127)
1547700,41.05950916,-77.6058264,10/1/1955,1/22/2023,113.5386,POINT (-77.6058264 41.05950916)
1547950,41.1117307,-77.7022159,10/1/1968,1/22/2023,395.0667,POINT (-77.7022159 41.1117307)
1548500,41.52173586,-77.4474798,10/1/1918,1/22/2023,1557.047,POINT (-77.4474798 41.52173586)
1549500,41.47368336,-77.230809,10/1/1940,1/22/2023,97.4853,POINT (-77.230809 41.47368336)
1549700,41.273683,-77.32414028,10/1/1957,1/22/2023,2452.373,POINT (-77.32414028 41.273683)
1550000,41.41813179,-77.0330238,12/1/1913,1/22/2023,452.6757,POINT (-77.0330238 41.41813179)
1551500,41.23618985,-76.996634,1895-03-01,1/22/2023,14703.78,POINT (-76.996634 41.23618985)
1552000,41.32507836,-76.91246379,10/1/1925,1/22/2023,1129.486,POINT (-76.91246379 41.32507836)
1552500,41.35702418,-76.5346708,10/1/1940,1/22/2023,60.6384,POINT (-76.5346708 41.35702418)
1553500,40.96758498,-76.8763543,10/1/1939,1/22/2023,17703.4,POINT (-76.8763543 40.96758498)
1553700,41.0617522,-76.68023479,5/1/1979,1/22/2023,133.6806,POINT (-76.68023479 41.0617522)
1554000,40.8345293,-76.8266349,10/1/1937,1/22/2023,47364.19,POINT (-76.8266349 40.8345293)
1555000,40.86674917,-77.0483088,10/1/1929,1/22/2023,792.6156,POINT (-77.0483088 40.86674917)
1555500,40.61119589,-76.9119198,10/1/1929,1/22/2023,421.7076,POINT (-76.9119198 40.61119589)
1565000,40.65479256,-77.5830499,10/1/1939,1/22/2023,421.7841,POINT (-77.5830499 40.65479256)
1566000,40.5153564,-77.41915568,9/1/1911,1/22/2023,543.699,POINT (-77.41915568 40.5153564)
1567000,40.47841677,-77.1291484,1899-04-01,1/22/2023,8657.286,POINT (-77.1291484 40.47841677)
1567500,40.37091615,-77.402209,2/1/1954,1/21/2023,38.7729,POINT (-77.402209 40.37091615)
1568000,40.32341928,-77.1688703,10/1/1929,1/22/2023,534.3948,POINT (-77.1688703 40.32341928)
1570000,40.2522222,-77.0211111,10/1/1911,1/22/2023,1206.586,POINT (-77.0211111 40.2522222)
1570500,40.25481164,-76.8860846,1890-10-01,1/22/2023,,POINT (-76.8860846 40.25481164)
1571500,40.22481237,-76.8980293,1/1/1910,1/22/2023,557.7318,POINT (-76.8980293 40.22481237)
1572025,40.53258999,-76.4021793,10/1/1988,1/22/2023,301.833,POINT (-76.4021793 40.53258999)
1572190,40.4792558,-76.530797,10/1/1988,1/22/2023,433.8342,POINT (-76.530797 40.4792558)
1573000,40.4025897,-76.57718829,1/1/1919,1/22/2023,871.6752,POINT (-76.57718829 40.4025897)
1573160,40.3426111,-76.56188889,10/24/1975,1/22/2023,,POINT (-76.56188889 40.3426111)
1573560,40.29842358,-76.6677469,10/1/1975,1/22/2023,1250.56,POINT (-76.6677469 40.29842358)
1574000,40.0809008,-76.7180813,10/1/1928,1/22/2023,1326.206,POINT (-76.7180813 40.0809008)
1574500,39.8787104,-76.8533073,5/1/1929,1/22/2023,195.84,POINT (-76.8533073 39.8787104)
1574500,39.8787104,-76.8533073,11/1/1965,9/30/2021,195.84,POINT (-76.8533073 39.8787104)
1574500,39.8787104,-76.8533073,5/1/1929,1/22/2023,195.84,POINT (-76.8533073 39.8787104)
1574500,39.8787104,-76.8533073,11/1/1965,9/30/2021,195.84,POINT (-76.8533073 39.8787104)
1575500,39.94620975,-76.7552459,8/1/1940,1/22/2023,573.6834,POINT (-76.7552459 39.94620975)
1575585,40.0187082,-76.6930218,10/1/1984,11/15/2021,,POINT (-76.6930218 40.0187082)
1576000,40.0545413,-76.5307992,10/1/1931,1/22/2023,,POINT (-76.5307992 40.0545413)
1576500,40.05009748,-76.2771798,10/1/1928,1/22/2023,837.2034,POINT (-76.2771798 40.05009748)
1576754,39.9464886,-76.3677388,10/1/1984,1/22/2023,1214.191,POINT (-76.3677388 39.9464886)
1576787,39.90593409,-76.32829298,2/24/1977,1/22/2023,389.0367,POINT (-76.32829298 39.90593409)
1577500,39.77260378,-76.3157919,10/1/1928,1/22/2023,,POINT (-76.3157919 39.77260378)
1578310,39.65788889,-76.1744444,10/1/1967,1/22/2023,,POINT (-76.1744444 39.65788889)
1580000,39.6299722,-76.4033056,10/1/1926,1/22/2023,244.3698,POINT (-76.4033056 39.6299722)
1580520,39.61744444,-76.1918611,1/1/2000,1/22/2023,425.3841,POINT (-76.1918611 39.61744444)
1581500,39.5414722,-76.3301111,6/1/1944,1/22/2023,21.6648,POINT (-76.3301111 39.5414722)
1581700,39.51994444,-76.3729722,8/1/1967,1/22/2023,90.0522,POINT (-76.3729722 39.51994444)
1581757,39.43927778,-76.30602778,1/1/2000,12/22/2020,138.9735,POINT (-76.30602778 39.43927778)
1581960,39.673,-76.6749722,10/1/1999,1/22/2023,25.4979,POINT (-76.6749722 39.673)
1582000,39.6040833,-76.6204722,7/1/1944,1/22/2023,139.1994,POINT (-76.6204722 39.6040833)
1582500,39.54969444,-76.6361111,10/1/1977,1/22/2023,413.7579,POINT (-76.6361111 39.54969444)
1583100,39.5206111,-76.76688889,5/10/1982,1/22/2023,32.0121,POINT (-76.76688889 39.5206111)
1583500,39.51077778,-76.6765,9/1/1944,1/22/2023,155.8494,POINT (-76.6765 39.51077778)
1583570,39.48030556,-76.6875,1/1/1983,1/22/2023,,POINT (-76.6875 39.48030556)
1583580,39.4794722,-76.67802778,8/1/1964,1/22/2023,3.8952,POINT (-76.67802778 39.4794722)
1583600,39.4855833,-76.6457222,10/1/1982,1/22/2023,53.6463,POINT (-76.6457222 39.4855833)
1584050,39.45469444,-76.47888889,10/1/1975,1/22/2023,24.0714,POINT (-76.47888889 39.45469444)
1584500,39.5053611,-76.43177778,11/1/1926,1/22/2023,93.50729,POINT (-76.43177778 39.5053611)
1585090,39.3795833,-76.4958056,1/1/1995,1/22/2023,6.8688,POINT (-76.4958056 39.3795833)
1585100,39.37077778,-76.4460556,2/1/1959,1/22/2023,19.7199,POINT (-76.4460556 39.37077778)
1585104,39.383,-76.4329722,10/1/1999,1/22/2023,6.0579,POINT (-76.4329722 39.383)
1585200,39.37363889,-76.5843333,7/1/1957,1/22/2023,6.0435,POINT (-76.5843333 39.37363889)
1585225,39.33669444,-76.5406111,7/25/1996,10/10/2022,,POINT (-76.5406111 39.33669444)
1585230,39.3300833,-76.53488889,7/23/1996,10/10/2022,9.144,POINT (-76.53488889 39.3300833)
1585500,39.59269444,-76.96825,10/1/1949,1/22/2023,8.415,POINT (-76.96825 39.59269444)
1586000,39.503,-76.88438889,9/22/1945,1/22/2023,144.5121,POINT (-76.88438889 39.503)
1586210,39.48944444,-76.9029444,10/1/1982,1/22/2023,36.5382,POINT (-76.9029444 39.48944444)
1586610,39.45188889,-76.9553056,10/1/1982,1/22/2023,72.7047,POINT (-76.9553056 39.45188889)
1589000,39.31030556,-76.7924167,5/22/1944,1/22/2023,738.8298,POINT (-76.7924167 39.31030556)
1589100,39.24027778,-76.6920556,8/1/1957,1/22/2023,6.426,POINT (-76.6920556 39.24027778)
1589197,39.44294444,-76.7834167,10/1/1998,1/22/2023,10.6209,POINT (-76.7834167 39.44294444)
1589300,39.34588889,-76.7331944,2/1/1957,1/22/2023,84.519,POINT (-76.7331944 39.34588889)
1589330,39.3112222,-76.71663889,10/1/1959,1/22/2023,14.2182,POINT (-76.71663889 39.3112222)
1589352,39.2715,-76.6485556,10/1/1998,1/22/2023,159.1209,POINT (-76.6485556 39.2715)
1589440,39.39575,-76.66288889,4/1/1966,1/22/2023,65.1033,POINT (-76.66288889 39.39575)
1589500,39.17,-76.6306111,6/1/1944,1/22/2023,12.5505,POINT (-76.6306111 39.17)
1589795,39.06825,-76.65152778,8/29/1989,1/22/2023,2.493,POINT (-76.65152778 39.06825)
1591000,39.23825,-77.0557222,7/20/1944,1/22/2023,88.9722,POINT (-77.0557222 39.23825)
1591400,39.2559722,-77.0510556,6/6/1978,1/22/2023,59.094,POINT (-77.0510556 39.2559722)
1591610,39.19219444,-77.00438889,10/1/1980,1/22/2023,205.335,POINT (-77.00438889 39.19219444)
1591700,39.17452778,-77.0214167,6/7/1978,1/22/2023,70.27831,POINT (-77.0214167 39.17452778)
1592500,39.1157222,-76.87375,10/1/1944,1/22/2023,344.178,POINT (-76.87375 39.1157222)
1593500,39.16775,-76.85125,4/1/1932,1/22/2023,98.0064,POINT (-76.85125 39.16775)
1594000,39.13441667,-76.8161667,10/1/1939,1/22/2023,254.3679,POINT (-76.8161667 39.13441667)
1594440,38.95591667,-76.6936944,6/27/1977,1/22/2023,906.5709,POINT (-76.6936944 38.95591667)
1594526,38.8142222,-76.7487222,10/1/1985,1/22/2023,233.5851,POINT (-76.7487222 38.8142222)
1617800,39.51455556,-77.7772222,10/1/1963,1/22/2023,48.39819,POINT (-77.7772222 39.51455556)
1619000,39.71625,-77.60663889,5/1/1948,1/22/2023,243.963,POINT (-77.60663889 39.71625)
1619500,39.44977778,-77.7301944,1897-07-01,1/22/2023,728.4222,POINT (-77.7301944 39.44977778)
1636500,39.28204576,-77.7891606,1895-04-01,1/22/2023,7872.947,POINT (-77.7891606 39.28204576)
1637500,39.42725,-77.5561667,8/1/1947,1/22/2023,174.2859,POINT (-77.5561667 39.42725)
1638480,39.25510206,-77.5763778,10/31/1970,1/22/2023,231.9951,POINT (-77.5763778 39.25510206)
1638500,39.2735833,-77.5431111,1895-02-01,1/22/2023,25001.5,POINT (-77.5431111 39.2735833)
1639000,39.67905556,-77.23452778,5/1/1942,1/22/2023,448.6043,POINT (-77.23452778 39.67905556)
1639500,39.6123611,-77.2374444,10/1/1947,1/22/2023,267.1785,POINT (-77.2374444 39.6123611)
1643000,39.4028333,-77.3660833,10/1/1929,1/22/2023,2112.451,POINT (-77.3660833 39.4028333)
1643500,39.29413889,-77.4070833,7/29/1948,1/22/2023,163.8468,POINT (-77.4070833 39.29413889)
1643700,38.98649818,-77.7966614,10/1/1965,1/22/2023,315.1179,POINT (-77.7966614 38.98649818)
1644000,39.01955309,-77.5774918,7/12/1909,1/22/2023,859.1698,POINT (-77.5774918 39.01955309)
1645000,39.1280833,-77.33577778,9/26/1930,1/22/2023,262.4328,POINT (-77.33577778 39.1280833)
1646000,38.97594346,-77.24581439,4/1/1935,1/22/2023,149.8617,POINT (-77.24581439 38.97594346)
1646500,38.94977778,-77.12763889,3/1/1930,1/22/2023,29952.08,POINT (-77.12763889 38.94977778)
1646502,38.94977778,-77.12763889,3/1/1930,9/30/2022,29952.08,POINT (-77.12763889 38.94977778)
1648000,38.9725,-77.04,10/1/1929,1/22/2023,136.8279,POINT (-77.04 38.9725)
1649500,38.96025,-76.9259722,8/1/1938,1/22/2023,188.0622,POINT (-76.9259722 38.96025)
1650500,39.06552778,-77.0293611,10/1/1923,1/22/2023,54.7587,POINT (-77.0293611 39.06552778)
1651000,38.95255556,-76.96513889,7/1/1938,1/22/2023,127.8054,POINT (-76.96513889 38.95255556)
1651800,38.90127778,-76.94327778,6/19/1992,1/22/2023,8.559,POINT (-76.94327778 38.90127778)
1652500,38.8433333,-77.0858611,5/4/1951,1/22/2023,34.5501,POINT (-77.0858611 38.8433333)
1653000,38.8044466,-77.10558989,6/1/1955,1/22/2023,87.3063,POINT (-77.10558989 38.8044466)
1653600,38.70577778,-76.9661944,10/1/1965,1/22/2023,102.7305,POINT (-76.9661944 38.70577778)
1654000,38.81289066,-77.2283158,10/1/1947,1/22/2023,60.70827,POINT (-77.2283158 38.81289066)
1654500,38.81358508,-77.2364549,10/1/1947,1/22/2023,,POINT (-77.2364549 38.81358508)
1656000,38.63678689,-77.6249897,10/1/1950,1/22/2023,241.2711,POINT (-77.6249897 38.63678689)
1658000,38.59613889,-77.05602778,11/28/1949,1/22/2023,143.748,POINT (-77.05602778 38.59613889)
1658500,38.5873427,-77.4285958,5/1/1951,1/22/2023,19.34224,POINT (-77.4285958 38.5873427)
1660400,38.49040138,-77.4335942,9/1/1971,1/22/2023,90.6984,POINT (-77.4335942 38.49040138)
1660920,38.4905833,-76.9270833,6/14/1983,1/22/2023,208.5102,POINT (-76.9270833 38.4905833)
1661050,38.33330556,-76.725,10/1/1968,1/22/2023,47.85433,POINT (-76.725 38.33330556)
1661500,38.24175,-76.5036667,6/21/1946,1/22/2023,65.3904,POINT (-76.5036667 38.24175)
1668000,38.30846178,-77.52915268,9/19/1907,1/22/2023,4135.021,POINT (-77.52915268 38.30846178)
1669000,37.8770819,-76.900521,10/1/1951,1/22/2023,71.84071,POINT (-76.900521 37.8770819)
1669520,37.6337529,-76.6963468,8/14/1981,1/22/2023,277.3854,POINT (-76.6963468 37.6337529)
1670400,38.01291599,-77.7011007,10/1/1978,1/22/2023,886.6161,POINT (-77.7011007 38.01291599)
1671020,37.85014024,-77.42775949,10/1/1979,1/22/2023,1200.548,POINT (-77.42775949 37.85014024)
1671100,37.8726401,-77.5130392,10/1/1961,1/22/2023,277.6545,POINT (-77.5130392 37.8726401)
1672500,37.796809,-77.5488744,10/1/1930,1/22/2023,1023.096,POINT (-77.5488744 37.796809)
1673000,37.76764189,-77.3322018,10/1/1941,1/22/2023,2796.263,POINT (-77.3322018 37.76764189)
1673550,37.6626434,-77.2577548,10/1/1977,1/22/2023,65.34,POINT (-77.2577548 37.6626434)
1673800,38.1715215,-77.5947095,10/1/1962,1/22/2023,200.8323,POINT (-77.5947095 38.1715215)
1674000,38.061801,-77.3858142,10/1/1942,1/22/2023,665.6211,POINT (-77.3858142 38.061801)
1674500,37.88388889,-77.16527778,9/19/1941,1/22/2023,1554.768,POINT (-77.16527778 37.88388889)
2037500,37.5632022,-77.5469314,10/1/1934,1/22/2023,17504.71,POINT (-77.5469314 37.5632022)
4219000,43.07177778,-77.2969722,11/1/1919,1/22/2023,,POINT (-77.2969722 43.07177778)
422026250,43.2538611,-77.7420833,10/1/1989,1/22/2023,25.0614,POINT (-77.7420833 43.2538611)
4224775,42.53555556,-77.7041667,7/30/1974,1/22/2023,231.8445,POINT (-77.7041667 42.53555556)
4227995,42.85416667,-77.71527778,10/1/1919,1/22/2023,186.6177,POINT (-77.71527778 42.85416667)
4228500,42.9227222,-77.7574167,8/1/1955,1/23/2023,4343.949,POINT (-77.7574167 42.9227222)
4229500,42.9572222,-77.58888889,10/1/1945,1/22/2023,502.4898,POINT (-77.58888889 42.9572222)
4230500,43.01,-77.79138889,10/1/1945,1/22/2023,524.7018,POINT (-77.79138889 43.01)
4231600,43.1417222,-77.6163056,4/1/1904,1/22/2023,6383.732,POINT (-77.6163056 43.1417222)
4232034,43.0278333,-77.4787222,6/26/1991,1/22/2023,100.0665,POINT (-77.4787222 43.0278333)
4232050,43.12802778,-77.527,12/1/1959,1/22/2023,77.44231,POINT (-77.527 43.12802778)
423205010,43.145,-77.5119444,12/1/1980,1/22/2023,379.7046,POINT (-77.5119444 43.145)
4232100,43.32527778,-76.6472222,4/30/1957,9/10/2020,111.393,POINT (-76.6472222 43.32527778)
4232200,42.32827778,-76.8439167,8/1/1975,1/22/2023,,POINT (-76.8439167 42.32827778)
4232482,42.6803333,-76.95388889,4/1/1965,1/22/2023,532.5489,POINT (-76.95388889 42.6803333)
4233300,42.40305556,-76.435,3/9/1995,1/22/2023,98.487,POINT (-76.435 42.40305556)
4234000,42.4533333,-76.47277778,2/15/1925,1/22/2023,320.6385,POINT (-76.47277778 42.4533333)
4235000,42.9182222,-77.23277778,4/1/1940,1/22/2023,,POINT (-77.23277778 42.9182222)
4235250,42.95777778,-77.0680556,10/1/1959,1/22/2023,260.5797,POINT (-77.0680556 42.95777778)
4235299,42.7115833,-76.434,1/1/1960,1/22/2023,,POINT (-76.434 42.7115833)
4235440,42.93238889,-76.5635556,9/30/1998,1/22/2023,,POINT (-76.5635556 42.93238889)
4235600,43.0786111,-76.6455556,10/1/1996,1/22/2023,,POINT (-76.6455556 43.0786111)
4237496,43.1623333,-76.3626944,11/11/1949,1/22/2023,,POINT (-76.3626944 43.1623333)
4239000,42.9833333,-76.1508333,5/16/1951,1/22/2023,245.6235,POINT (-76.1508333 42.9833333)
4240010,43.05744444,-76.162,9/1/1970,1/22/2023,331.6887,POINT (-76.162 43.05744444)
4240100,43.0358333,-76.1816667,6/19/1959,1/7/2021,25.8525,POINT (-76.1816667 43.0358333)
4240105,43.0561111,-76.185,10/1/1970,1/10/2021,,POINT (-76.185 43.0561111)
4240120,43.0772222,-76.17027778,9/1/1970,10/4/2020,75.8016,POINT (-76.17027778 43.0772222)
4242500,43.3011111,-75.6214722,4/1/1923,1/22/2023,482.0616,POINT (-75.6214722 43.3011111)
4243500,43.09755556,-75.6394167,10/1/1949,1/21/2023,300.4533,POINT (-75.6394167 43.09755556)
4244000,43.02305556,-75.8586111,10/1/1950,1/22/2023,,POINT (-75.8586111 43.02305556)
4245840,43.25980556,-76.00277778,4/1/1966,1/22/2023,,POINT (-76.00277778 43.25980556)
4247000,43.2053611,-76.21777778,11/18/1996,1/22/2023,3728.815,POINT (-76.21777778 43.2053611)
4249000,43.45166667,-76.50527778,10/1/1900,1/22/2023,13209.39,POINT (-76.50527778 43.45166667)
4250200,43.53119444,-76.0376944,11/5/1992,1/22/2023,615.1113,POINT (-76.0376944 43.53119444)
4250750,43.81369444,-76.0744444,8/22/1957,1/22/2023,325.4256,POINT (-76.0744444 43.81369444)
4252500,43.5116111,-75.30677778,3/27/1911,1/22/2023,784.4697,POINT (-75.30677778 43.5116111)
4253294,43.74305556,-74.7147222,9/30/1998,1/16/2023,,POINT (-74.7147222 43.74305556)
4253295,43.745,-74.7144444,6/17/1998,1/16/2023,,POINT (-74.7144444 43.745)
4253296,43.7439541,-74.7218348,11/9/1988,1/22/2023,,POINT (-74.7218348 43.7439541)
4256000,43.74680556,-75.3334444,7/1/1942,1/22/2023,232.4457,POINT (-75.3334444 43.74680556)
4258000,43.89716667,-75.40427778,9/19/1930,1/22/2023,754.8174,POINT (-75.40427778 43.89716667)
4260500,43.9858333,-75.9246111,7/18/1920,1/22/2023,4842.863,POINT (-75.9246111 43.9858333)
