datetime,site_no,62615_Mean,62615_Mean_cd
2019-11-16,01423910,1127.1,"A, e"
2019-11-17,01423910,1127.03,"A, e"
2019-11-18,01423910,1126.96,"A, e"
2019-11-19,01423910,1126.92,"A, e"
2019-11-20,01423910,1126.93,"A, e"
2019-11-21,01423910,1127.03,"A, e"
2019-11-22,01423910,1127.14,"A, e"
2019-11-23,01423910,1127.29,"A, e"
2019-11-24,01423910,1127.46,A
2019-11-25,01423910,1127.72,A
2019-11-26,01423910,1128.02,A
2019-11-27,01423910,1128.31,"A, e"
2019-11-28,01423910,1128.64,"A, e"
2019-11-29,01423910,1128.95,"A, e"
2019-11-30,01423910,1129.33,"A, e"
2019-12-01,01423910,1129.71,"A, e"
2019-12-02,01423910,1130.08,"A, e"
2019-12-03,01423910,1130.48,"A, e"
2019-12-04,01423910,1130.83,"A, e"
2019-12-05,01423910,1131.0,A
2019-12-06,01423910,1131.12,A
2019-12-07,01423910,1131.21,A
2019-12-08,01423910,1131.24,A
2019-12-09,01423910,1131.3,A
2019-12-10,01423910,1132.08,A
2019-12-11,01423910,1134.17,A
2019-12-12,01423910,1135.64,A
2019-12-13,01423910,1136.64,A
2019-12-14,01423910,1137.55,A
2019-12-15,01423910,1138.67,"A, e"
2019-12-16,01423910,1139.61,"A, e"
2019-12-17,01423910,1140.36,"A, e"
2019-12-18,01423910,1140.93,"A, e"
2019-12-19,01423910,1141.26,"A, e"
2019-12-20,01423910,1141.44,A
2019-12-21,01423910,1141.56,A
2019-12-22,01423910,1141.67,A
2019-12-23,01423910,1141.79,A
2019-12-24,01423910,1141.82,A
2019-12-25,01423910,1141.74,A
2019-12-26,01423910,1141.62,A
2019-12-27,01423910,1141.49,A
2019-12-28,01423910,1141.45,A
2019-12-29,01423910,1141.42,A
2019-12-30,01423910,1141.54,A
2019-12-31,01423910,1141.98,A
2020-01-01,01423910,1142.36,A
2020-01-02,01423910,1142.67,A
2020-01-03,01423910,1142.91,A
2020-01-04,01423910,1143.03,A
2020-01-05,01423910,1143.15,"A, e"
2020-01-06,01423910,1143.2,"A, e"
2020-01-07,01423910,1143.21,A
2020-01-08,01423910,1143.15,A
2020-01-09,01423910,1143.03,A
2020-01-10,01423910,1142.87,A
2020-01-11,01423910,1142.77,A
2020-01-12,01423910,1142.79,A
2020-01-13,01423910,1142.87,A
2020-01-14,01423910,1142.87,A
2020-01-15,01423910,1142.84,A
2020-01-16,01423910,1142.81,A
2020-01-17,01423910,1142.76,A
2020-01-18,01423910,1142.55,A
2020-01-19,01423910,1142.33,A
2020-01-20,01423910,1142.1,A
2020-01-21,01423910,1141.81,A
2020-01-22,01423910,1141.51,A
2020-01-23,01423910,1141.26,A
2020-01-24,01423910,1141.04,A
2020-01-25,01423910,1140.98,A
2020-01-26,01423910,1141.19,A
2020-01-27,01423910,1141.35,A
2020-01-28,01423910,1141.41,A
2020-01-29,01423910,1141.37,A
2020-01-30,01423910,1141.17,A
2020-01-31,01423910,1140.92,A
2020-02-01,01423910,1140.68,A
2020-02-02,01423910,1140.43,A
2020-02-03,01423910,1140.18,A
2020-02-04,01423910,1139.9,A
2020-02-05,01423910,1139.63,A
2020-02-06,01423910,1139.41,A
2020-02-07,01423910,1139.54,A
2020-02-08,01423910,1140.41,A
2020-02-09,01423910,1140.79,A
2020-02-10,01423910,1140.95,A
2020-02-11,01423910,1141.06,A
2020-02-12,01423910,1141.12,A
2020-02-13,01423910,1141.14,A
2020-02-14,01423910,1141.08,A
2020-02-15,01423910,1140.84,A
2020-02-16,01423910,1140.69,A
2020-02-17,01423910,1140.62,A
2020-02-18,01423910,1140.56,A
2020-02-19,01423910,1140.6,A
2020-02-20,01423910,1140.65,A
2020-02-21,01423910,1140.66,"A, e"
2020-02-22,01423910,1140.67,"A, e"
2020-02-23,01423910,1140.69,"A, e"
2020-02-24,01423910,1140.72,"A, e"
2020-02-25,01423910,1140.75,A
2020-02-26,01423910,1140.84,A
2020-02-27,01423910,1141.26,A
2020-02-28,01423910,1141.93,A
2020-02-29,01423910,1142.39,A
2020-03-01,01423910,1142.73,A
2020-03-02,01423910,1143.03,A
2020-03-03,01423910,1143.39,A
2020-03-04,01423910,1143.92,A
2020-03-05,01423910,1144.33,A
2020-03-06,01423910,1144.62,A
2020-03-07,01423910,1144.81,A
2020-03-08,01423910,1144.91,A
2020-03-09,01423910,1144.96,A
2020-03-10,01423910,1145.06,A
2020-03-11,01423910,1145.34,A
2020-03-12,01423910,1145.56,A
2020-03-13,01423910,1145.77,A
2020-03-14,01423910,1145.98,A
2020-03-15,01423910,1146.06,A
2020-03-16,01423910,1146.08,A
2020-03-17,01423910,1146.07,A
2020-03-18,01423910,1146.04,A
2020-03-19,01423910,1146.1,A
2020-03-20,01423910,1146.39,A
2020-03-21,01423910,1146.68,A
2020-03-22,01423910,1146.89,A
2020-03-23,01423910,1147.08,A
2020-03-24,01423910,1147.29,A
2020-03-25,01423910,1147.48,A
2020-03-26,01423910,1147.66,A
2020-03-27,01423910,1147.81,A
2020-03-28,01423910,1147.94,A
2020-03-29,01423910,1148.19,A
2020-03-30,01423910,1148.51,A
2020-03-31,01423910,1148.86,A
2020-04-01,01423910,1149.13,A
2020-04-02,01423910,1149.29,A
2020-04-03,01423910,1149.38,A
2020-04-04,01423910,1149.43,A
2020-04-05,01423910,1149.37,A
2020-04-06,01423910,1149.22,A
2020-04-07,01423910,1149.05,A
2020-04-08,01423910,1148.89,A
2020-04-09,01423910,1148.68,A
2020-04-10,01423910,1148.54,A
2020-04-11,01423910,1148.39,A
2020-04-12,01423910,1148.19,A
2020-04-13,01423910,1148.09,A
2020-04-14,01423910,1148.51,A
2020-04-15,01423910,1148.77,A
2020-04-16,01423910,1148.91,A
2020-04-17,01423910,1148.97,A
2020-04-18,01423910,1149.0,A
2020-04-19,01423910,1148.98,A
2020-04-20,01423910,1148.93,A
2020-04-21,01423910,1148.81,A
2020-04-22,01423910,1148.69,A
2020-04-23,01423910,1148.52,A
2020-04-24,01423910,1148.34,A
2020-04-25,01423910,1148.12,A
2020-04-26,01423910,1147.92,A
2020-04-27,01423910,1148.13,A
2020-04-28,01423910,1148.49,A
2020-04-29,01423910,1148.8,A
2020-04-30,01423910,1149.01,A
2020-05-01,01423910,1149.77,A
2020-05-02,01423910,1150.59,A
2020-05-03,01423910,1150.79,A
2020-05-04,01423910,1150.7,A
2020-05-05,01423910,1150.53,A
2020-05-06,01423910,1150.49,A
2020-05-07,01423910,1150.61,A
2020-05-08,01423910,1150.53,A
2020-05-09,01423910,1150.31,A
2020-05-10,01423910,1150.11,A
2020-05-11,01423910,1149.9,A
2020-05-12,01423910,1149.66,A
2020-05-13,01423910,1149.49,A
2020-05-14,01423910,1149.31,A
2020-05-15,01423910,1149.17,A
2020-05-16,01423910,1149.28,A
2020-05-17,01423910,1149.25,A
2020-05-18,01423910,1149.09,A
2020-05-19,01423910,1149.01,A
2020-05-20,01423910,1148.98,A
2020-05-21,01423910,1149.02,A
2020-05-22,01423910,1149.12,A
2020-05-23,01423910,1149.29,A
2020-05-24,01423910,1149.49,A
2020-05-25,01423910,1149.47,A
2020-05-26,01423910,1149.4,A
2020-05-27,01423910,1149.27,A
2020-05-28,01423910,1149.07,A
2020-05-29,01423910,1148.94,A
2020-05-30,01423910,1148.87,A
2020-05-31,01423910,1148.72,A
2020-06-01,01423910,1148.56,A
2020-06-02,01423910,1148.41,A
2020-06-03,01423910,1148.28,A
2020-06-04,01423910,1148.15,A
2020-06-05,01423910,1147.97,A
2020-06-06,01423910,1147.76,A
2020-06-07,01423910,1147.53,A
2020-06-08,01423910,1147.32,A
2020-06-09,01423910,1147.2,A
2020-06-10,01423910,1147.08,A
2020-06-11,01423910,1147.08,A
2020-06-12,01423910,1147.03,A
2020-06-13,01423910,1146.75,A
2020-06-14,01423910,1146.42,A
2020-06-15,01423910,1146.11,A
2020-06-16,01423910,1145.87,A
2020-06-17,01423910,1145.73,A
2020-06-18,01423910,1145.58,A
2020-06-19,01423910,1145.45,A
2020-06-20,01423910,1145.31,A
2020-06-21,01423910,1145.15,A
2020-06-22,01423910,1144.96,A
2020-06-23,01423910,1144.58,A
2020-06-24,01423910,1144.33,A
2020-06-25,01423910,1144.15,A
2020-06-26,01423910,1143.84,A
2020-06-27,01423910,1143.56,A
2020-06-28,01423910,1143.31,A
2020-06-29,01423910,1143.03,A
2020-06-30,01423910,1142.88,A
2020-07-01,01423910,1142.62,A
2020-07-02,01423910,1142.27,A
2020-07-03,01423910,1141.93,A
2020-07-04,01423910,1141.6,A
2020-07-05,01423910,1141.24,A
2020-07-06,01423910,1140.87,A
2020-07-07,01423910,1140.5,A
2020-07-08,01423910,1140.17,A
2020-07-09,01423910,1139.95,A
2020-07-10,01423910,1139.68,A
2020-07-11,01423910,1139.6,A
2020-07-12,01423910,1139.48,A
2020-07-13,01423910,1139.33,A
2020-07-14,01423910,1139.15,A
2020-07-15,01423910,1138.8,A
2020-07-16,01423910,1138.43,A
2020-07-17,01423910,1138.06,A
2020-07-18,01423910,1137.69,A
2020-07-19,01423910,1137.45,A
2020-07-20,01423910,1137.25,A
2020-07-21,01423910,1136.92,A
2020-07-22,01423910,1136.61,A
2020-07-23,01423910,1136.31,A
2020-07-24,01423910,1135.98,A
2020-07-25,01423910,1135.6,A
2020-07-26,01423910,1135.2,A
2020-07-27,01423910,1134.8,A
2020-07-28,01423910,1134.45,A
2020-07-29,01423910,1134.08,A
2020-07-30,01423910,1133.82,A
2020-07-31,01423910,1133.61,A
2020-08-01,01423910,1133.25,A
2020-08-02,01423910,1132.91,A
2020-08-03,01423910,1132.56,A
2020-08-04,01423910,1132.42,A
2020-08-05,01423910,1133.13,A
2020-08-06,01423910,1133.36,A
2020-08-07,01423910,1133.83,A
2020-08-08,01423910,1134.48,A
2020-08-09,01423910,1134.66,A
2020-08-10,01423910,1134.59,A
2020-08-11,01423910,1134.49,A
2020-08-12,01423910,1134.9,A
2020-08-13,01423910,1135.07,A
2020-08-14,01423910,1135.04,A
2020-08-15,01423910,1134.92,A
2020-08-16,01423910,1134.74,A
2020-08-17,01423910,1134.54,A
2020-08-18,01423910,1134.35,A
2020-08-19,01423910,1134.1,A
2020-08-20,01423910,1133.82,A
2020-08-21,01423910,1133.52,A
2020-08-22,01423910,1133.18,A
2020-08-23,01423910,1132.82,A
2020-08-24,01423910,1132.46,A
2020-08-25,01423910,1132.09,A
2020-08-26,01423910,1131.73,A
2020-08-27,01423910,1131.42,A
2020-08-28,01423910,1131.24,A
2020-08-29,01423910,1131.01,A
2020-08-30,01423910,1130.76,A
2020-08-31,01423910,1130.51,A
2020-09-01,01423910,1130.19,A
2020-09-02,01423910,1129.92,A
2020-09-03,01423910,1129.68,A
2020-09-04,01423910,1129.4,A
2020-09-05,01423910,1129.08,A
2020-09-06,01423910,1128.75,A
2020-09-07,01423910,1128.41,A
2020-09-08,01423910,1128.05,A
2020-09-09,01423910,1127.68,A
2020-09-10,01423910,1127.32,A
2020-09-11,01423910,1126.96,A
2020-09-12,01423910,1126.59,A
2020-09-13,01423910,1126.21,A
2020-09-14,01423910,1125.81,A
2020-09-15,01423910,1125.4,A
2020-09-16,01423910,1124.99,A
2020-09-17,01423910,1124.61,A
2020-09-18,01423910,1124.21,A
2020-09-19,01423910,1123.76,A
2020-09-20,01423910,1123.32,A
2020-09-21,01423910,1122.91,A
2020-09-22,01423910,1122.48,A
2020-09-23,01423910,1122.06,A
2020-09-24,01423910,1121.66,A
2020-09-25,01423910,1121.21,A
2020-09-26,01423910,1120.69,A
2020-09-27,01423910,1120.16,A
2020-09-28,01423910,1119.72,A
2020-09-29,01423910,1119.31,A
2020-09-30,01423910,1119.11,A
2020-10-01,01423910,1119.15,A
2020-10-02,01423910,1119.04,A
2020-10-03,01423910,1118.86,A
2020-10-04,01423910,1118.65,A
2020-10-05,01423910,1118.45,A
2020-10-06,01423910,1118.27,A
2020-10-07,01423910,1118.08,A
2020-10-08,01423910,1117.77,A
2020-10-09,01423910,1117.23,A
2020-10-10,01423910,1116.66,A
2020-10-11,01423910,1116.25,A
2020-10-12,01423910,1115.87,A
2020-10-13,01423910,1115.22,A
2020-10-14,01423910,1114.59,A
2020-10-15,01423910,1114.0,A
2020-10-16,01423910,1113.51,A
2020-10-17,01423910,1112.86,A
2020-10-18,01423910,1112.16,A
2020-10-19,01423910,1111.46,A
2020-10-20,01423910,1110.79,A
2020-10-21,01423910,1110.12,A
2020-10-22,01423910,1109.4,A
2020-10-23,01423910,1108.72,A
2020-10-24,01423910,1108.18,A
2020-10-25,01423910,1107.66,A
2020-10-26,01423910,1107.13,A
2020-10-27,01423910,1106.56,A
2020-10-28,01423910,1106.15,A
2020-10-29,01423910,1106.07,A
2020-10-30,01423910,1106.49,A
2020-10-31,01423910,1107.1,A
2020-11-01,01423910,1107.51,A
2020-11-02,01423910,1107.9,A
2020-11-03,01423910,1108.3,A
2020-11-04,01423910,1108.64,A
2020-11-05,01423910,1108.95,A
2020-11-06,01423910,1109.22,A
2020-11-07,01423910,1109.46,A
2020-11-08,01423910,1109.68,A
2020-11-09,01423910,1109.87,A
2020-11-10,01423910,1110.04,A
2020-11-11,01423910,1110.24,A
2020-11-12,01423910,1110.54,A
2020-11-13,01423910,1110.81,A
2020-11-14,01423910,1111.02,A
2020-11-15,01423910,1111.22,A
2020-11-16,01423910,1111.47,A
2020-11-17,01423910,1111.73,A
2020-11-18,01423910,1111.95,A
2020-11-19,01423910,1112.18,A
2020-11-20,01423910,1112.38,A
2020-11-21,01423910,1112.57,A
2020-11-22,01423910,1112.74,A
2020-11-23,01423910,1112.99,A
2020-11-24,01423910,1113.38,A
2020-11-25,01423910,1113.71,A
2020-11-26,01423910,1114.05,A
2020-11-27,01423910,1114.43,A
2020-11-28,01423910,1114.8,A
2020-11-29,01423910,1115.14,A
2020-11-30,01423910,1115.5,A
2020-12-01,01423910,1116.13,A
2020-12-02,01423910,1116.75,A
2020-12-03,01423910,1117.29,A
2020-12-04,01423910,1117.78,A
2020-12-05,01423910,1118.21,A
2020-12-06,01423910,1118.6,A
2020-12-07,01423910,1118.94,A
2020-12-08,01423910,1119.24,A
2020-12-09,01423910,1119.52,A
2020-12-10,01423910,1119.78,A
2020-12-11,01423910,1120.02,A
2020-12-12,01423910,1120.25,A
2020-12-13,01423910,1120.47,A
2020-12-14,01423910,1120.68,A
2020-12-15,01423910,1120.86,A
2020-12-16,01423910,1121.03,A
2020-12-17,01423910,1121.27,A
2020-12-18,01423910,1121.36,A
2020-12-19,01423910,1121.5,A
2020-12-20,01423910,1121.66,A
2020-12-21,01423910,1121.86,A
2020-12-22,01423910,1122.05,A
2020-12-23,01423910,1122.22,A
2020-12-24,01423910,1122.46,A
2020-12-25,01423910,1126.73,A
2020-12-26,01423910,1133.2,A
2020-12-27,01423910,1135.87,A
2020-12-28,01423910,1137.32,A
2020-12-29,01423910,1138.34,A
2020-12-30,01423910,1139.1,A
2020-12-31,01423910,1139.75,A
2021-01-01,01423910,1140.32,A
2021-01-02,01423910,1140.9,A
2021-01-03,01423910,1141.57,A
2021-01-04,01423910,1142.02,A
2021-01-05,01423910,1142.34,A
2021-01-06,01423910,1142.59,A
2021-01-07,01423910,1142.79,A
2021-01-08,01423910,1142.94,A
2021-01-09,01423910,1143.03,A
2021-01-10,01423910,1143.09,A
2021-01-11,01423910,1143.13,A
2021-01-12,01423910,1143.17,A
2021-01-13,01423910,1143.19,A
2021-01-14,01423910,1143.2,A
2021-01-15,01423910,1143.2,A
2021-01-16,01423910,1143.21,A
2021-01-17,01423910,1143.24,A
2021-01-18,01423910,1143.24,A
2021-01-19,01423910,1143.22,A
2021-01-20,01423910,1143.18,A
2021-01-21,01423910,1143.11,A
2021-01-22,01423910,1143.04,A
2021-01-23,01423910,1142.85,A
2021-01-24,01423910,1142.61,A
2021-01-25,01423910,1142.34,A
2021-01-26,01423910,1142.11,A
2021-01-27,01423910,1141.89,A
2021-01-28,01423910,1141.65,A
2021-01-29,01423910,1141.37,A
2021-01-30,01423910,1141.08,A
2021-01-31,01423910,1140.8,A
2021-02-01,01423910,1140.55,"A, e"
2021-02-02,01423910,1140.38,A
2021-02-03,01423910,1140.13,A
2021-02-04,01423910,1139.87,A
2021-02-05,01423910,1139.67,A
2021-02-06,01423910,1139.54,A
2021-02-07,01423910,1139.44,A
2021-02-08,01423910,1139.33,A
2021-02-09,01423910,1139.24,A
2021-02-10,01423910,1139.15,A
2021-02-11,01423910,1139.05,A
2021-02-12,01423910,1138.91,A
2021-02-13,01423910,1138.73,A
2021-02-14,01423910,1138.56,A
2021-02-15,01423910,1138.38,A
2021-02-16,01423910,1138.27,A
2021-02-17,01423910,1138.2,A
2021-02-18,01423910,1138.16,A
2021-02-19,01423910,1138.1,A
2021-02-20,01423910,1138.02,A
2021-02-21,01423910,1137.93,A
2021-02-22,01423910,1137.83,A
2021-02-23,01423910,1137.75,A
2021-02-24,01423910,1137.68,A
2021-02-25,01423910,1137.61,A
2021-02-26,01423910,1137.56,A
2021-02-27,01423910,1137.51,A
2021-02-28,01423910,1137.47,A
2021-03-01,01423910,1137.48,A
2021-03-02,01423910,1137.61,A
2021-03-03,01423910,1137.7,A
2021-03-04,01423910,1137.8,A
2021-03-05,01423910,1137.85,A
2021-03-06,01423910,1137.88,A
2021-03-07,01423910,1137.89,A
2021-03-08,01423910,1137.87,A
2021-03-09,01423910,1137.87,A
2021-03-10,01423910,1137.9,A
2021-03-11,01423910,1138.08,A
2021-03-12,01423910,1139.05,A
2021-03-13,01423910,1140.4,A
2021-03-14,01423910,1141.41,A
2021-03-15,01423910,1142.12,A
2021-03-16,01423910,1142.6,A
2021-03-17,01423910,1142.97,A
2021-03-18,01423910,1143.37,A
2021-03-19,01423910,1144.23,A
2021-03-20,01423910,1144.82,A
2021-03-21,01423910,1145.26,A
2021-03-22,01423910,1145.66,A
2021-03-23,01423910,1146.04,A
2021-03-24,01423910,1146.47,A
2021-03-25,01423910,1147.12,A
2021-03-26,01423910,1147.84,A
2021-03-27,01423910,1148.54,A
2021-03-28,01423910,1149.07,A
2021-03-29,01423910,1149.58,A
2021-03-30,01423910,1149.69,A
2021-03-31,01423910,1149.53,A
2021-04-01,01423910,1149.55,A
2021-04-02,01423910,1149.6,A
2021-04-03,01423910,1149.53,A
2021-04-04,01423910,1149.42,A
2021-04-05,01423910,1149.22,A
2021-04-06,01423910,1148.94,A
2021-04-07,01423910,1148.7,A
2021-04-08,01423910,1148.48,A
2021-04-09,01423910,1148.36,A
2021-04-10,01423910,1148.32,A
2021-04-11,01423910,1148.31,A
2021-04-12,01423910,1148.32,A
2021-04-13,01423910,1148.39,A
2021-04-14,01423910,1148.4,A
2021-04-15,01423910,1148.41,A
2021-04-16,01423910,1148.46,A
2021-04-17,01423910,1148.58,A
2021-04-18,01423910,1148.68,A
2021-04-19,01423910,1148.74,A
2021-04-20,01423910,1148.79,A
2021-04-21,01423910,1148.83,A
2021-04-22,01423910,1148.86,A
2021-04-23,01423910,1148.88,A
2021-04-24,01423910,1148.88,A
2021-04-25,01423910,1148.86,A
2021-04-26,01423910,1148.82,A
2021-04-27,01423910,1148.79,A
2021-04-28,01423910,1148.85,A
2021-04-29,01423910,1149.05,A
2021-04-30,01423910,1150.1,A
2021-05-01,01423910,1150.75,A
2021-05-02,01423910,1150.9,A
2021-05-03,01423910,1150.9,A
2021-05-04,01423910,1150.93,A
2021-05-05,01423910,1150.91,A
2021-05-06,01423910,1150.85,A
2021-05-07,01423910,1150.64,A
2021-05-08,01423910,1150.55,A
2021-05-09,01423910,1150.62,A
2021-05-10,01423910,1150.87,A
2021-05-11,01423910,1150.9,A
2021-05-12,01423910,1150.67,A
2021-05-13,01423910,1150.35,A
2021-05-14,01423910,1150.09,A
2021-05-15,01423910,1149.97,A
2021-05-16,01423910,1149.91,A
2021-05-17,01423910,1149.88,A
2021-05-18,01423910,1149.77,A
2021-05-19,01423910,1149.62,A
2021-05-20,01423910,1149.46,A
2021-05-21,01423910,1149.28,A
2021-05-22,01423910,1149.09,A
2021-05-23,01423910,1148.88,A
2021-05-24,01423910,1148.67,A
2021-05-25,01423910,1148.49,A
2021-05-26,01423910,1148.32,A
2021-05-27,01423910,1148.18,A
2021-05-28,01423910,1148.06,A
2021-05-29,01423910,1148.27,A
2021-05-30,01423910,1148.45,A
2021-05-31,01423910,1148.61,A
2021-06-01,01423910,1148.73,A
2021-06-02,01423910,1148.78,A
2021-06-03,01423910,1148.84,A
2021-06-04,01423910,1149.02,A
2021-06-05,01423910,1149.23,A
2021-06-06,01423910,1149.32,A
2021-06-07,01423910,1149.32,A
2021-06-08,01423910,1149.23,A
2021-06-09,01423910,1149.21,A
2021-06-10,01423910,1149.19,A
2021-06-11,01423910,1149.04,A
2021-06-12,01423910,1148.88,A
2021-06-13,01423910,1148.71,A
2021-06-14,01423910,1148.54,A
2021-06-15,01423910,1148.4,A
2021-06-16,01423910,1148.26,A
2021-06-17,01423910,1148.13,A
2021-06-18,01423910,1147.94,A
2021-06-19,01423910,1147.71,A
2021-06-20,01423910,1147.49,A
2021-06-21,01423910,1147.25,A
2021-06-22,01423910,1146.97,A
2021-06-23,01423910,1146.69,A
2021-06-24,01423910,1146.4,A
2021-06-25,01423910,1146.08,A
2021-06-26,01423910,1145.76,A
2021-06-27,01423910,1145.41,A
2021-06-28,01423910,1145.0,A
2021-06-29,01423910,1144.62,A
2021-06-30,01423910,1144.3,A
2021-07-01,01423910,1144.06,A
2021-07-02,01423910,1143.86,A
2021-07-03,01423910,1143.72,A
2021-07-04,01423910,1143.64,A
2021-07-05,01423910,1143.43,A
2021-07-06,01423910,1143.21,A
2021-07-07,01423910,1143.06,A
2021-07-08,01423910,1142.99,A
2021-07-09,01423910,1142.97,A
2021-07-10,01423910,1143.07,A
2021-07-11,01423910,1143.12,A
2021-07-12,01423910,1144.2,A
2021-07-13,01423910,1146.56,A
2021-07-14,01423910,1147.81,A
2021-07-15,01423910,1148.56,A
2021-07-16,01423910,1148.83,A
2021-07-17,01423910,1148.8,A
2021-07-18,01423910,1148.97,A
2021-07-19,01423910,1149.26,A
2021-07-20,01423910,1149.26,A
2021-07-21,01423910,1149.69,A
2021-07-22,01423910,1150.02,A
2021-07-23,01423910,1149.97,A
2021-07-24,01423910,1149.72,A
2021-07-25,01423910,1149.43,A
2021-07-26,01423910,1149.21,A
2021-07-27,01423910,1149.01,A
2021-07-28,01423910,1148.93,A
2021-07-29,01423910,1148.96,A
2021-07-30,01423910,1148.92,A
2021-07-31,01423910,1148.69,A
2021-08-01,01423910,1148.44,A
2021-08-02,01423910,1148.29,A
2021-08-03,01423910,1148.14,A
2021-08-04,01423910,1148.04,A
2021-08-05,01423910,1147.77,A
2021-08-06,01423910,1147.45,A
2021-08-07,01423910,1147.12,A
2021-08-08,01423910,1146.78,A
2021-08-09,01423910,1146.43,A
2021-08-10,01423910,1146.08,A
2021-08-11,01423910,1145.7,A
2021-08-12,01423910,1145.35,A
2021-08-13,01423910,1145.14,A
2021-08-14,01423910,1145.06,A
2021-08-15,01423910,1144.76,A
2021-08-16,01423910,1144.43,A
2021-08-17,01423910,1144.11,A
2021-08-18,01423910,1143.78,A
2021-08-19,01423910,1143.53,A
2021-08-20,01423910,1143.31,A
2021-08-21,01423910,1143.28,A
2021-08-22,01423910,1143.44,A
2021-08-23,01423910,1143.98,A
2021-08-24,01423910,1144.78,A
2021-08-25,01423910,1145.18,A
2021-08-26,01423910,1145.4,A
2021-08-27,01423910,1145.52,A
2021-08-28,01423910,1145.66,A
2021-08-29,01423910,1145.71,A
2021-08-30,01423910,1145.67,A
2021-08-31,01423910,1145.52,A
2021-09-01,01423910,1145.49,A
2021-09-02,01423910,1145.7,A
2021-09-03,01423910,1145.9,A
2021-09-04,01423910,1145.94,A
2021-09-05,01423910,1145.95,A
2021-09-06,01423910,1145.97,A
2021-09-07,01423910,1145.99,A
2021-09-08,01423910,1145.96,A
2021-09-09,01423910,1145.97,A
2021-09-10,01423910,1145.99,A
2021-09-11,01423910,1145.83,A
2021-09-12,01423910,1145.61,A
2021-09-13,01423910,1145.39,A
2021-09-14,01423910,1145.16,A
2021-09-15,01423910,1144.83,A
2021-09-16,01423910,1144.69,A
2021-09-17,01423910,1144.5,A
2021-09-18,01423910,1144.16,A
2021-09-19,01423910,1143.81,A
2021-09-20,01423910,1143.4,A
2021-09-21,01423910,1142.96,A
2021-09-22,01423910,1142.62,A
2021-09-23,01423910,1142.45,A
2021-09-24,01423910,1143.41,A
2021-09-25,01423910,1144.14,A
2021-09-26,01423910,1144.29,A
2021-09-27,01423910,1144.27,A
2021-09-28,01423910,1144.13,A
2021-09-29,01423910,1143.91,A
2021-09-30,01423910,1143.62,A
2021-10-01,01423910,1143.28,A
2021-10-02,01423910,1142.9,A
2021-10-03,01423910,1142.5,A
2021-10-04,01423910,1142.17,A
2021-10-05,01423910,1142.14,A
2021-10-06,01423910,1141.99,A
2021-10-07,01423910,1141.71,A
2021-10-08,01423910,1141.43,A
2021-10-09,01423910,1141.14,A
2021-10-10,01423910,1140.88,A
2021-10-11,01423910,1140.63,A
2021-10-12,01423910,1140.35,A
2021-10-13,01423910,1140.06,A
2021-10-14,01423910,1139.78,A
2021-10-15,01423910,1139.58,A
2021-10-16,01423910,1139.44,A
2021-10-17,01423910,1139.71,A
2021-10-18,01423910,1139.9,A
2021-10-19,01423910,1139.98,"A, e"
2021-10-20,01423910,1140.02,A
2021-10-21,01423910,1140.02,A
2021-10-22,01423910,1139.94,A
2021-10-23,01423910,1139.78,A
2021-10-24,01423910,1139.58,A
2021-10-25,01423910,1139.45,A
2021-10-26,01423910,1140.16,A
2021-10-27,01423910,1143.11,A
2021-10-28,01423910,1145.13,A
2021-10-29,01423910,1146.08,A
2021-10-30,01423910,1146.67,A
2021-10-31,01423910,1146.98,A
2021-11-01,01423910,1147.12,A
2021-11-02,01423910,1147.13,A
2021-11-03,01423910,1147.03,A
2021-11-04,01423910,1146.89,A
2021-11-05,01423910,1146.66,A
2021-11-06,01423910,1146.41,A
2021-11-07,01423910,1146.12,A
2021-11-08,01423910,1145.81,A
2021-11-09,01423910,1145.44,A
2021-11-10,01423910,1145.05,A
2021-11-11,01423910,1144.65,A
2021-11-12,01423910,1144.51,A
2021-11-13,01423910,1145.06,A
2021-11-14,01423910,1145.67,A
2021-11-15,01423910,1146.03,A
2021-11-16,01423910,1146.23,A
2021-11-17,01423910,1146.28,A
2021-11-18,01423910,1146.21,A
2021-11-19,01423910,1146.19,A
2021-11-20,01423910,1146.15,A
2021-11-21,01423910,1146.02,A
2021-11-22,01423910,1145.86,A
2021-11-23,01423910,1145.72,A
2021-11-24,01423910,1145.53,A
2021-11-25,01423910,1145.27,A
2021-11-26,01423910,1144.97,A
2021-11-27,01423910,1144.75,A
2021-11-28,01423910,1144.52,A
2021-11-29,01423910,1144.22,A
2021-11-30,01423910,1143.91,A
2021-12-01,01423910,1143.56,A
2021-12-02,01423910,1143.24,A
2021-12-03,01423910,1142.95,A
2021-12-04,01423910,1142.59,A
2021-12-05,01423910,1142.18,A
2021-12-06,01423910,1141.74,A
2021-12-07,01423910,1141.36,A
2021-12-08,01423910,1140.97,A
2021-12-09,01423910,1140.55,A
2021-12-10,01423910,1140.1,A
2021-12-11,01423910,1139.76,A
2021-12-12,01423910,1139.71,A
2021-12-13,01423910,1139.49,A
2021-12-14,01423910,1139.22,A
2021-12-15,01423910,1138.92,A
2021-12-16,01423910,1138.63,A
2021-12-17,01423910,1138.29,A
2021-12-18,01423910,1137.9,A
2021-12-19,01423910,1137.57,A
2021-12-20,01423910,1137.2,A
2021-12-21,01423910,1136.76,A
2021-12-22,01423910,1136.36,A
2021-12-23,01423910,1136.02,A
2021-12-24,01423910,1135.77,A
2021-12-25,01423910,1135.72,A
2021-12-26,01423910,1135.86,A
2021-12-27,01423910,1135.96,A
2021-12-28,01423910,1135.99,A
2021-12-29,01423910,1136.05,A
2021-12-30,01423910,1136.12,A
2021-12-31,01423910,1136.21,A
2022-01-01,01423910,1136.28,A
2022-01-02,01423910,1136.37,A
2022-01-03,01423910,1136.44,A
2022-01-04,01423910,1136.45,A
2022-01-05,01423910,1136.43,A
2022-01-06,01423910,1136.42,A
2022-01-07,01423910,1136.39,A
2022-01-08,01423910,1136.29,A
2022-01-09,01423910,1136.18,A
2022-01-10,01423910,1136.1,A
2022-01-11,01423910,1135.92,A
2022-01-12,01423910,1135.72,A
2022-01-13,01423910,1135.63,A
2022-01-14,01423910,1135.58,A
2022-01-15,01423910,1135.28,A
2022-01-16,01423910,1134.93,A
2022-01-17,01423910,1134.71,A
2022-01-18,01423910,1134.6,A
2022-01-19,01423910,1134.5,A
2022-01-20,01423910,1134.4,A
2022-01-21,01423910,1134.26,A
2022-01-22,01423910,1134.09,A
2022-01-23,01423910,1133.93,A
2022-01-24,01423910,1133.8,A
2022-01-25,01423910,1133.67,A
2022-01-26,01423910,1133.52,A
2022-01-27,01423910,1133.29,A
2022-01-28,01423910,1133.13,A
2022-01-29,01423910,1133.13,A
2022-01-30,01423910,1133.15,A
2022-01-31,01423910,1133.16,A
2022-02-01,01423910,1133.18,A
2022-02-02,01423910,1133.21,A
2022-02-03,01423910,1133.28,A
2022-02-04,01423910,1133.72,A
2022-02-05,01423910,1134.37,A
2022-02-06,01423910,1134.66,A
2022-02-07,01423910,1134.87,A
2022-02-08,01423910,1135.1,A
2022-02-09,01423910,1135.29,A
2022-02-10,01423910,1135.49,A
2022-02-11,01423910,1135.69,A
2022-02-12,01423910,1135.91,A
2022-02-13,01423910,1136.17,A
2022-02-14,01423910,1136.35,A
2022-02-15,01423910,1136.46,A
2022-02-16,01423910,1136.59,A
2022-02-17,01423910,1136.77,A
2022-02-18,01423910,1138.34,A
2022-02-19,01423910,1140.41,A
2022-02-20,01423910,1141.36,A
2022-02-21,01423910,1142.08,A
2022-02-22,01423910,1142.76,A
2022-02-23,01423910,1144.14,A
2022-02-24,01423910,1145.46,A
2022-02-25,01423910,1146.36,A
2022-02-26,01423910,1146.99,A
2022-02-27,01423910,1147.41,A
2022-02-28,01423910,1147.7,A
2022-03-01,01423910,1147.9,A
2022-03-02,01423910,1148.06,A
2022-03-03,01423910,1148.18,A
2022-03-04,01423910,1148.05,A
2022-03-05,01423910,1147.71,A
2022-03-06,01423910,1147.4,A
2022-03-07,01423910,1147.56,A
2022-03-08,01423910,1148.35,A
2022-03-09,01423910,1148.88,A
2022-03-10,01423910,1149.3,A
2022-03-11,01423910,1149.79,A
2022-03-12,01423910,1150.2,A
2022-03-13,01423910,1150.4,A
2022-03-14,01423910,1150.52,A
2022-03-15,01423910,1150.73,A
2022-03-16,01423910,1150.95,A
2022-03-17,01423910,1150.97,A
2022-03-18,01423910,1150.71,A
2022-03-19,01423910,1150.47,A
2022-03-20,01423910,1150.42,A
2022-03-21,01423910,1150.31,A
2022-03-22,01423910,1149.99,A
2022-03-23,01423910,1149.65,A
2022-03-24,01423910,1149.31,A
2022-03-25,01423910,1149.12,A
2022-03-26,01423910,1149.22,A
2022-03-27,01423910,1149.32,A
2022-03-28,01423910,1149.31,A
2022-03-29,01423910,1149.19,A
2022-03-30,01423910,1149.16,A
2022-03-31,01423910,1149.29,A
2022-04-01,01423910,1150.15,A
2022-04-02,01423910,1150.86,A
2022-04-03,01423910,1151.0,A
2022-04-04,01423910,1151.02,A
2022-04-05,01423910,1150.95,A
2022-04-06,01423910,1150.77,A
2022-04-07,01423910,1150.76,A
2022-04-08,01423910,1153.42,A
2022-04-09,01423910,1154.26,A
2022-04-10,01423910,1153.51,A
2022-04-11,01423910,1152.78,A
2022-04-12,01423910,1152.25,A
2022-04-13,01423910,1151.8,A
2022-04-14,01423910,1151.36,A
2022-04-15,01423910,1150.97,A
2022-04-16,01423910,1150.59,A
2022-04-17,01423910,1150.35,A
2022-04-18,01423910,1150.13,A
2022-04-19,01423910,1150.06,A
2022-04-20,01423910,1150.01,A
2022-04-21,01423910,1150.09,A
2022-04-22,01423910,1150.39,A
2022-04-23,01423910,1150.62,A
2022-04-24,01423910,1150.69,A
2022-04-25,01423910,1150.6,A
2022-04-26,01423910,1150.44,A
2022-04-27,01423910,1150.29,A
2022-04-28,01423910,1150.11,A
2022-04-29,01423910,1149.9,A
2022-04-30,01423910,1149.67,A
2022-05-01,01423910,1149.43,A
2022-05-02,01423910,1149.16,A
2022-05-03,01423910,1148.88,A
2022-05-04,01423910,1148.57,A
2022-05-05,01423910,1148.3,A
2022-05-06,01423910,1148.1,A
2022-05-07,01423910,1148.01,A
2022-05-08,01423910,1147.97,A
2022-05-09,01423910,1147.94,A
2022-05-10,01423910,1147.9,A
2022-05-11,01423910,1147.86,A
2022-05-12,01423910,1147.81,A
2022-05-13,01423910,1147.8,A
2022-05-14,01423910,1147.8,A
2022-05-15,01423910,1147.84,A
2022-05-16,01423910,1147.91,A
2022-05-17,01423910,1148.03,A
2022-05-18,01423910,1148.11,A
2022-05-19,01423910,1148.19,A
2022-05-20,01423910,1148.3,A
2022-05-21,01423910,1148.22,A
2022-05-22,01423910,1148.08,A
2022-05-23,01423910,1147.98,A
2022-05-24,01423910,1147.82,A
2022-05-25,01423910,1147.63,A
2022-05-26,01423910,1147.42,A
2022-05-27,01423910,1147.23,A
2022-05-28,01423910,1147.08,A
2022-05-29,01423910,1146.92,A
2022-05-30,01423910,1146.74,A
2022-05-31,01423910,1146.52,A
2022-06-01,01423910,1146.31,A
2022-06-02,01423910,1146.16,A
2022-06-03,01423910,1145.97,A
2022-06-04,01423910,1145.73,A
2022-06-05,01423910,1145.47,A
2022-06-06,01423910,1145.21,A
2022-06-07,01423910,1144.96,A
2022-06-08,01423910,1144.88,A
2022-06-09,01423910,1144.91,A
2022-06-10,01423910,1144.96,A
2022-06-11,01423910,1144.79,A
2022-06-12,01423910,1144.58,A
2022-06-13,01423910,1144.36,A
2022-06-14,01423910,1144.06,A
2022-06-15,01423910,1143.73,A
2022-06-16,01423910,1143.52,A
2022-06-17,01423910,1143.3,A
2022-06-18,01423910,1143.0,A
2022-06-19,01423910,1142.68,A
2022-06-20,01423910,1142.34,A
2022-06-21,01423910,1141.98,A
2022-06-22,01423910,1141.64,A
2022-06-23,01423910,1141.58,A
2022-06-24,01423910,1141.65,A
2022-06-25,01423910,1141.55,A
2022-06-26,01423910,1141.36,A
2022-06-27,01423910,1141.18,A
2022-06-28,01423910,1140.99,A
2022-06-29,01423910,1140.76,A
2022-06-30,01423910,1140.46,A
2022-07-01,01423910,1140.13,A
2022-07-02,01423910,1139.89,A
2022-07-03,01423910,1139.64,A
2022-07-04,01423910,1139.31,A
2022-07-05,01423910,1138.98,A
2022-07-06,01423910,1138.65,A
2022-07-07,01423910,1138.31,A
2022-07-08,01423910,1137.96,A
2022-07-09,01423910,1137.6,A
2022-07-10,01423910,1137.22,A
2022-07-11,01423910,1136.82,A
2022-07-12,01423910,1136.42,A
2022-07-13,01423910,1136.07,A
2022-07-14,01423910,1135.73,A
2022-07-15,01423910,1135.37,A
2022-07-16,01423910,1134.99,A
2022-07-17,01423910,1134.59,A
2022-07-18,01423910,1134.22,A
2022-07-19,01423910,1133.87,A
2022-07-20,01423910,1133.44,A
2022-07-21,01423910,1132.99,A
2022-07-22,01423910,1132.53,A
2022-07-23,01423910,1131.97,A
2022-07-24,01423910,1131.4,A
2022-07-25,01423910,1131.03,A
2022-07-26,01423910,1130.67,A
2022-07-27,01423910,1130.28,A
2022-07-28,01423910,1129.9,A
2022-07-29,01423910,1129.52,A
2022-07-30,01423910,1129.11,A
2022-07-31,01423910,1128.7,A
2022-08-01,01423910,1128.29,A
2022-08-02,01423910,1127.9,A
2022-08-03,01423910,1127.49,A
2022-08-04,01423910,1127.04,A
2022-08-05,01423910,1126.68,A
2022-08-06,01423910,1126.28,A
2022-08-07,01423910,1125.86,A
2022-08-08,01423910,1125.43,A
2022-08-09,01423910,1125.04,A
2022-08-10,01423910,1124.63,A
2022-08-11,01423910,1124.2,A
2022-08-12,01423910,1123.75,A
2022-08-13,01423910,1123.27,A
2022-08-14,01423910,1122.8,A
2022-08-15,01423910,1122.26,A
2022-08-16,01423910,1121.61,A
2022-08-17,01423910,1120.83,A
2022-08-18,01423910,1120.05,A
2022-08-19,01423910,1119.29,A
2022-08-20,01423910,1118.58,A
2022-08-21,01423910,1118.03,A
2022-08-22,01423910,1117.61,A
2022-08-23,01423910,1117.24,A
2022-08-24,01423910,1116.77,A
2022-08-25,01423910,1116.27,A
2022-08-26,01423910,1115.72,A
2022-08-27,01423910,1115.13,A
2022-08-28,01423910,1114.52,A
2022-08-29,01423910,1113.94,A
2022-08-30,01423910,1113.39,A
2022-08-31,01423910,1113.04,A
2022-09-01,01423910,1112.47,A
2022-09-02,01423910,1111.74,A
2022-09-03,01423910,1111.12,A
2022-09-04,01423910,1110.71,A
2022-09-05,01423910,1110.49,A
2022-09-06,01423910,1110.55,A
2022-09-07,01423910,1110.85,A
2022-09-08,01423910,1110.98,A
2022-09-09,01423910,1110.85,A
2022-09-10,01423910,1110.63,A
2022-09-11,01423910,1110.38,A
2022-09-12,01423910,1110.13,A
2022-09-13,01423910,1110.09,A
2022-09-14,01423910,1110.28,A
2022-09-15,01423910,1110.28,A
2022-09-16,01423910,1110.16,A
2022-09-17,01423910,1110.03,A
2022-09-18,01423910,1109.85,A
2022-09-19,01423910,1109.68,A
2022-09-20,01423910,1109.54,A
2022-09-21,01423910,1109.39,A
2022-09-22,01423910,1109.33,A
2022-09-23,01423910,1109.38,A
2022-09-24,01423910,1109.36,A
2022-09-25,01423910,1109.27,A
2022-09-26,01423910,1109.22,A
2022-09-27,01423910,1109.17,A
2022-09-28,01423910,1109.09,A
2022-09-29,01423910,1109.0,A
2022-09-30,01423910,1108.88,A
2022-10-01,01423910,1108.75,A
2022-10-02,01423910,1108.65,A
2022-10-03,01423910,1108.53,A
2022-10-04,01423910,1108.4,A
2022-10-05,01423910,1108.42,A
2022-10-06,01423910,1108.41,A
2022-10-07,01423910,1108.36,A
2022-10-08,01423910,1108.26,A
2022-10-09,01423910,1108.14,A
2022-10-10,01423910,1108.01,A
2022-10-11,01423910,1107.86,A
2022-10-12,01423910,1107.71,A
2022-10-13,01423910,1107.55,A
2022-10-14,01423910,1107.47,A
2022-10-15,01423910,1107.53,A
2022-10-16,01423910,1107.52,A
2022-10-17,01423910,1107.45,A
2022-10-18,01423910,1107.39,A
2022-10-19,01423910,1107.37,A
2022-10-20,01423910,1107.44,A
2022-10-21,01423910,1107.5,A
2022-10-22,01423910,1107.58,A
2022-10-23,01423910,1107.65,A
2022-10-24,01423910,1107.7,A
2022-10-25,01423910,1107.62,A
2022-10-26,01423910,1107.52,A
2022-10-27,01423910,1107.41,A
2022-10-28,01423910,1107.3,A
2022-10-29,01423910,1107.32,A
2022-10-30,01423910,1107.36,A
2022-10-31,01423910,1107.4,A
2022-11-01,01423910,1107.44,A
2022-11-02,01423910,1107.48,A
2022-11-03,01423910,1107.51,A
2022-11-04,01423910,1107.49,A
2022-11-05,01423910,1107.34,A
2022-11-06,01423910,1107.17,A
2022-11-07,01423910,1107.01,A
2022-11-08,01423910,1106.82,A
2022-11-09,01423910,1106.62,A
2022-11-10,01423910,1106.44,A
2022-11-11,01423910,1106.33,A
2022-11-12,01423910,1106.66,A
2022-11-13,01423910,1107.29,A
2022-11-14,01423910,1107.74,A
2022-11-15,01423910,1108.1,A
2022-11-16,01423910,1108.51,A
2022-11-17,01423910,1109.07,A
2022-11-18,01423910,1109.55,A
2022-11-19,01423910,1109.96,A
2022-11-20,01423910,1110.31,A
2022-11-21,01423910,1110.62,A
2022-11-22,01423910,1110.89,A
2022-11-23,01423910,1111.15,A
2022-11-24,01423910,1111.38,A
2022-11-25,01423910,1111.6,A
2022-11-26,01423910,1111.81,A
2022-11-27,01423910,1112.06,A
2022-11-28,01423910,1112.87,A
2022-11-29,01423910,1113.76,A
2022-11-30,01423910,1114.41,A
2022-12-01,01423910,1115.25,A
2022-12-02,01423910,1115.97,A
2022-12-03,01423910,1116.48,A
2022-12-04,01423910,1117.06,A
2022-12-05,01423910,1117.54,A
2022-12-06,01423910,1117.91,A
2022-12-07,01423910,1118.36,A
2022-12-08,01423910,1119.0,A
2022-12-09,01423910,1119.57,A
2022-12-10,01423910,1120.08,A
2022-12-11,01423910,1120.54,A
2022-12-12,01423910,1120.97,A
2022-12-13,01423910,1121.21,A
2022-12-14,01423910,1121.38,A
2022-12-15,01423910,1121.52,A
2022-12-16,01423910,1121.76,A
2022-12-17,01423910,1122.13,A
2022-12-18,01423910,1122.34,A
2022-12-19,01423910,1122.5,A
2022-12-20,01423910,1122.73,A
2022-12-21,01423910,1122.96,A
2022-12-22,01423910,1123.18,A
2022-12-23,01423910,1124.05,A
2022-12-24,01423910,1126.2,A
2022-12-25,01423910,1127.43,A
2022-12-26,01423910,1128.31,A
2022-12-27,01423910,1129.04,A
2022-12-28,01423910,1129.66,A
2022-12-29,01423910,1130.17,A
2022-12-30,01423910,1130.62,A
2022-12-31,01423910,1131.17,A
2023-01-01,01423910,1131.9,A
2023-01-02,01423910,1132.63,A
2023-01-03,01423910,1133.32,A
2023-01-04,01423910,1134.19,A
2023-01-05,01423910,1135.02,A
2023-01-06,01423910,1135.73,A
2023-01-07,01423910,1136.35,A
2023-01-08,01423910,1136.89,A
2023-01-09,01423910,1137.36,A
2023-01-10,01423910,1137.77,A
2023-01-11,01423910,1138.13,A
2023-01-12,01423910,1138.46,A
2023-01-13,01423910,1138.92,A
2023-01-14,01423910,1139.52,A
2023-01-15,01423910,1139.95,A
2023-01-16,01423910,1140.32,A
2023-01-17,01423910,1140.66,A
2023-01-18,01423910,1141.0,A
2023-01-19,01423910,1141.22,A
2023-01-20,01423910,1141.65,A
2023-01-21,01423910,1142.12,A
2023-01-22,01423910,1142.45,A
2023-01-23,01423910,1142.8,A
2023-01-24,01423910,1143.1,A
2023-01-25,01423910,1143.33,A
2023-01-26,01423910,1143.57,A
2023-01-27,01423910,1143.85,A
2023-01-28,01423910,1144.04,A
2023-01-29,01423910,1144.18,A
2023-01-30,01423910,1144.31,A
2023-01-31,01423910,1144.46,A
2023-02-01,01423910,1144.57,A
2023-02-02,01423910,1144.61,A
2023-02-03,01423910,1144.64,A
2023-02-04,01423910,1144.53,A
2023-02-05,01423910,1144.47,A
2023-02-06,01423910,1144.5,A
2023-02-07,01423910,1144.4,A
2023-02-08,01423910,1144.27,A
2023-02-09,01423910,1144.14,A
2023-02-10,01423910,1144.08,A
2023-02-11,01423910,1144.09,A
2023-02-12,01423910,1144.02,A
2023-02-13,01423910,1143.94,A
2023-02-14,01423910,1143.84,A
2023-02-15,01423910,1143.68,A
2023-02-16,01423910,1143.52,A
2023-02-17,01423910,1143.39,A
2023-02-18,01423910,1143.28,A
2023-02-19,01423910,1143.15,A
2023-02-20,01423910,1143.01,A
2023-02-21,01423910,1142.88,A
2023-02-22,01423910,1142.77,A
2023-02-23,01423910,1142.87,A
2023-02-24,01423910,1143.23,A
2023-02-25,01423910,1143.55,A
2023-02-26,01423910,1143.78,A
2023-02-27,01423910,1144.02,A
2023-02-28,01423910,1144.24,A
2023-03-01,01423910,1144.42,A
2023-03-02,01423910,1144.55,A
2023-03-03,01423910,1144.72,A
2023-03-04,01423910,1144.98,A
2023-03-05,01423910,1145.16,A
2023-03-06,01423910,1145.29,A
2023-03-07,01423910,1145.42,A
2023-03-08,01423910,1145.51,A
2023-03-09,01423910,1145.57,A
2023-03-10,01423910,1145.61,A
2023-03-11,01423910,1145.69,A
2023-03-12,01423910,1145.73,A
2023-03-13,01423910,1145.75,A
2023-03-14,01423910,1145.83,A
2023-03-15,01423910,1145.91,A
2023-03-16,01423910,1145.92,A
2023-03-17,01423910,1145.98,A
2023-03-18,01423910,1146.23,A
2023-03-19,01423910,1146.56,A
2023-03-20,01423910,1146.79,A
2023-03-21,01423910,1147.0,A
2023-03-22,01423910,1147.29,A
2023-03-23,01423910,1147.84,A
2023-03-24,01423910,1149.03,A
2023-03-25,01423910,1150.26,A
2023-03-26,01423910,1151.05,A
2023-03-27,01423910,1151.31,A
2023-03-28,01423910,1151.3,A
2023-03-29,01423910,1151.09,A
2023-03-30,01423910,1150.84,A
2023-03-31,01423910,1150.62,A
2023-04-01,01423910,1150.56,A
2023-04-02,01423910,1150.87,A
2023-04-03,01423910,1151.1,A
2023-04-04,01423910,1151.23,A
2023-04-05,01423910,1151.24,A
2023-04-06,01423910,1151.08,A
2023-04-07,01423910,1150.77,A
2023-04-08,01423910,1150.41,A
2023-04-09,01423910,1150.09,A
2023-04-10,01423910,1149.82,A
2023-04-11,01423910,1149.57,A
2023-04-12,01423910,1149.3,A
2023-04-13,01423910,1148.99,A
2023-04-14,01423910,1148.8,A
2023-04-15,01423910,1148.75,A
2023-04-16,01423910,1148.8,A
2023-04-17,01423910,1148.84,A
2023-04-18,01423910,1148.86,A
2023-04-19,01423910,1148.85,A
2023-04-20,01423910,1148.81,A
2023-04-21,01423910,1148.76,A
2023-04-22,01423910,1148.7,A
2023-04-23,01423910,1148.91,A
2023-04-24,01423910,1149.37,A
2023-04-25,01423910,1149.69,A
2023-04-26,01423910,1149.92,A
2023-04-27,01423910,1150.07,A
2023-04-28,01423910,1150.13,A
2023-04-29,01423910,1150.15,A
2023-04-30,01423910,1150.29,A
2023-05-01,01423910,1151.5,A
2023-05-02,01423910,1152.17,A
2023-05-03,01423910,1152.11,A
2023-05-04,01423910,1151.87,A
2023-05-05,01423910,1151.57,A
2023-05-06,01423910,1151.31,A
2023-05-07,01423910,1151.07,A
2023-05-08,01423910,1151.04,A
2023-05-09,01423910,1151.01,A
2023-05-10,01423910,1150.9,A
2023-05-11,01423910,1150.63,A
2023-05-12,01423910,1150.29,A
2023-05-13,01423910,1150.01,A
2023-05-14,01423910,1149.76,A
2023-05-15,01423910,1149.53,A
2023-05-16,01423910,1149.34,A
2023-05-17,01423910,1149.16,A
2023-05-18,01423910,1148.96,A
2023-05-19,01423910,1148.75,A
2023-05-20,01423910,1148.53,A
2023-05-21,01423910,1148.31,A
2023-05-22,01423910,1148.06,A
2023-05-23,01423910,1147.8,A
2023-05-24,01423910,1147.52,A
2023-05-25,01423910,1147.22,A
2023-05-26,01423910,1146.93,A
2023-05-27,01423910,1146.62,A
2023-05-28,01423910,1146.32,A
2023-05-29,01423910,1146.0,A
2023-05-30,01423910,1145.69,A
2023-05-31,01423910,1145.37,A
2023-06-01,01423910,1145.03,A
2023-06-02,01423910,1144.69,A
2023-06-03,01423910,1144.39,A
2023-06-04,01423910,1144.07,A
2023-06-05,01423910,1143.73,A
2023-06-06,01423910,1143.37,A
2023-06-07,01423910,1143.02,A
2023-06-08,01423910,1142.66,A
2023-06-09,01423910,1142.3,A
2023-06-10,01423910,1141.92,A
2023-06-11,01423910,1141.57,A
2023-06-12,01423910,1141.24,A
2023-06-13,01423910,1141.01,A
2023-06-14,01423910,1140.75,A
2023-06-15,01423910,1140.5,A
2023-06-16,01423910,1140.22,A
2023-06-17,01423910,1139.97,A
2023-06-18,01423910,1139.66,A
2023-06-19,01423910,1139.37,A
2023-06-20,01423910,1139.07,A
2023-06-21,01423910,1138.8,A
2023-06-22,01423910,1138.46,A
2023-06-23,01423910,1138.12,A
2023-06-24,01423910,1137.84,A
2023-06-25,01423910,1137.54,A
2023-06-26,01423910,1137.31,A
2023-06-27,01423910,1137.43,A
2023-06-28,01423910,1137.52,A
2023-06-29,01423910,1137.41,A
2023-06-30,01423910,1137.24,A
2023-07-01,01423910,1136.97,A
2023-07-02,01423910,1136.7,A
2023-07-03,01423910,1136.89,A
2023-07-04,01423910,1137.12,A
2023-07-05,01423910,1137.1,A
2023-07-06,01423910,1136.93,A
2023-07-07,01423910,1136.81,A
2023-07-08,01423910,1136.92,A
2023-07-09,01423910,1137.01,A
2023-07-10,01423910,1137.09,A
2023-07-11,01423910,1137.17,A
2023-07-12,01423910,1137.16,A
2023-07-13,01423910,1136.99,A
2023-07-14,01423910,1136.85,A
2023-07-15,01423910,1137.04,A
2023-07-16,01423910,1137.29,A
2023-07-17,01423910,1137.45,A
2023-07-18,01423910,1137.54,A
2023-07-19,01423910,1137.65,A
2023-07-20,01423910,1137.7,A
2023-07-21,01423910,1137.72,A
2023-07-22,01423910,1137.72,A
2023-07-23,01423910,1137.68,A
2023-07-24,01423910,1137.65,A
2023-07-25,01423910,1137.71,A
2023-07-26,01423910,1137.71,A
2023-07-27,01423910,1137.71,A
2023-07-28,01423910,1137.8,A
2023-07-29,01423910,1137.84,A
2023-07-30,01423910,1137.9,A
2023-07-31,01423910,1137.91,A
2023-08-01,01423910,1137.86,A
2023-08-02,01423910,1137.79,A
2023-08-03,01423910,1137.69,A
2023-08-04,01423910,1137.59,A
2023-08-05,01423910,1137.5,A
2023-08-06,01423910,1137.41,A
2023-08-07,01423910,1137.37,A
2023-08-08,01423910,1137.46,A
2023-08-09,01423910,1137.57,A
2023-08-10,01423910,1137.57,A
2023-08-11,01423910,1137.54,A
2023-08-12,01423910,1137.48,A
2023-08-13,01423910,1137.44,A
2023-08-14,01423910,1137.34,A
2023-08-15,01423910,1137.47,A
2023-08-16,01423910,1137.7,A
2023-08-17,01423910,1137.76,A
2023-08-18,01423910,1138.32,A
2023-08-19,01423910,1139.14,A
2023-08-20,01423910,1139.54,A
2023-08-21,01423910,1139.78,A
2023-08-22,01423910,1139.92,A
2023-08-23,01423910,1139.99,A
2023-08-24,01423910,1140.01,A
2023-08-25,01423910,1140.08,A
2023-08-26,01423910,1140.12,A
2023-08-27,01423910,1140.1,A
2023-08-28,01423910,1140.05,A
2023-08-29,01423910,1139.99,A
2023-08-30,01423910,1139.96,A
2023-08-31,01423910,1139.92,A
2023-09-01,01423910,1139.84,A
2023-09-02,01423910,1139.76,A
2023-09-03,01423910,1139.67,A
2023-09-04,01423910,1139.57,A
2023-09-05,01423910,1139.46,A
2023-09-06,01423910,1139.32,A
2023-09-07,01423910,1139.21,A
2023-09-08,01423910,1139.15,A
2023-09-09,01423910,1139.07,A
2023-09-10,01423910,1139.01,A
2023-09-11,01423910,1138.94,A
2023-09-12,01423910,1138.88,A
2023-09-13,01423910,1138.91,A
2023-09-14,01423910,1138.93,A
2023-09-15,01423910,1138.88,A
2023-09-16,01423910,1138.81,A
2023-09-17,01423910,1138.74,A
2023-09-18,01423910,1138.75,A
2023-09-19,01423910,1138.75,A
2023-09-20,01423910,1138.71,A
2023-09-21,01423910,1138.64,A
2023-09-22,01423910,1138.56,A
2023-09-23,01423910,1138.48,A
2023-09-24,01423910,1138.45,A
2023-09-25,01423910,1138.51,A
2023-09-26,01423910,1138.59,A
2023-09-27,01423910,1138.62,A
2023-09-28,01423910,1138.61,A
2023-09-29,01423910,1138.58,A
2023-09-30,01423910,1138.55,A
2023-10-01,01423910,1138.54,A
2023-10-02,01423910,1138.6,A
2023-10-03,01423910,1138.66,A
2023-10-04,01423910,1138.7,A
2023-10-05,01423910,1138.73,A
2023-10-06,01423910,1138.78,A
2023-10-07,01423910,1138.9,A
2023-10-08,01423910,1139.34,A
2023-10-09,01423910,1139.69,A
2023-10-10,01423910,1139.94,A
2023-10-11,01423910,1140.15,A
2023-10-12,01423910,1140.32,A
2023-10-13,01423910,1140.47,A
2023-10-14,01423910,1140.61,A
2023-10-15,01423910,1140.75,A
2023-10-16,01423910,1140.87,A
2023-10-17,01423910,1141.01,A
2023-10-18,01423910,1141.13,A
2023-10-19,01423910,1141.24,A
2023-10-20,01423910,1141.34,A
2023-10-21,01423910,1141.28,A
2023-10-22,01423910,1141.13,A
2023-10-23,01423910,1140.99,A
2023-10-24,01423910,1140.84,A
2023-10-25,01423910,1140.68,A
2023-10-26,01423910,1140.52,A
2023-10-27,01423910,1140.35,A
2023-10-28,01423910,1140.18,A
2023-10-29,01423910,1140.03,A
2023-10-30,01423910,1139.99,A
2023-10-31,01423910,1140.09,A
2023-11-01,01423910,1140.14,A
2023-11-02,01423910,1140.15,A
2023-11-03,01423910,1140.14,A
2023-11-04,01423910,1140.11,A
2023-11-05,01423910,1140.08,A
2023-11-06,01423910,1140.02,A
2023-11-07,01423910,1139.96,A
2023-11-08,01423910,1139.88,A
2023-11-09,01423910,1139.77,A
2023-11-10,01423910,1139.56,A
2023-11-11,01423910,1139.45,A
2023-11-12,01423910,1139.4,A
2023-11-13,01423910,1139.36,A
2023-11-14,01423910,1139.42,A
2023-11-15,01423910,1139.49,A
2023-11-16,01423910,1139.57,A
2023-11-17,01423910,1139.62,A
2023-11-18,01423910,1139.59,A
2023-11-19,01423910,1139.52,A
2023-11-20,01423910,1139.44,A
2023-11-21,01423910,1139.36,A
2023-11-22,01423910,1139.37,A
2023-11-23,01423910,1139.41,A
2023-11-24,01423910,1139.37,A
2023-11-25,01423910,1139.3,A
2023-11-26,01423910,1139.24,A
2023-11-27,01423910,1139.52,A
2023-11-28,01423910,1139.95,A
2023-11-29,01423910,1140.2,A
2023-11-30,01423910,1140.39,A
2023-12-01,01423910,1140.55,A
2023-12-02,01423910,1140.69,A
2023-12-03,01423910,1140.86,A
2023-12-04,01423910,1141.34,A
2023-12-05,01423910,1141.7,A
2023-12-06,01423910,1141.8,A
2023-12-07,01423910,1141.84,A
2023-12-08,01423910,1141.86,A
2023-12-09,01423910,1141.9,A
2023-12-10,01423910,1141.93,A
2023-12-11,01423910,1142.51,A
2023-12-12,01423910,1143.1,A
2023-12-13,01423910,1143.46,A
2023-12-14,01423910,1143.72,A
2023-12-15,01423910,1143.9,A
2023-12-16,01423910,1143.94,A
2023-12-17,01423910,1143.87,A
2023-12-18,01423910,1145.7,A
2023-12-19,01423910,1150.13,A
2023-12-20,01423910,1151.41,A
2023-12-21,01423910,1151.37,A
2023-12-22,01423910,1151.1,A
2023-12-23,01423910,1150.75,A
2023-12-24,01423910,1150.48,A
2023-12-25,01423910,1150.25,A
2023-12-26,01423910,1150.02,A
2023-12-27,01423910,1149.86,A
2023-12-28,01423910,1150.09,A
2023-12-29,01423910,1150.22,A
2023-12-30,01423910,1150.07,A
2023-12-31,01423910,1149.94,A
2024-01-01,01423910,1149.79,A
2024-01-02,01423910,1149.63,A
2024-01-03,01423910,1149.44,A
2024-01-04,01423910,1149.22,A
2024-01-05,01423910,1148.95,A
2024-01-06,01423910,1148.67,A
2024-01-07,01423910,1148.4,A
2024-01-08,01423910,1148.09,A
2024-01-09,01423910,1147.78,A
2024-01-10,01423910,1148.33,A
2024-01-11,01423910,1149.25,A
2024-01-12,01423910,1149.61,A
2024-01-13,01423910,1149.96,A
2024-01-14,01423910,1150.32,A
2024-01-15,01423910,1150.31,A
2024-01-16,01423910,1150.21,A
2024-01-17,01423910,1150.03,A
2024-01-18,01423910,1149.83,A
2024-01-19,01423910,1149.67,A
2024-01-20,01423910,1149.44,A
2024-01-21,01423910,1149.17,A
2024-01-22,01423910,1148.88,A
2024-01-23,01423910,1148.57,A
2024-01-24,01423910,1148.27,A
2024-01-25,01423910,1148.39,A
2024-01-26,01423910,1149.13,A
2024-01-27,01423910,1150.01,A
2024-01-28,01423910,1150.44,A
2024-01-29,01423910,1150.74,A
2024-01-30,01423910,1150.95,A
2024-01-31,01423910,1150.9,A
2024-02-01,01423910,1150.57,A
2024-02-02,01423910,1150.3,A
2024-02-03,01423910,1149.98,A
2024-02-04,01423910,1149.68,A
2024-02-05,01423910,1149.36,A
2024-02-06,01423910,1148.99,A
2024-02-07,01423910,1148.58,A
2024-02-08,01423910,1148.15,A
2024-02-09,01423910,1147.71,A
2024-02-10,01423910,1147.27,A
2024-02-11,01423910,1146.87,A
2024-02-12,01423910,1146.45,A
2024-02-13,01423910,1145.99,A
2024-02-14,01423910,1145.73,A
2024-02-15,01423910,1145.6,A
2024-02-16,01423910,1145.49,A
2024-02-17,01423910,1145.37,A
2024-02-18,01423910,1145.22,A
2024-02-19,01423910,1145.06,A
2024-02-20,01423910,1144.87,A
2024-02-21,01423910,1144.68,A
2024-02-22,01423910,1144.49,A
2024-02-23,01423910,1144.35,A
2024-02-24,01423910,1144.29,A
2024-02-25,01423910,1144.21,A
2024-02-26,01423910,1144.12,A
2024-02-27,01423910,1144.04,A
2024-02-28,01423910,1144.03,A
2024-02-29,01423910,1144.21,A
2024-03-01,01423910,1144.31,A
2024-03-02,01423910,1144.42,A
2024-03-03,01423910,1144.76,A
2024-03-04,01423910,1145.08,A
2024-03-05,01423910,1145.42,A
2024-03-06,01423910,1146.26,A
2024-03-07,01423910,1147.67,A
2024-03-08,01423910,1149.25,A
2024-03-09,01423910,1150.01,A
2024-03-10,01423910,1151.24,A
2024-03-11,01423910,1151.91,A
2024-03-12,01423910,1151.7,A
2024-03-13,01423910,1151.29,A
2024-03-14,01423910,1150.92,A
2024-03-15,01423910,1150.61,A
2024-03-16,01423910,1150.39,A
2024-03-17,01423910,1150.18,A
2024-03-18,01423910,1150.03,A
2024-03-19,01423910,1149.83,A
2024-03-20,01423910,1149.65,A
2024-03-21,01423910,1149.44,A
2024-03-22,01423910,1149.2,A
2024-03-23,01423910,1149.1,A
2024-03-24,01423910,1149.54,A
2024-03-25,01423910,1149.7,A
2024-03-26,01423910,1149.83,A
2024-03-27,01423910,1149.91,A
2024-03-28,01423910,1150.01,A
2024-03-29,01423910,1150.02,A
2024-03-30,01423910,1149.95,A
2024-03-31,01423910,1149.84,A
2024-04-01,01423910,1149.69,A
2024-04-02,01423910,1149.54,A
2024-04-03,01423910,1149.54,A
2024-04-04,01423910,1149.85,A
2024-04-05,01423910,1150.07,A
2024-04-06,01423910,1150.15,A
2024-04-07,01423910,1150.18,A
2024-04-08,01423910,1150.16,A
2024-04-09,01423910,1150.09,A
2024-04-10,01423910,1150.02,A
2024-04-11,01423910,1150.06,A
2024-04-12,01423910,1150.36,A
2024-04-13,01423910,1151.03,A
2024-04-14,01423910,1151.24,A
2024-04-15,01423910,1151.19,A
2024-04-16,01423910,1150.98,A
2024-04-17,01423910,1150.98,A
2024-04-18,01423910,1151.17,A
2024-04-19,01423910,1151.26,A
2024-04-20,01423910,1150.97,A
2024-04-21,01423910,1150.52,A
2024-04-22,01423910,1150.18,A
2024-04-23,01423910,1149.9,A
2024-04-24,01423910,1149.65,A
2024-04-25,01423910,1149.52,A
2024-04-26,01423910,1149.46,A
2024-04-27,01423910,1149.36,A
2024-04-28,01423910,1149.26,A
2024-04-29,01423910,1149.13,A
2024-04-30,01423910,1148.89,A
2024-05-01,01423910,1148.74,A
2024-05-02,01423910,1148.64,A
2024-05-03,01423910,1148.55,A
2024-05-04,01423910,1148.49,A
2024-05-05,01423910,1148.46,A
2024-05-06,01423910,1148.46,A
2024-05-07,01423910,1148.44,P
2024-05-08,01423910,1148.4,P
2024-05-09,01423910,1148.35,P
2024-05-10,01423910,1148.34,P
2024-05-11,01423910,1148.35,P
2024-05-12,01423910,1148.33,P
2024-05-13,01423910,1148.28,P
2024-05-14,01423910,1148.11,P
2024-05-15,01423910,1148.01,P
2024-05-16,01423910,1147.98,P
2024-05-17,01423910,1147.91,P
2024-05-18,01423910,1147.83,P
2024-05-19,01423910,1147.75,P
2024-05-20,01423910,1147.64,P
2024-05-21,01423910,1147.5,P
2024-05-22,01423910,1147.33,P
2024-05-23,01423910,1147.15,P
2024-05-24,01423910,1146.96,P
2024-05-25,01423910,1146.75,P
2024-05-26,01423910,1146.54,P
2024-05-27,01423910,1146.36,P
2024-05-28,01423910,1146.36,P
2024-05-29,01423910,1146.3,P
2024-05-30,01423910,1146.15,P
2024-05-31,01423910,1145.94,P
2024-06-01,01423910,1145.66,P
2024-06-02,01423910,1145.37,P
2024-06-03,01423910,1145.08,P
2024-06-04,01423910,1144.84,P
2024-06-05,01423910,1144.59,P
2024-06-06,01423910,1144.33,P
2024-06-07,01423910,1144.08,P
2024-06-08,01423910,1143.83,P
2024-06-09,01423910,1143.6,P
2024-06-10,01423910,1143.39,P
2024-06-11,01423910,1143.15,P
2024-06-12,01423910,1142.9,P
2024-06-13,01423910,1142.63,P
2024-06-14,01423910,1142.35,P
2024-06-15,01423910,1142.09,P
2024-06-16,01423910,1141.92,P
2024-06-17,01423910,1141.76,P
2024-06-18,01423910,1141.52,P
2024-06-19,01423910,1141.17,P
2024-06-20,01423910,1140.81,P
2024-06-21,01423910,1140.46,P
2024-06-22,01423910,1140.14,P
2024-06-23,01423910,1140.05,P
2024-06-24,01423910,1139.92,P
2024-06-25,01423910,1139.77,P
2024-06-26,01423910,1139.62,P
2024-06-27,01423910,1139.49,P
2024-06-28,01423910,1139.29,P
2024-06-29,01423910,1138.96,P
2024-06-30,01423910,1138.65,P
2024-07-01,01423910,1138.28,P
2024-07-02,01423910,1137.91,P
2024-07-03,01423910,1137.52,P
2024-07-04,01423910,1137.14,P
2024-07-05,01423910,1136.84,P
2024-07-06,01423910,1136.54,P
2024-07-07,01423910,1136.17,P
2024-07-08,01423910,1135.73,P
2024-07-09,01423910,1135.27,P
2024-07-10,01423910,1134.86,P
2024-07-11,01423910,1134.46,P
2024-07-12,01423910,1134.07,P
2024-07-13,01423910,1133.68,P
2024-07-14,01423910,1133.18,P
2024-07-15,01423910,1132.69,P
2024-07-16,01423910,1132.17,P
2024-07-17,01423910,1131.76,P
2024-07-18,01423910,1131.47,P
2024-07-19,01423910,1131.1,P
2024-07-20,01423910,1130.69,P
2024-07-21,01423910,1130.28,P
2024-07-22,01423910,1129.85,P
2024-07-23,01423910,1129.68,P
2024-07-24,01423910,1129.5,P
2024-07-25,01423910,1129.75,P
2024-07-26,01423910,1129.71,P
2024-07-27,01423910,1129.47,P
2024-07-28,01423910,1129.17,P
2024-07-29,01423910,1128.84,P
2024-07-30,01423910,1128.48,P
2024-07-31,01423910,1128.13,P
2024-08-01,01423910,1127.78,P
2024-08-02,01423910,1127.34,P
2024-08-03,01423910,1126.97,P
2024-08-04,01423910,1126.63,P
2024-08-05,01423910,1126.34,P
2024-08-06,01423910,1126.07,P
2024-08-07,01423910,1126.0,P
2024-08-08,01423910,1126.44,P
2024-08-09,01423910,1127.7,P
2024-08-10,01423910,1132.06,P
2024-08-11,01423910,1134.38,P
2024-08-12,01423910,1135.36,P
2024-08-13,01423910,1135.96,P
2024-08-14,01423910,1136.34,P
2024-08-15,01423910,1136.61,P
2024-08-16,01423910,1136.77,P
2024-08-17,01423910,1136.86,P
2024-08-18,01423910,1136.9,P
2024-08-19,01423910,1136.96,P
2024-08-20,01423910,1136.96,P
2024-08-21,01423910,1136.93,P
2024-08-22,01423910,1136.91,P
2024-08-23,01423910,1136.85,P
2024-08-24,01423910,1136.77,P
2024-08-25,01423910,1136.68,P
2024-08-26,01423910,1136.57,P
2024-08-27,01423910,1136.44,P
2024-08-28,01423910,1136.31,P
2024-08-29,01423910,1136.15,P
2024-08-30,01423910,1135.88,P
2024-08-31,01423910,1135.6,P
2024-09-01,01423910,1135.33,P
2024-09-02,01423910,1135.04,P
2024-09-03,01423910,1134.72,P
2024-09-04,01423910,1134.29,P
2024-09-05,01423910,1133.83,P
2024-09-06,01423910,1133.37,P
2024-09-07,01423910,1132.94,P
2024-09-08,01423910,1132.52,P
2024-09-09,01423910,1132.07,P
2024-09-10,01423910,1131.68,P
2024-09-11,01423910,1131.43,P
2024-09-12,01423910,1131.2,P
2024-09-13,01423910,1130.96,P
2024-09-14,01423910,1130.71,P
2024-09-15,01423910,1130.45,P
2024-09-16,01423910,1130.2,P
2024-09-17,01423910,1129.93,P
2024-09-18,01423910,1129.67,P
2024-09-19,01423910,1129.41,P
2024-09-20,01423910,1129.14,P
2024-09-21,01423910,1128.87,P
2024-09-22,01423910,1128.6,P
2024-09-23,01423910,1128.32,P
2024-09-24,01423910,1128.06,P
2024-09-25,01423910,1127.78,P
2024-09-26,01423910,1127.54,P
2024-09-27,01423910,1127.29,P
2024-09-28,01423910,1127.04,P
2024-09-29,01423910,1126.79,P
2024-09-30,01423910,1126.54,P
2024-10-01,01423910,1126.28,P
2024-10-02,01423910,1126.01,P
2024-10-03,01423910,1125.74,P
2024-10-04,01423910,1125.47,P
2024-10-05,01423910,1125.19,P
2024-10-06,01423910,1124.9,P
2024-10-07,01423910,1124.62,P
2024-10-08,01423910,1124.32,P
2024-10-09,01423910,1124.02,P
2024-10-10,01423910,1123.73,P
2024-10-11,01423910,1123.43,P
2024-10-12,01423910,1123.14,P
2024-10-13,01423910,1122.87,P
2024-10-14,01423910,1122.66,P
2024-10-15,01423910,1122.42,P
2024-10-16,01423910,1122.17,P
2024-10-17,01423910,1121.91,P
2024-10-18,01423910,1121.64,P
2024-10-19,01423910,1121.35,P
2024-10-20,01423910,1121.03,P
2024-10-21,01423910,1120.7,P
2024-10-22,01423910,1120.34,P
2024-10-23,01423910,1119.96,P
2024-10-24,01423910,1119.58,P
2024-10-25,01423910,1119.21,P
2024-10-26,01423910,1118.84,P
2024-10-27,01423910,1118.45,P
2024-10-28,01423910,1118.03,P
2024-10-29,01423910,1117.6,P
2024-10-30,01423910,1117.19,P
2024-10-31,01423910,1116.77,P
2024-11-01,01423910,1116.35,P
2024-11-02,01423910,1115.91,P
2024-11-03,01423910,1115.49,P
2024-11-04,01423910,1115.03,P
2024-11-05,01423910,1114.52,P
2024-11-06,01423910,1113.99,P
2024-11-07,01423910,1113.41,P
2024-11-08,01423910,1112.76,P
2024-11-09,01423910,1112.11,P
2024-11-10,01423910,1111.51,P
2024-11-11,01423910,1110.99,P
2024-11-12,01423910,1110.46,P
2024-11-13,01423910,1109.87,P
2024-11-14,01423910,1109.18,P
2024-11-15,01423910,1108.39,P
2024-11-16,01423910,1107.58,P
2024-11-17,01423910,1106.76,P
2024-11-18,01423910,1105.91,P
2024-11-19,01423910,1105.17,P
2024-11-20,01423910,1104.78,P
2024-11-21,01423910,1104.32,P
2024-11-22,01423910,1103.99,P
2024-11-23,01423910,1103.67,P
2024-11-24,01423910,1103.35,P
2024-11-25,01423910,1103.11,P
2024-11-26,01423910,1103.19,P
2024-11-27,01423910,1103.66,P
2024-11-28,01423910,1104.06,P
2024-11-29,01423910,1104.41,P
2024-11-30,01423910,1104.65,P
2024-12-01,01423910,1104.8,P
2024-12-02,01423910,1104.92,P
2024-12-03,01423910,1105.15,P
2024-12-04,01423910,1105.37,P
2024-12-05,01423910,1105.57,P
2024-12-06,01423910,1105.78,P
2024-12-07,01423910,1105.97,P
2024-12-08,01423910,1106.16,P
2024-12-09,01423910,1106.37,P
2024-12-10,01423910,1106.89,P
2024-12-11,01423910,1108.44,P
2024-12-12,01423910,1113.57,P
2024-12-13,01423910,1117.04,P
2024-12-14,01423910,1118.66,P
2024-12-15,01423910,1119.74,P
2024-12-16,01423910,1120.62,P
2024-12-17,01423910,1121.47,P
2024-12-18,01423910,1122.22,P
2024-12-19,01423910,1122.83,P
2024-12-20,01423910,1123.33,P
2024-12-21,01423910,1123.76,P
2024-12-22,01423910,1124.07,P
2024-12-23,01423910,1124.23,P
2024-12-24,01423910,1124.44,P
2024-12-25,01423910,1124.69,P
2024-12-26,01423910,1124.85,P
2024-12-27,01423910,1124.95,P
2024-12-28,01423910,1125.09,P
2024-12-29,01423910,1125.3,P
2024-12-30,01423910,1125.87,P
2024-12-31,01423910,1126.53,P
